respMat_ 1,respMat_ 2,respMat_ 3,respMat_ 4,respMat_ 5,respMat_ 6,respMat_ 7,respMat_ 8,respMat_ 9,respMat_10,respMat_11,respMat_12
9,1,1,1043-sin-4Hz.avi,oneeighty,sin-oneeighty-4Hz-dar20.wav,Theta,180,dar,1,2,9.88964891433716
9,1,2,1051-sin-4Hz.avi,oneeighty,sin-oneeighty-4Hz-acoustic23.wav,Theta,180,acoustic,1,1,3.47916889190674
9,1,3,1034-sin-4Hz.avi,zero,sin-zero-4Hz-orch3.wav,Theta,0,orch,2,2,5.60319805145264
9,1,4,1044-sin-4Hz.avi,zero,sin-zero-4Hz-orch20.wav,Theta,0,orch,2,2,2.06777501106262
9,1,5,1026-sin-4Hz.avi,oneeighty,sin-oneeighty-4Hz-orch23.wav,Theta,180,orch,1,2,2.55644989013672
9,1,6,1018-sin-4Hz.avi,oneeighty,sin-oneeighty-4Hz-orch4.wav,Theta,180,orch,1,2,1.79429793357849
9,1,7,1024-sin-4Hz.avi,zero,sin-zero-4Hz-choir7.wav,Theta,0,choir,2,1,3.93699097633362
9,1,8,1025-sin-4Hz.avi,zero,sin-zero-4Hz-acoustic7.wav,Theta,0,acoustic,2,1,1.74536514282227
9,1,9,1033-sin-4Hz.avi,zero,sin-zero-4Hz-orch15.wav,Theta,0,orch,2,2,1.63306307792664
9,1,10,1027-sin-4Hz.avi,zero,sin-zero-4Hz-orch5.wav,Theta,0,orch,2,2,3.31796312332153
9,1,11,1037-sin-4Hz.avi,oneeighty,sin-oneeighty-4Hz-dar17.wav,Theta,180,dar,1,1,0.590363025665283
9,1,12,1048-sin-4Hz.avi,oneeighty,sin-oneeighty-4Hz-orch24.wav,Theta,180,orch,1,2,2.06764006614685
9,1,13,1004-sin-4Hz.avi,zero,sin-zero-4Hz-choir23.wav,Theta,0,choir,2,2,0.272547960281372
9,1,14,1010-sin-4Hz.avi,oneeighty,sin-oneeighty-4Hz-acoustic14.wav,Theta,180,acoustic,1,2,2.44705986976624
9,1,15,1030-sin-4Hz.avi,zero,sin-zero-4Hz-dar10.wav,Theta,0,dar,2,1,0.970129013061523
9,1,16,1012-sin-4Hz.avi,oneeighty,sin-oneeighty-4Hz-choir21.wav,Theta,180,choir,1,1,0.888232946395874
