respMat_ 1,respMat_ 2,respMat_ 3,respMat_ 4,respMat_ 5,respMat_ 6,respMat_ 7,respMat_ 8,respMat_ 9,respMat_10,respMat_11,respMat_12
12,1,1,1034-sin-4Hz.avi,oneeighty,sin-oneeighty-4Hz-choir7.wav,Theta,180,choir,1,1,7.01670789718628
12,1,2,1025-sin-4Hz.avi,oneeighty,sin-oneeighty-4Hz-orch5.wav,Theta,180,orch,1,2,1.74827098846436
12,1,3,1033-sin-4Hz.avi,oneeighty,sin-oneeighty-4Hz-dar22.wav,Theta,180,dar,1,1,0.452054023742676
12,1,4,1018-sin-4Hz.avi,zero,sin-zero-4Hz-orch23.wav,Theta,0,orch,2,2,0.635836124420166
12,1,5,1030-sin-4Hz.avi,oneeighty,sin-oneeighty-4Hz-orch3.wav,Theta,180,orch,1,2,0.774857997894287
12,1,6,1016-sin-4Hz.avi,zero,sin-zero-4Hz-acoustic25.wav,Theta,0,acoustic,2,2,0.303177118301392
12,1,7,1003-sin-4Hz.avi,zero,sin-zero-4Hz-acoustic14.wav,Theta,0,acoustic,2,2,0.577248811721802
12,1,8,1002-sin-4Hz.avi,zero,sin-zero-4Hz-choir2.wav,Theta,0,choir,2,1,0.47095799446106
12,1,9,1061-sin-4Hz.avi,oneeighty,sin-oneeighty-4Hz-acoustic11.wav,Theta,180,acoustic,1,2,0.68123197555542
12,1,10,1051-sin-4Hz.avi,zero,sin-zero-4Hz-acoustic34.wav,Theta,0,acoustic,2,2,0.371124029159546
12,1,11,1043-sin-4Hz.avi,zero,sin-zero-4Hz-orch4.wav,Theta,0,orch,2,2,0.393641948699951
12,1,12,1026-sin-4Hz.avi,zero,sin-zero-4Hz-dar13.wav,Theta,0,dar,2,1,0.414531946182251
12,1,13,1022-sin-4Hz.avi,oneeighty,sin-oneeighty-4Hz-acoustic32.wav,Theta,180,acoustic,1,1,0.29703688621521
12,1,14,1013-sin-4Hz.avi,oneeighty,sin-oneeighty-4Hz-orch15.wav,Theta,180,orch,1,2,0.348373174667358
12,1,15,1037-sin-4Hz.avi,zero,sin-zero-4Hz-dar20.wav,Theta,0,dar,2,1,0.256801843643188
12,1,16,1049-sin-4Hz.avi,oneeighty,sin-oneeighty-4Hz-choir23.wav,Theta,180,choir,1,2,0.362993001937866
