respMat_ 1,respMat_ 2,respMat_ 3,respMat_ 4,respMat_ 5,respMat_ 6,respMat_ 7,respMat_ 8,respMat_ 9,respMat_10,respMat_11,respMat_12
18,1,1,1044-sin-4Hz.avi,oneeighty,sin-oneeighty-4Hz-orch20.wav,Theta,180,orch,1,2,15.7359430789948
18,1,2,1034-sin-4Hz.avi,oneeighty,sin-oneeighty-4Hz-dar11.wav,Theta,180,dar,1,2,1.32351517677307
18,1,3,1033-sin-4Hz.avi,oneeighty,sin-oneeighty-4Hz-dar22.wav,Theta,180,dar,1,2,3.5275239944458
18,1,4,1026-sin-4Hz.avi,zero,sin-zero-4Hz-acoustic23.wav,Theta,0,acoustic,2,2,8.34875798225403
18,1,5,1015-sin-4Hz.avi,zero,sin-zero-4Hz-orch23.wav,Theta,0,orch,2,2,3.36869406700134
18,1,6,1002-sin-4Hz.avi,zero,sin-zero-4Hz-choir21.wav,Theta,0,choir,2,2,1.87742710113525
18,1,7,1061-sin-4Hz.avi,oneeighty,sin-oneeighty-4Hz-acoustic7.wav,Theta,180,acoustic,1,1,0.801905155181885
18,1,8,1016-sin-4Hz.avi,zero,sin-zero-4Hz-choir6.wav,Theta,0,choir,2,1,6.92162203788757
18,1,9,1027-sin-4Hz.avi,oneeighty,sin-oneeighty-4Hz-orch3.wav,Theta,180,orch,1,1,1.99614286422729
18,1,10,1051-sin-4Hz.avi,zero,sin-zero-4Hz-acoustic14.wav,Theta,0,acoustic,2,1,3.11262488365173
18,1,11,1013-sin-4Hz.avi,oneeighty,sin-oneeighty-4Hz-acoustic32.wav,Theta,180,acoustic,1,2,1.48071002960205
18,1,12,1006-sin-4Hz.avi,zero,sin-zero-4Hz-orch24.wav,Theta,0,orch,2,1,4.71551609039307
18,1,13,1037-sin-4Hz.avi,zero,sin-zero-4Hz-dar13.wav,Theta,0,dar,2,2,1.55938601493835
18,1,14,1014-sin-4Hz.avi,zero,sin-zero-4Hz-dar12.wav,Theta,0,dar,2,2,1.52511405944824
18,1,15,1030-sin-4Hz.avi,oneeighty,sin-oneeighty-4Hz-orch15.wav,Theta,180,orch,1,2,1.69615697860718
18,1,16,1053-sin-4Hz.avi,oneeighty,sin-oneeighty-4Hz-choir7.wav,Theta,180,choir,1,1,2.80871200561523
