respMat_ 1,respMat_ 2,respMat_ 3,respMat_ 4,respMat_ 5,respMat_ 6,respMat_ 7,respMat_ 8,respMat_ 9,respMat_10,respMat_11,respMat_12
20,1,1,1017-sin-4Hz.avi,zero,sin-zero-4Hz-dar17.wav,Theta,0,dar,2,2,3.54901599884033
20,1,2,1014-sin-4Hz.avi,zero,sin-zero-4Hz-choir18.wav,Theta,0,choir,2,2,2.49493002891541
20,1,3,1023-sin-4Hz.avi,oneeighty,sin-oneeighty-4Hz-orch5.wav,Theta,180,orch,1,2,0.569951057434082
20,1,4,1006-sin-4Hz.avi,zero,sin-zero-4Hz-choir2.wav,Theta,0,choir,2,1,0.66624903678894
20,1,5,1049-sin-4Hz.avi,oneeighty,sin-oneeighty-4Hz-choir23.wav,Theta,180,choir,1,2,2.58376812934875
20,1,6,1061-sin-4Hz.avi,oneeighty,sin-oneeighty-4Hz-choir7.wav,Theta,180,choir,1,1,0.469552993774414
20,1,7,1033-sin-4Hz.avi,oneeighty,sin-oneeighty-4Hz-dar11.wav,Theta,180,dar,1,2,1.99195504188538
20,1,8,1013-sin-4Hz.avi,oneeighty,sin-oneeighty-4Hz-acoustic1.wav,Theta,180,acoustic,1,1,1.93041896820068
20,1,9,1024-sin-4Hz.avi,oneeighty,sin-oneeighty-4Hz-dar2.wav,Theta,180,dar,1,1,0.355111122131348
20,1,10,1002-sin-4Hz.avi,zero,sin-zero-4Hz-orch23.wav,Theta,0,orch,2,2,0.378811120986938
20,1,11,1026-sin-4Hz.avi,zero,sin-zero-4Hz-dar12.wav,Theta,0,dar,2,2,2.98405599594116
20,1,12,1066-sin-4Hz.avi,oneeighty,sin-oneeighty-4Hz-acoustic32.wav,Theta,180,acoustic,1,1,0.957706928253174
20,1,13,1037-sin-4Hz.avi,zero,sin-zero-4Hz-dar13.wav,Theta,0,dar,2,1,1.92342495918274
20,1,14,1051-sin-4Hz.avi,zero,sin-zero-4Hz-orch4.wav,Theta,0,orch,2,2,0.967178106307983
20,1,15,1004-sin-4Hz.avi,oneeighty,sin-oneeighty-4Hz-choir15.wav,Theta,180,choir,1,1,0.590434074401855
20,1,16,1015-sin-4Hz.avi,zero,sin-zero-4Hz-orch24.wav,Theta,0,orch,2,1,0.556064128875732
