respMat_ 1,respMat_ 2,respMat_ 3,respMat_ 4,respMat_ 5,respMat_ 6,respMat_ 7,respMat_ 8,respMat_ 9,respMat_10,respMat_11,respMat_12
7,1,1,1049-sin-4Hz.avi,zero,sin-zero-4Hz-orch3.wav,Theta,0,orch,2,1,7.79623198509216
7,1,2,1010-sin-4Hz.avi,oneeighty,sin-oneeighty-4Hz-acoustic34.wav,Theta,180,acoustic,1,1,6.10971307754517
7,1,3,1003-sin-4Hz.avi,oneeighty,sin-oneeighty-4Hz-choir21.wav,Theta,180,choir,1,2,2.07030487060547
7,1,4,1004-sin-4Hz.avi,zero,sin-zero-4Hz-dar2.wav,Theta,0,dar,2,2,0.494832992553711
7,1,5,1006-sin-4Hz.avi,oneeighty,sin-oneeighty-4Hz-acoustic23.wav,Theta,180,acoustic,1,2,1.16380095481873
7,1,6,1030-sin-4Hz.avi,zero,sin-zero-4Hz-acoustic11.wav,Theta,0,acoustic,2,2,1.48080801963806
7,1,7,1066-sin-4Hz.avi,zero,sin-zero-4Hz-dar22.wav,Theta,0,dar,2,1,1.25037288665771
7,1,8,1025-sin-4Hz.avi,zero,sin-zero-4Hz-choir14.wav,Theta,0,choir,2,2,5.35480904579163
7,1,9,1022-sin-4Hz.avi,zero,sin-zero-4Hz-acoustic7.wav,Theta,0,acoustic,2,1,1.18218994140625
7,1,10,1052-sin-4Hz.avi,zero,sin-zero-4Hz-orch5.wav,Theta,0,orch,2,2,0.417087078094482
7,1,11,1037-sin-4Hz.avi,oneeighty,sin-oneeighty-4Hz-orch23.wav,Theta,180,orch,1,2,0.840379953384399
7,1,12,1043-sin-4Hz.avi,oneeighty,sin-oneeighty-4Hz-acoustic14.wav,Theta,180,acoustic,1,1,0.721810817718506
7,1,13,1015-sin-4Hz.avi,oneeighty,sin-oneeighty-4Hz-acoustic25.wav,Theta,180,acoustic,1,1,1.20862102508545
7,1,14,1051-sin-4Hz.avi,oneeighty,sin-oneeighty-4Hz-dar13.wav,Theta,180,dar,1,1,2.91199207305908
7,1,15,1012-sin-4Hz.avi,oneeighty,sin-oneeighty-4Hz-choir18.wav,Theta,180,choir,1,2,0.434468030929565
7,1,16,1053-sin-4Hz.avi,zero,sin-zero-4Hz-choir15.wav,Theta,0,choir,2,1,1.77003312110901
