respMat_ 1,respMat_ 2,respMat_ 3,respMat_ 4,respMat_ 5,respMat_ 6,respMat_ 7,respMat_ 8,respMat_ 9,respMat_10,respMat_11,respMat_12
17,1,1,1010-sin-4Hz.avi,oneeighty,sin-oneeighty-4Hz-choir2.wav,Theta,180,choir,1,1,5.25844407081604
17,1,2,1024-sin-4Hz.avi,zero,sin-zero-4Hz-choir14.wav,Theta,0,choir,2,2,1.21047401428223
17,1,3,1033-sin-4Hz.avi,zero,sin-zero-4Hz-choir15.wav,Theta,0,choir,2,2,2.17222809791565
17,1,4,1025-sin-4Hz.avi,zero,sin-zero-4Hz-orch3.wav,Theta,0,orch,2,1,2.28798699378967
17,1,5,1017-sin-4Hz.avi,oneeighty,sin-oneeighty-4Hz-dar13.wav,Theta,180,dar,1,1,1.79483008384705
17,1,6,1023-sin-4Hz.avi,zero,sin-zero-4Hz-dar11.wav,Theta,0,dar,2,2,0.708448886871338
17,1,7,1066-sin-4Hz.avi,zero,sin-zero-4Hz-orch15.wav,Theta,0,orch,2,1,1.0574779510498
17,1,8,1052-sin-4Hz.avi,zero,sin-zero-4Hz-orch20.wav,Theta,0,orch,2,1,0.575643062591553
17,1,9,1051-sin-4Hz.avi,oneeighty,sin-oneeighty-4Hz-orch24.wav,Theta,180,orch,1,1,1.30864882469177
17,1,10,1006-sin-4Hz.avi,oneeighty,sin-oneeighty-4Hz-dar20.wav,Theta,180,dar,1,1,0.820034980773926
17,1,11,1027-sin-4Hz.avi,zero,sin-zero-4Hz-choir7.wav,Theta,0,choir,2,2,1.08766293525696
17,1,12,1026-sin-4Hz.avi,oneeighty,sin-oneeighty-4Hz-dar17.wav,Theta,180,dar,1,2,3.7493360042572
17,1,13,1014-sin-4Hz.avi,oneeighty,sin-oneeighty-4Hz-acoustic34.wav,Theta,180,acoustic,1,2,0.514564990997314
17,1,14,1002-sin-4Hz.avi,oneeighty,sin-oneeighty-4Hz-choir6.wav,Theta,180,choir,1,2,0.694708108901978
17,1,15,1012-sin-4Hz.avi,oneeighty,sin-oneeighty-4Hz-choir18.wav,Theta,180,choir,1,1,0.428333044052124
17,1,16,1049-sin-4Hz.avi,zero,sin-zero-4Hz-dar2.wav,Theta,0,dar,2,2,0.965361833572388
