respMat_ 1,respMat_ 2,respMat_ 3,respMat_ 4,respMat_ 5,respMat_ 6,respMat_ 7,respMat_ 8,respMat_ 9,respMat_10,respMat_11,respMat_12
10,1,1,1016-sin-4Hz.avi,zero,sin-zero-4Hz-dar17.wav,Theta,0,dar,2,2,2.14364504814148
10,1,2,1010-sin-4Hz.avi,zero,sin-zero-4Hz-choir21.wav,Theta,0,choir,2,1,1.23127198219299
10,1,3,1026-sin-4Hz.avi,zero,sin-zero-4Hz-dar20.wav,Theta,0,dar,2,2,0.87377405166626
10,1,4,1024-sin-4Hz.avi,oneeighty,sin-oneeighty-4Hz-dar22.wav,Theta,180,dar,1,2,0.839193105697632
10,1,5,1013-sin-4Hz.avi,oneeighty,sin-oneeighty-4Hz-orch20.wav,Theta,180,orch,1,2,0.513498067855835
10,1,6,1018-sin-4Hz.avi,zero,sin-zero-4Hz-orch22.wav,Theta,0,orch,2,1,1.50497794151306
10,1,7,1053-sin-4Hz.avi,oneeighty,sin-oneeighty-4Hz-orch5.wav,Theta,180,orch,1,2,0.498205900192261
10,1,8,1030-sin-4Hz.avi,oneeighty,sin-oneeighty-4Hz-choir7.wav,Theta,180,choir,1,1,4.89252209663391
10,1,9,1027-sin-4Hz.avi,oneeighty,sin-oneeighty-4Hz-dar11.wav,Theta,180,dar,1,1,3.50991296768188
10,1,10,1017-sin-4Hz.avi,zero,sin-zero-4Hz-acoustic25.wav,Theta,0,acoustic,2,1,0.854795932769775
10,1,11,1023-sin-4Hz.avi,oneeighty,sin-oneeighty-4Hz-dar2.wav,Theta,180,dar,1,2,0.788879156112671
10,1,12,1002-sin-4Hz.avi,zero,sin-zero-4Hz-orch4.wav,Theta,0,orch,2,1,0.139348030090332
10,1,13,1049-sin-4Hz.avi,oneeighty,sin-oneeighty-4Hz-acoustic7.wav,Theta,180,acoustic,1,1,0.306723117828369
10,1,14,1051-sin-4Hz.avi,zero,sin-zero-4Hz-choir6.wav,Theta,0,choir,2,1,0.666370868682861
10,1,15,1033-sin-4Hz.avi,oneeighty,sin-oneeighty-4Hz-orch3.wav,Theta,180,orch,1,2,0.349878072738647
10,1,16,1006-sin-4Hz.avi,zero,sin-zero-4Hz-choir18.wav,Theta,0,choir,2,2,0.726396083831787
