respMat_ 1,respMat_ 2,respMat_ 3,respMat_ 4,respMat_ 5,respMat_ 6,respMat_ 7,respMat_ 8,respMat_ 9,respMat_10,respMat_11,respMat_12
14,1,1,1002-sin-4Hz.avi,zero,sin-zero-4Hz-acoustic34.wav,Theta,0,acoustic,2,2,3.61683106422424
14,1,2,1022-sin-4Hz.avi,oneeighty,sin-oneeighty-4Hz-orch20.wav,Theta,180,orch,1,1,7.56469893455505
14,1,3,1051-sin-4Hz.avi,zero,sin-zero-4Hz-orch4.wav,Theta,0,orch,2,1,2.07820081710815
14,1,4,1066-sin-4Hz.avi,oneeighty,sin-oneeighty-4Hz-dar10.wav,Theta,180,dar,1,2,5.07682180404663
14,1,5,1053-sin-4Hz.avi,oneeighty,sin-oneeighty-4Hz-choir14.wav,Theta,180,choir,1,1,3.24573588371277
14,1,6,1014-sin-4Hz.avi,zero,sin-zero-4Hz-dar13.wav,Theta,0,dar,2,1,4.35117292404175
14,1,7,1037-sin-4Hz.avi,zero,sin-zero-4Hz-dar12.wav,Theta,0,dar,2,2,3.46454286575317
14,1,8,1052-sin-4Hz.avi,oneeighty,sin-oneeighty-4Hz-orch5.wav,Theta,180,orch,1,2,1.00990986824036
14,1,9,1043-sin-4Hz.avi,zero,sin-zero-4Hz-acoustic23.wav,Theta,0,acoustic,2,2,9.07170391082764
14,1,10,1017-sin-4Hz.avi,zero,sin-zero-4Hz-choir6.wav,Theta,0,choir,2,1,1.34631991386414
14,1,11,1044-sin-4Hz.avi,oneeighty,sin-oneeighty-4Hz-choir15.wav,Theta,180,choir,1,1,0.932488918304443
14,1,12,1012-sin-4Hz.avi,zero,sin-zero-4Hz-orch23.wav,Theta,0,orch,2,1,5.65838408470154
14,1,13,1024-sin-4Hz.avi,oneeighty,sin-oneeighty-4Hz-choir7.wav,Theta,180,choir,1,2,1.38142204284668
14,1,14,1010-sin-4Hz.avi,zero,sin-zero-4Hz-orch22.wav,Theta,0,orch,2,1,2.08238506317139
14,1,15,1004-sin-4Hz.avi,oneeighty,sin-oneeighty-4Hz-dar22.wav,Theta,180,dar,1,2,1.33631610870361
14,1,16,1049-sin-4Hz.avi,oneeighty,sin-oneeighty-4Hz-dar2.wav,Theta,180,dar,1,2,4.58215618133545
