respMat_ 1,respMat_ 2,respMat_ 3,respMat_ 4,respMat_ 5,respMat_ 6,respMat_ 7,respMat_ 8,respMat_ 9,respMat_10,respMat_11,respMat_12
6,1,1,1017-sin-4Hz.avi,zero,sin-zero-4Hz-dar20.wav,Theta,0,dar,2,2,14.2246770858765
6,1,2,1023-sin-4Hz.avi,oneeighty,sin-oneeighty-4Hz-orch5.wav,Theta,180,orch,1,2,7.44462895393372
6,1,3,1029-sin-4Hz.avi,zero,sin-zero-4Hz-acoustic14.wav,Theta,0,acoustic,2,2,8.99148011207581
6,1,4,1027-sin-4Hz.avi,oneeighty,sin-oneeighty-4Hz-acoustic32.wav,Theta,180,acoustic,1,1,5.13315200805664
6,1,5,1053-sin-4Hz.avi,oneeighty,sin-oneeighty-4Hz-choir23.wav,Theta,180,choir,1,1,4.00195789337158
6,1,6,1049-sin-4Hz.avi,oneeighty,sin-oneeighty-4Hz-dar10.wav,Theta,180,dar,1,1,4.80189490318298
6,1,7,1014-sin-4Hz.avi,zero,sin-zero-4Hz-orch23.wav,Theta,0,orch,2,1,3.21125888824463
6,1,8,1034-sin-4Hz.avi,oneeighty,sin-oneeighty-4Hz-acoustic7.wav,Theta,180,acoustic,1,2,3.57433915138245
6,1,9,1037-sin-4Hz.avi,zero,sin-zero-4Hz-acoustic23.wav,Theta,0,acoustic,2,2,3.77312088012695
6,1,10,1043-sin-4Hz.avi,zero,sin-zero-4Hz-dar12.wav,Theta,0,dar,2,2,5.07436990737915
6,1,11,1052-sin-4Hz.avi,oneeighty,sin-oneeighty-4Hz-acoustic1.wav,Theta,180,acoustic,1,2,14.5044050216675
6,1,12,1002-sin-4Hz.avi,zero,sin-zero-4Hz-choir2.wav,Theta,0,choir,2,2,4.47959995269775
6,1,13,1010-sin-4Hz.avi,zero,sin-zero-4Hz-choir6.wav,Theta,0,choir,2,1,4.79586601257324
6,1,14,1061-sin-4Hz.avi,oneeighty,sin-oneeighty-4Hz-choir7.wav,Theta,180,choir,1,2,4.59148406982422
6,1,15,1025-sin-4Hz.avi,oneeighty,sin-oneeighty-4Hz-orch20.wav,Theta,180,orch,1,1,3.25977993011475
6,1,16,1003-sin-4Hz.avi,zero,sin-zero-4Hz-dar17.wav,Theta,0,dar,2,2,5.12862396240234
