respMat_ 1,respMat_ 2,respMat_ 3,respMat_ 4,respMat_ 5,respMat_ 6,respMat_ 7,respMat_ 8,respMat_ 9,respMat_10,respMat_11,respMat_12
4,1,1,1043-sin-4Hz.avi,zero,sin-zero-4Hz-orch24.wav,Theta,0,orch,2,2,3.29240679740906
4,1,2,1066-sin-4Hz.avi,oneeighty,sin-oneeighty-4Hz-acoustic1.wav,Theta,180,acoustic,1,2,3.94332599639893
4,1,3,1022-sin-4Hz.avi,oneeighty,sin-oneeighty-4Hz-dar2.wav,Theta,180,dar,1,1,4.32594108581543
4,1,4,1049-sin-4Hz.avi,oneeighty,sin-oneeighty-4Hz-orch5.wav,Theta,180,orch,1,2,2.01583886146545
4,1,5,1027-sin-4Hz.avi,oneeighty,sin-oneeighty-4Hz-choir14.wav,Theta,180,choir,1,1,2.42511510848999
4,1,6,1034-sin-4Hz.avi,oneeighty,sin-oneeighty-4Hz-dar10.wav,Theta,180,dar,1,1,1.42422413825989
4,1,7,1053-sin-4Hz.avi,oneeighty,sin-oneeighty-4Hz-choir23.wav,Theta,180,choir,1,2,4.10090494155884
4,1,8,1003-sin-4Hz.avi,zero,sin-zero-4Hz-dar20.wav,Theta,0,dar,2,2,1.93162798881531
4,1,9,1018-sin-4Hz.avi,zero,sin-zero-4Hz-choir21.wav,Theta,0,choir,2,2,1.04894995689392
4,1,10,1037-sin-4Hz.avi,zero,sin-zero-4Hz-dar12.wav,Theta,0,dar,2,1,1.69123482704163
4,1,11,1061-sin-4Hz.avi,oneeighty,sin-oneeighty-4Hz-orch20.wav,Theta,180,orch,1,1,1.07223987579346
4,1,12,1017-sin-4Hz.avi,zero,sin-zero-4Hz-acoustic34.wav,Theta,0,acoustic,2,2,2.96986198425293
4,1,13,1010-sin-4Hz.avi,zero,sin-zero-4Hz-choir6.wav,Theta,0,choir,2,2,3.84688115119934
4,1,14,1014-sin-4Hz.avi,zero,sin-zero-4Hz-acoustic14.wav,Theta,0,acoustic,2,1,1.0394880771637
4,1,15,1026-sin-4Hz.avi,zero,sin-zero-4Hz-choir2.wav,Theta,0,choir,2,2,5.01922702789307
4,1,16,1030-sin-4Hz.avi,oneeighty,sin-oneeighty-4Hz-orch3.wav,Theta,180,orch,1,2,1.86718010902405
