respMat_ 1,respMat_ 2,respMat_ 3,respMat_ 4,respMat_ 5,respMat_ 6,respMat_ 7,respMat_ 8,respMat_ 9,respMat_10,respMat_11,respMat_12
11,1,1,1004-sin-4Hz.avi,zero,sin-zero-4Hz-dar10.wav,Theta,0,dar,2,2,9.63261294364929
11,1,2,1033-sin-4Hz.avi,zero,sin-zero-4Hz-acoustic7.wav,Theta,0,acoustic,2,2,2.83075618743896
11,1,3,1025-sin-4Hz.avi,zero,sin-zero-4Hz-choir14.wav,Theta,0,choir,2,2,1.76281404495239
11,1,4,1013-sin-4Hz.avi,zero,sin-zero-4Hz-orch20.wav,Theta,0,orch,2,2,1.9284930229187
11,1,5,1006-sin-4Hz.avi,oneeighty,sin-oneeighty-4Hz-acoustic34.wav,Theta,180,acoustic,1,2,0.598850965499878
11,1,6,1015-sin-4Hz.avi,oneeighty,sin-oneeighty-4Hz-dar17.wav,Theta,180,dar,1,1,0.58021092414856
11,1,7,1026-sin-4Hz.avi,oneeighty,sin-oneeighty-4Hz-dar20.wav,Theta,180,dar,1,1,1.2813458442688
11,1,8,1018-sin-4Hz.avi,oneeighty,sin-oneeighty-4Hz-choir18.wav,Theta,180,choir,1,2,1.05227398872375
11,1,9,1052-sin-4Hz.avi,zero,sin-zero-4Hz-choir7.wav,Theta,0,choir,2,2,0.865028142929077
11,1,10,1037-sin-4Hz.avi,oneeighty,sin-oneeighty-4Hz-orch4.wav,Theta,180,orch,1,2,0.864931106567383
11,1,11,1066-sin-4Hz.avi,zero,sin-zero-4Hz-dar11.wav,Theta,0,dar,2,2,0.653839111328125
11,1,12,1053-sin-4Hz.avi,zero,sin-zero-4Hz-choir23.wav,Theta,0,choir,2,1,0.378672122955322
11,1,13,1014-sin-4Hz.avi,oneeighty,sin-oneeighty-4Hz-acoustic23.wav,Theta,180,acoustic,1,2,0.346979856491089
11,1,14,1061-sin-4Hz.avi,zero,sin-zero-4Hz-dar22.wav,Theta,0,dar,2,2,0.641820907592773
11,1,15,1051-sin-4Hz.avi,oneeighty,sin-oneeighty-4Hz-dar12.wav,Theta,180,dar,1,1,0.376435041427612
11,1,16,1016-sin-4Hz.avi,oneeighty,sin-oneeighty-4Hz-acoustic25.wav,Theta,180,acoustic,1,2,0.45508885383606
