respMat_ 1,respMat_ 2,respMat_ 3,respMat_ 4,respMat_ 5,respMat_ 6,respMat_ 7,respMat_ 8,respMat_ 9,respMat_10,respMat_11,respMat_12
22,1,1,1051-sin-4Hz.avi,zero,sin-zero-4Hz-orch22.wav,Theta,0,orch,2,2,1.86030197143555
22,1,2,1014-sin-4Hz.avi,zero,sin-zero-4Hz-dar12.wav,Theta,0,dar,2,2,3.49855303764343
22,1,3,1029-sin-4Hz.avi,zero,sin-zero-4Hz-dar13.wav,Theta,0,dar,2,1,1.8628249168396
22,1,4,1026-sin-4Hz.avi,zero,sin-zero-4Hz-choir21.wav,Theta,0,choir,2,2,3.06885600090027
22,1,5,1010-sin-4Hz.avi,zero,sin-zero-4Hz-dar20.wav,Theta,0,dar,2,1,0.447695970535278
22,1,6,1023-sin-4Hz.avi,oneeighty,sin-oneeighty-4Hz-acoustic11.wav,Theta,180,acoustic,1,1,0.221305131912231
22,1,7,1012-sin-4Hz.avi,zero,sin-zero-4Hz-acoustic34.wav,Theta,0,acoustic,2,2,1.31979703903198
22,1,8,1016-sin-4Hz.avi,zero,sin-zero-4Hz-orch4.wav,Theta,0,orch,2,2,0.892230987548828
22,1,9,1025-sin-4Hz.avi,oneeighty,sin-oneeighty-4Hz-acoustic1.wav,Theta,180,acoustic,1,1,0.263018846511841
22,1,10,1044-sin-4Hz.avi,oneeighty,sin-oneeighty-4Hz-choir23.wav,Theta,180,choir,1,1,0.615439891815186
22,1,11,1024-sin-4Hz.avi,oneeighty,sin-oneeighty-4Hz-dar22.wav,Theta,180,dar,1,1,0.360785007476807
22,1,12,1053-sin-4Hz.avi,oneeighty,sin-oneeighty-4Hz-dar10.wav,Theta,180,dar,1,2,0.290916919708252
22,1,13,1022-sin-4Hz.avi,oneeighty,sin-oneeighty-4Hz-acoustic7.wav,Theta,180,acoustic,1,2,0.887438058853149
22,1,14,1015-sin-4Hz.avi,zero,sin-zero-4Hz-choir6.wav,Theta,0,choir,2,1,0.143079042434692
22,1,15,1013-sin-4Hz.avi,oneeighty,sin-oneeighty-4Hz-choir14.wav,Theta,180,choir,1,2,0.569784164428711
22,1,16,1061-sin-4Hz.avi,oneeighty,sin-oneeighty-4Hz-orch3.wav,Theta,180,orch,1,1,0.319427967071533
