respMat_ 1,respMat_ 2,respMat_ 3,respMat_ 4,respMat_ 5,respMat_ 6,respMat_ 7,respMat_ 8,respMat_ 9,respMat_10,respMat_11,respMat_12
13,1,1,1033-sin-4Hz.avi,zero,sin-zero-4Hz-orch15.wav,Theta,0,orch,2,2,3.22795104980469
13,1,2,1027-sin-4Hz.avi,zero,sin-zero-4Hz-choir7.wav,Theta,0,choir,2,1,1.01370692253113
13,1,3,1016-sin-4Hz.avi,oneeighty,sin-oneeighty-4Hz-dar17.wav,Theta,180,dar,1,2,1.51165294647217
13,1,4,1052-sin-4Hz.avi,zero,sin-zero-4Hz-acoustic1.wav,Theta,0,acoustic,2,2,1.05990791320801
13,1,5,1048-sin-4Hz.avi,oneeighty,sin-oneeighty-4Hz-orch24.wav,Theta,180,orch,1,2,0.910034894943237
13,1,6,1018-sin-4Hz.avi,oneeighty,sin-oneeighty-4Hz-choir21.wav,Theta,180,choir,1,1,0.64000415802002
13,1,7,1049-sin-4Hz.avi,zero,sin-zero-4Hz-orch3.wav,Theta,0,orch,2,2,1.80895709991455
13,1,8,1044-sin-4Hz.avi,zero,sin-zero-4Hz-choir15.wav,Theta,0,choir,2,1,1.55181813240051
13,1,9,1013-sin-4Hz.avi,zero,sin-zero-4Hz-acoustic11.wav,Theta,0,acoustic,2,1,0.980644941329956
13,1,10,1015-sin-4Hz.avi,oneeighty,sin-oneeighty-4Hz-orch23.wav,Theta,180,orch,1,1,0.673069000244141
13,1,11,1014-sin-4Hz.avi,oneeighty,sin-oneeighty-4Hz-choir2.wav,Theta,180,choir,1,2,0.712496995925903
13,1,12,1051-sin-4Hz.avi,oneeighty,sin-oneeighty-4Hz-acoustic23.wav,Theta,180,acoustic,1,1,0.971915006637573
13,1,13,1022-sin-4Hz.avi,zero,sin-zero-4Hz-dar2.wav,Theta,0,dar,2,2,0.604374885559082
13,1,14,1003-sin-4Hz.avi,oneeighty,sin-oneeighty-4Hz-dar13.wav,Theta,180,dar,1,2,0.854000091552734
13,1,15,1006-sin-4Hz.avi,oneeighty,sin-oneeighty-4Hz-choir6.wav,Theta,180,choir,1,2,0.710999965667725
13,1,16,1023-sin-4Hz.avi,zero,sin-zero-4Hz-orch5.wav,Theta,0,orch,2,2,0.599493026733398
