respMat_ 1,respMat_ 2,respMat_ 3,respMat_ 4,respMat_ 5,respMat_ 6,respMat_ 7,respMat_ 8,respMat_ 9,respMat_10,respMat_11,respMat_12
2,1,1,1002-sin-4Hz.avi,zero,sin-zero-4Hz-choir2.wav,Theta,0,choir,2,1,4.33559799194336
2,1,2,1025-sin-4Hz.avi,oneeighty,sin-oneeighty-4Hz-dar2.wav,Theta,180,dar,1,1,3.45624899864197
2,1,3,1022-sin-4Hz.avi,oneeighty,sin-oneeighty-4Hz-orch5.wav,Theta,180,orch,1,2,1.67091679573059
2,1,4,1030-sin-4Hz.avi,oneeighty,sin-oneeighty-4Hz-orch3.wav,Theta,180,orch,1,1,4.10840487480164
2,1,5,1017-sin-4Hz.avi,zero,sin-zero-4Hz-acoustic34.wav,Theta,0,acoustic,2,1,0.909284114837646
2,1,6,1003-sin-4Hz.avi,zero,sin-zero-4Hz-choir6.wav,Theta,0,choir,2,1,1.3624849319458
2,1,7,1066-sin-4Hz.avi,oneeighty,sin-oneeighty-4Hz-orch15.wav,Theta,180,orch,1,1,0.761221885681152
2,1,8,1048-sin-4Hz.avi,zero,sin-zero-4Hz-orch22.wav,Theta,0,orch,2,1,0.358585834503174
2,1,9,1014-sin-4Hz.avi,zero,sin-zero-4Hz-acoustic23.wav,Theta,0,acoustic,2,2,2.1325249671936
2,1,10,1012-sin-4Hz.avi,zero,sin-zero-4Hz-acoustic25.wav,Theta,0,acoustic,2,1,3.59240913391113
2,1,11,1034-sin-4Hz.avi,oneeighty,sin-oneeighty-4Hz-choir7.wav,Theta,180,choir,1,1,0.675441980361938
2,1,12,1052-sin-4Hz.avi,oneeighty,sin-oneeighty-4Hz-choir23.wav,Theta,180,choir,1,1,2.85968708992004
2,1,13,1010-sin-4Hz.avi,zero,sin-zero-4Hz-dar17.wav,Theta,0,dar,2,1,0.847628116607666
2,1,14,1013-sin-4Hz.avi,oneeighty,sin-oneeighty-4Hz-dar22.wav,Theta,180,dar,1,1,0.79270076751709
2,1,15,1027-sin-4Hz.avi,oneeighty,sin-oneeighty-4Hz-acoustic11.wav,Theta,180,acoustic,1,2,2.16980504989624
2,1,16,1018-sin-4Hz.avi,zero,sin-zero-4Hz-orch23.wav,Theta,0,orch,2,1,0.677747011184692
