respMat_ 1,respMat_ 2,respMat_ 3,respMat_ 4,respMat_ 5,respMat_ 6,respMat_ 7,respMat_ 8,respMat_ 9,respMat_10,respMat_11,respMat_12
15,1,1,1051-sin-4Hz.avi,oneeighty,sin-oneeighty-4Hz-orch23.wav,Theta,180,orch,1,2,8.75817108154297
15,1,2,1049-sin-4Hz.avi,zero,sin-zero-4Hz-dar22.wav,Theta,0,dar,2,1,2.99054598808289
15,1,3,1053-sin-4Hz.avi,zero,sin-zero-4Hz-orch20.wav,Theta,0,orch,2,1,1.47712206840515
15,1,4,1014-sin-4Hz.avi,oneeighty,sin-oneeighty-4Hz-orch24.wav,Theta,180,orch,1,2,1.50860404968262
15,1,5,1002-sin-4Hz.avi,oneeighty,sin-oneeighty-4Hz-acoustic34.wav,Theta,180,acoustic,1,2,3.12571001052856
15,1,6,1016-sin-4Hz.avi,oneeighty,sin-oneeighty-4Hz-dar20.wav,Theta,180,dar,1,1,2.5749249458313
15,1,7,1024-sin-4Hz.avi,zero,sin-zero-4Hz-acoustic1.wav,Theta,0,acoustic,2,1,1.78908705711365
15,1,8,1018-sin-4Hz.avi,oneeighty,sin-oneeighty-4Hz-choir21.wav,Theta,180,choir,1,2,1.80385613441467
15,1,9,1003-sin-4Hz.avi,oneeighty,sin-oneeighty-4Hz-dar17.wav,Theta,180,dar,1,2,1.60209178924561
15,1,10,1048-sin-4Hz.avi,oneeighty,sin-oneeighty-4Hz-orch4.wav,Theta,180,orch,1,1,1.58418011665344
15,1,11,1029-sin-4Hz.avi,oneeighty,sin-oneeighty-4Hz-orch22.wav,Theta,180,orch,1,2,2.2611939907074
15,1,12,1027-sin-4Hz.avi,zero,sin-zero-4Hz-choir7.wav,Theta,0,choir,2,2,2.63099384307861
15,1,13,1025-sin-4Hz.avi,zero,sin-zero-4Hz-choir15.wav,Theta,0,choir,2,2,2.92886900901794
15,1,14,1023-sin-4Hz.avi,zero,sin-zero-4Hz-orch3.wav,Theta,0,orch,2,1,2.20764303207397
15,1,15,1052-sin-4Hz.avi,zero,sin-zero-4Hz-orch15.wav,Theta,0,orch,2,1,0.66363000869751
15,1,16,1044-sin-4Hz.avi,zero,sin-zero-4Hz-choir14.wav,Theta,0,choir,2,2,3.33533000946045
