respMat_ 1,respMat_ 2,respMat_ 3,respMat_ 4,respMat_ 5,respMat_ 6,respMat_ 7,respMat_ 8,respMat_ 9,respMat_10,respMat_11,respMat_12
23,1,1,1053-sin-4Hz.avi,zero,sin-zero-4Hz-acoustic1.wav,Theta,0,acoustic,2,2,3.63087201118469
23,1,2,1012-sin-4Hz.avi,oneeighty,sin-oneeighty-4Hz-choir21.wav,Theta,180,choir,1,1,0.992281198501587
23,1,3,1048-sin-4Hz.avi,oneeighty,sin-oneeighty-4Hz-orch4.wav,Theta,180,orch,1,1,1.46883988380432
23,1,4,1018-sin-4Hz.avi,oneeighty,sin-oneeighty-4Hz-acoustic34.wav,Theta,180,acoustic,1,2,1.03710007667542
23,1,5,1010-sin-4Hz.avi,oneeighty,sin-oneeighty-4Hz-choir2.wav,Theta,180,choir,1,2,6.26867890357971
23,1,6,1052-sin-4Hz.avi,zero,sin-zero-4Hz-choir15.wav,Theta,0,choir,2,2,4.76606798171997
23,1,7,1030-sin-4Hz.avi,zero,sin-zero-4Hz-orch5.wav,Theta,0,orch,2,1,0.332396984100342
23,1,8,1004-sin-4Hz.avi,zero,sin-zero-4Hz-acoustic11.wav,Theta,0,acoustic,2,2,0.766287088394165
23,1,9,1026-sin-4Hz.avi,oneeighty,sin-oneeighty-4Hz-choir6.wav,Theta,180,choir,1,1,0.612695932388306
23,1,10,1061-sin-4Hz.avi,zero,sin-zero-4Hz-dar22.wav,Theta,0,dar,2,2,1.24588084220886
23,1,11,1022-sin-4Hz.avi,zero,sin-zero-4Hz-acoustic32.wav,Theta,0,acoustic,2,1,0.404048919677734
23,1,12,1017-sin-4Hz.avi,oneeighty,sin-oneeighty-4Hz-dar17.wav,Theta,180,dar,1,2,0.428791046142578
23,1,13,1049-sin-4Hz.avi,zero,sin-zero-4Hz-dar10.wav,Theta,0,dar,2,2,0.295686960220337
23,1,14,1043-sin-4Hz.avi,oneeighty,sin-oneeighty-4Hz-choir18.wav,Theta,180,choir,1,2,0.54546594619751
23,1,15,1027-sin-4Hz.avi,zero,sin-zero-4Hz-choir23.wav,Theta,0,choir,2,1,0.330569982528687
23,1,16,1003-sin-4Hz.avi,oneeighty,sin-oneeighty-4Hz-acoustic25.wav,Theta,180,acoustic,1,1,0.326219081878662
