respMat_ 1,respMat_ 2,respMat_ 3,respMat_ 4,respMat_ 5,respMat_ 6,respMat_ 7,respMat_ 8,respMat_ 9,respMat_10,respMat_11,respMat_12
19,1,1,1048-sin-4Hz.avi,oneeighty,sin-oneeighty-4Hz-dar17.wav,Theta,180,dar,1,2,2.95897793769836
19,1,2,1018-sin-4Hz.avi,oneeighty,sin-oneeighty-4Hz-dar13.wav,Theta,180,dar,1,1,2.89044785499573
19,1,3,1002-sin-4Hz.avi,oneeighty,sin-oneeighty-4Hz-choir21.wav,Theta,180,choir,1,2,2.88472509384155
19,1,4,1027-sin-4Hz.avi,zero,sin-zero-4Hz-acoustic11.wav,Theta,0,acoustic,2,2,2.5449321269989
19,1,5,1013-sin-4Hz.avi,zero,sin-zero-4Hz-choir14.wav,Theta,0,choir,2,2,3.14424180984497
19,1,6,1037-sin-4Hz.avi,oneeighty,sin-oneeighty-4Hz-acoustic25.wav,Theta,180,acoustic,1,1,2.37417316436768
19,1,7,1029-sin-4Hz.avi,oneeighty,sin-oneeighty-4Hz-acoustic14.wav,Theta,180,acoustic,1,1,3.95908498764038
19,1,8,1003-sin-4Hz.avi,oneeighty,sin-oneeighty-4Hz-orch24.wav,Theta,180,orch,1,1,1.61588096618652
19,1,9,1004-sin-4Hz.avi,zero,sin-zero-4Hz-acoustic1.wav,Theta,0,acoustic,2,2,1.89945507049561
19,1,10,1066-sin-4Hz.avi,zero,sin-zero-4Hz-dar11.wav,Theta,0,dar,2,2,3.33635902404785
19,1,11,1052-sin-4Hz.avi,zero,sin-zero-4Hz-acoustic7.wav,Theta,0,acoustic,2,2,6.78260588645935
19,1,12,1033-sin-4Hz.avi,zero,sin-zero-4Hz-choir7.wav,Theta,0,choir,2,1,3.1917610168457
19,1,13,1010-sin-4Hz.avi,oneeighty,sin-oneeighty-4Hz-orch4.wav,Theta,180,orch,1,1,2.94932103157043
19,1,14,1051-sin-4Hz.avi,oneeighty,sin-oneeighty-4Hz-choir6.wav,Theta,180,choir,1,2,1.75565505027771
19,1,15,1023-sin-4Hz.avi,zero,sin-zero-4Hz-orch15.wav,Theta,0,orch,2,2,2.63397192955017
19,1,16,1061-sin-4Hz.avi,zero,sin-zero-4Hz-choir23.wav,Theta,0,choir,2,1,2.80854511260986
