respMat_ 1,respMat_ 2,respMat_ 3,respMat_ 4,respMat_ 5,respMat_ 6,respMat_ 7,respMat_ 8,respMat_ 9,respMat_10,respMat_11,respMat_12
16,1,1,1017-sin-4Hz.avi,zero,sin-zero-4Hz-dar12.wav,Theta,0,dar,2,1,0.211701154708862
16,1,2,1053-sin-4Hz.avi,oneeighty,sin-oneeighty-4Hz-choir7.wav,Theta,180,choir,1,1,0.244863033294678
16,1,3,1022-sin-4Hz.avi,oneeighty,sin-oneeighty-4Hz-acoustic32.wav,Theta,180,acoustic,1,2,0.293198108673096
16,1,4,1018-sin-4Hz.avi,zero,sin-zero-4Hz-dar20.wav,Theta,0,dar,2,1,0.682518005371094
16,1,5,1051-sin-4Hz.avi,zero,sin-zero-4Hz-orch23.wav,Theta,0,orch,2,2,0.295166015625
16,1,6,1044-sin-4Hz.avi,oneeighty,sin-oneeighty-4Hz-acoustic7.wav,Theta,180,acoustic,1,1,0.231056928634644
16,1,7,1033-sin-4Hz.avi,oneeighty,sin-oneeighty-4Hz-choir23.wav,Theta,180,choir,1,2,0.45023512840271
16,1,8,1012-sin-4Hz.avi,zero,sin-zero-4Hz-choir18.wav,Theta,0,choir,2,2,0.273754119873047
16,1,9,1003-sin-4Hz.avi,zero,sin-zero-4Hz-acoustic25.wav,Theta,0,acoustic,2,1,0.930400133132935
16,1,10,1027-sin-4Hz.avi,oneeighty,sin-oneeighty-4Hz-dar2.wav,Theta,180,dar,1,2,0.665694952011108
16,1,11,1010-sin-4Hz.avi,zero,sin-zero-4Hz-orch4.wav,Theta,0,orch,2,2,0.13215184211731
16,1,12,1066-sin-4Hz.avi,oneeighty,sin-oneeighty-4Hz-orch3.wav,Theta,180,orch,1,1,0.278312206268311
16,1,13,1061-sin-4Hz.avi,oneeighty,sin-oneeighty-4Hz-acoustic1.wav,Theta,180,acoustic,1,2,0.142038106918335
16,1,14,1049-sin-4Hz.avi,oneeighty,sin-oneeighty-4Hz-dar10.wav,Theta,180,dar,1,2,0.272661924362183
16,1,15,1016-sin-4Hz.avi,zero,sin-zero-4Hz-acoustic34.wav,Theta,0,acoustic,2,2,0.40095591545105
16,1,16,1037-sin-4Hz.avi,zero,sin-zero-4Hz-choir2.wav,Theta,0,choir,2,1,0.311156034469604
