respMat_ 1,respMat_ 2,respMat_ 3,respMat_ 4,respMat_ 5,respMat_ 6,respMat_ 7,respMat_ 8,respMat_ 9,respMat_10,respMat_11,respMat_12
21,1,1,1006-sin-4Hz.avi,oneeighty,sin-oneeighty-4Hz-choir18.wav,Theta,180,choir,1,1,8.75620102882385
21,1,2,1052-sin-4Hz.avi,zero,sin-zero-4Hz-dar22.wav,Theta,0,dar,2,2,4.69802403450012
21,1,3,1004-sin-4Hz.avi,zero,sin-zero-4Hz-choir14.wav,Theta,0,choir,2,1,7.0741081237793
21,1,4,1051-sin-4Hz.avi,oneeighty,sin-oneeighty-4Hz-acoustic14.wav,Theta,180,acoustic,1,2,3.42591500282288
21,1,5,1026-sin-4Hz.avi,oneeighty,sin-oneeighty-4Hz-choir2.wav,Theta,180,choir,1,2,3.30007410049438
21,1,6,1002-sin-4Hz.avi,oneeighty,sin-oneeighty-4Hz-acoustic25.wav,Theta,180,acoustic,1,1,3.43857288360596
21,1,7,1016-sin-4Hz.avi,oneeighty,sin-oneeighty-4Hz-orch22.wav,Theta,180,orch,1,1,15.3502278327942
21,1,8,1013-sin-4Hz.avi,zero,sin-zero-4Hz-choir7.wav,Theta,0,choir,2,1,2.21826481819153
21,1,9,1022-sin-4Hz.avi,zero,sin-zero-4Hz-acoustic11.wav,Theta,0,acoustic,2,2,2.25126695632935
21,1,10,1033-sin-4Hz.avi,zero,sin-zero-4Hz-orch5.wav,Theta,0,orch,2,1,2.43532013893127
21,1,11,1003-sin-4Hz.avi,oneeighty,sin-oneeighty-4Hz-orch24.wav,Theta,180,orch,1,1,2.39921402931213
21,1,12,1027-sin-4Hz.avi,zero,sin-zero-4Hz-orch20.wav,Theta,0,orch,2,2,2.91686701774597
21,1,13,1053-sin-4Hz.avi,zero,sin-zero-4Hz-choir23.wav,Theta,0,choir,2,2,1.4993782043457
21,1,14,1010-sin-4Hz.avi,oneeighty,sin-oneeighty-4Hz-dar13.wav,Theta,180,dar,1,1,3.43239212036133
21,1,15,1043-sin-4Hz.avi,oneeighty,sin-oneeighty-4Hz-orch23.wav,Theta,180,orch,1,2,0.807662010192871
21,1,16,1023-sin-4Hz.avi,zero,sin-zero-4Hz-orch15.wav,Theta,0,orch,2,1,0.805598020553589
