respMat_ 1,respMat_ 2,respMat_ 3,respMat_ 4,respMat_ 5,respMat_ 6,respMat_ 7,respMat_ 8,respMat_ 9,respMat_10,respMat_11,respMat_12
5,1,1,1015-sin-4Hz.avi,oneeighty,sin-oneeighty-4Hz-acoustic23.wav,Theta,180,acoustic,1,2,9.89200401306152
5,1,2,1026-sin-4Hz.avi,oneeighty,sin-oneeighty-4Hz-orch23.wav,Theta,180,orch,1,2,2.28822803497314
5,1,3,1034-sin-4Hz.avi,zero,sin-zero-4Hz-acoustic32.wav,Theta,0,acoustic,2,1,3.11215305328369
5,1,4,1010-sin-4Hz.avi,oneeighty,sin-oneeighty-4Hz-orch22.wav,Theta,180,orch,1,1,2.01787304878235
5,1,5,1016-sin-4Hz.avi,oneeighty,sin-oneeighty-4Hz-dar13.wav,Theta,180,dar,1,2,1.57596707344055
5,1,6,1030-sin-4Hz.avi,zero,sin-zero-4Hz-choir14.wav,Theta,0,choir,2,2,1.16844487190247
5,1,7,1033-sin-4Hz.avi,zero,sin-zero-4Hz-dar10.wav,Theta,0,dar,2,2,0.867412090301514
5,1,8,1037-sin-4Hz.avi,oneeighty,sin-oneeighty-4Hz-dar17.wav,Theta,180,dar,1,2,1.81088304519653
5,1,9,1027-sin-4Hz.avi,zero,sin-zero-4Hz-acoustic1.wav,Theta,0,acoustic,2,2,6.21890497207642
5,1,10,1023-sin-4Hz.avi,zero,sin-zero-4Hz-orch15.wav,Theta,0,orch,2,1,0.662868022918701
5,1,11,1025-sin-4Hz.avi,zero,sin-zero-4Hz-orch20.wav,Theta,0,orch,2,1,0.398971080780029
5,1,12,1013-sin-4Hz.avi,zero,sin-zero-4Hz-acoustic11.wav,Theta,0,acoustic,2,1,5.84945702552795
5,1,13,1051-sin-4Hz.avi,oneeighty,sin-oneeighty-4Hz-dar20.wav,Theta,180,dar,1,2,1.06914210319519
5,1,14,1002-sin-4Hz.avi,oneeighty,sin-oneeighty-4Hz-orch24.wav,Theta,180,orch,1,2,0.663407802581787
5,1,15,1003-sin-4Hz.avi,oneeighty,sin-oneeighty-4Hz-choir21.wav,Theta,180,choir,1,2,1.22841691970825
5,1,16,1049-sin-4Hz.avi,zero,sin-zero-4Hz-choir15.wav,Theta,0,choir,2,2,1.77567100524902
