respMat_ 1,respMat_ 2,respMat_ 3,respMat_ 4,respMat_ 5,respMat_ 6,respMat_ 7,respMat_ 8,respMat_ 9,respMat_10,respMat_11,respMat_12
24,1,1,1052-sin-4Hz.avi,oneeighty,sin-oneeighty-4Hz-choir15.wav,Theta,180,choir,1,2,3.94920587539673
24,1,2,1024-sin-4Hz.avi,oneeighty,sin-oneeighty-4Hz-acoustic1.wav,Theta,180,acoustic,1,2,1.41796398162842
24,1,3,1022-sin-4Hz.avi,oneeighty,sin-oneeighty-4Hz-orch3.wav,Theta,180,orch,1,1,0.807626008987427
24,1,4,1002-sin-4Hz.avi,zero,sin-zero-4Hz-orch23.wav,Theta,0,orch,2,2,4.77007293701172
24,1,5,1048-sin-4Hz.avi,zero,sin-zero-4Hz-dar12.wav,Theta,0,dar,2,1,2.68480801582336
24,1,6,1003-sin-4Hz.avi,zero,sin-zero-4Hz-choir18.wav,Theta,0,choir,2,2,0.700866937637329
24,1,7,1026-sin-4Hz.avi,zero,sin-zero-4Hz-acoustic34.wav,Theta,0,acoustic,2,2,0.700734853744507
24,1,8,1016-sin-4Hz.avi,zero,sin-zero-4Hz-dar20.wav,Theta,0,dar,2,1,3.62297582626343
24,1,9,1004-sin-4Hz.avi,oneeighty,sin-oneeighty-4Hz-orch5.wav,Theta,180,orch,1,2,0.345805168151855
24,1,10,1013-sin-4Hz.avi,oneeighty,sin-oneeighty-4Hz-acoustic11.wav,Theta,180,acoustic,1,2,0.646812915802002
24,1,11,1014-sin-4Hz.avi,zero,sin-zero-4Hz-orch24.wav,Theta,0,orch,2,2,1.41187286376953
24,1,12,1044-sin-4Hz.avi,oneeighty,sin-oneeighty-4Hz-dar10.wav,Theta,180,dar,1,1,2.8488438129425
24,1,13,1029-sin-4Hz.avi,zero,sin-zero-4Hz-acoustic23.wav,Theta,0,acoustic,2,2,0.352745056152344
24,1,14,1049-sin-4Hz.avi,oneeighty,sin-oneeighty-4Hz-dar2.wav,Theta,180,dar,1,2,0.583360910415649
24,1,15,1053-sin-4Hz.avi,oneeighty,sin-oneeighty-4Hz-acoustic32.wav,Theta,180,acoustic,1,1,0.577059030532837
24,1,16,1010-sin-4Hz.avi,zero,sin-zero-4Hz-dar17.wav,Theta,0,dar,2,2,0.335287809371948
