respMat_ 1,respMat_ 2,respMat_ 3,respMat_ 4,respMat_ 5,respMat_ 6,respMat_ 7,respMat_ 8,respMat_ 9,respMat_10,respMat_11,respMat_12
3,1,1,1027-sin-4Hz.avi,zero,sin-zero-4Hz-acoustic7.wav,Theta,0,acoustic,2,2,5.7026219367981
3,1,2,1029-sin-4Hz.avi,oneeighty,sin-oneeighty-4Hz-orch4.wav,Theta,180,orch,1,2,5.17331099510193
3,1,3,1006-sin-4Hz.avi,oneeighty,sin-oneeighty-4Hz-choir2.wav,Theta,180,choir,1,2,8.07206606864929
3,1,4,1043-sin-4Hz.avi,oneeighty,sin-oneeighty-4Hz-dar20.wav,Theta,180,dar,1,1,2.62514305114746
3,1,5,1048-sin-4Hz.avi,oneeighty,sin-oneeighty-4Hz-acoustic34.wav,Theta,180,acoustic,1,1,4.40627694129944
3,1,6,1052-sin-4Hz.avi,zero,sin-zero-4Hz-acoustic11.wav,Theta,0,acoustic,2,2,3.41164302825928
3,1,7,1025-sin-4Hz.avi,zero,sin-zero-4Hz-dar2.wav,Theta,0,dar,2,2,2.44340896606445
3,1,8,1003-sin-4Hz.avi,oneeighty,sin-oneeighty-4Hz-dar17.wav,Theta,180,dar,1,2,2.57533407211304
3,1,9,1002-sin-4Hz.avi,oneeighty,sin-oneeighty-4Hz-acoustic25.wav,Theta,180,acoustic,1,2,7.02682113647461
3,1,10,1013-sin-4Hz.avi,zero,sin-zero-4Hz-dar10.wav,Theta,0,dar,2,1,3.35358905792236
3,1,11,1018-sin-4Hz.avi,oneeighty,sin-oneeighty-4Hz-choir6.wav,Theta,180,choir,1,2,4.32302594184875
3,1,12,1017-sin-4Hz.avi,oneeighty,sin-oneeighty-4Hz-orch22.wav,Theta,180,orch,1,2,3.5492479801178
3,1,13,1024-sin-4Hz.avi,zero,sin-zero-4Hz-acoustic1.wav,Theta,0,acoustic,2,2,2.38202810287476
3,1,14,1066-sin-4Hz.avi,zero,sin-zero-4Hz-orch15.wav,Theta,0,orch,2,2,3.14351105690002
3,1,15,1023-sin-4Hz.avi,zero,sin-zero-4Hz-choir14.wav,Theta,0,choir,2,1,1.375412940979
3,1,16,1022-sin-4Hz.avi,zero,sin-zero-4Hz-orch5.wav,Theta,0,orch,2,1,1.0034499168396
