respMat_ 1,respMat_ 2,respMat_ 3,respMat_ 4,respMat_ 5,respMat_ 6,respMat_ 7,respMat_ 8,respMat_ 9,respMat_10,respMat_11,respMat_12
1,1,1,1025-sin-4Hz.avi,zero,sin-zero-4Hz-acoustic32.wav,Theta,0,acoustic,2,2,7.2929310798645
1,1,2,1030-sin-4Hz.avi,zero,sin-zero-4Hz-choir15.wav,Theta,0,choir,2,2,6.64552307128906
1,1,3,1018-sin-4Hz.avi,oneeighty,sin-oneeighty-4Hz-orch4.wav,Theta,180,orch,1,2,5.53900504112244
1,1,4,1014-sin-4Hz.avi,oneeighty,sin-oneeighty-4Hz-acoustic34.wav,Theta,180,acoustic,1,2,4.47018909454346
1,1,5,1012-sin-4Hz.avi,oneeighty,sin-oneeighty-4Hz-acoustic25.wav,Theta,180,acoustic,1,2,4.7020480632782
1,1,6,1024-sin-4Hz.avi,zero,sin-zero-4Hz-acoustic1.wav,Theta,0,acoustic,2,1,4.00611615180969
1,1,7,1043-sin-4Hz.avi,oneeighty,sin-oneeighty-4Hz-orch23.wav,Theta,180,orch,1,1,2.55716896057129
1,1,8,1013-sin-4Hz.avi,zero,sin-zero-4Hz-choir7.wav,Theta,0,choir,2,2,4.5803120136261
1,1,9,1051-sin-4Hz.avi,oneeighty,sin-oneeighty-4Hz-dar17.wav,Theta,180,dar,1,1,1.42300701141357
1,1,10,1066-sin-4Hz.avi,zero,sin-zero-4Hz-orch15.wav,Theta,0,orch,2,2,3.55664086341858
1,1,11,1052-sin-4Hz.avi,zero,sin-zero-4Hz-orch3.wav,Theta,0,orch,2,1,2.73022603988647
1,1,12,1003-sin-4Hz.avi,oneeighty,sin-oneeighty-4Hz-orch24.wav,Theta,180,orch,1,1,3.55419111251831
1,1,13,1006-sin-4Hz.avi,oneeighty,sin-oneeighty-4Hz-choir21.wav,Theta,180,choir,1,2,4.45115399360657
1,1,14,1061-sin-4Hz.avi,zero,sin-zero-4Hz-dar22.wav,Theta,0,dar,2,2,1.71319603919983
1,1,15,1034-sin-4Hz.avi,zero,sin-zero-4Hz-dar2.wav,Theta,0,dar,2,1,4.00758600234985
1,1,16,1037-sin-4Hz.avi,oneeighty,sin-oneeighty-4Hz-orch22.wav,Theta,180,orch,1,1,4.48289799690247
