respMat_ 1,respMat_ 2,respMat_ 3,respMat_ 4,respMat_ 5,respMat_ 6,respMat_ 7,respMat_ 8,respMat_ 9,respMat_10,respMat_11,respMat_12
8,1,1,1037-sin-4Hz.avi,zero,sin-zero-4Hz-acoustic23.wav,Theta,0,acoustic,2,1,5.01017904281616
8,1,2,1006-sin-4Hz.avi,zero,sin-zero-4Hz-orch22.wav,Theta,0,orch,2,2,1.10099101066589
8,1,3,1029-sin-4Hz.avi,zero,sin-zero-4Hz-orch23.wav,Theta,0,orch,2,1,3.41220617294312
8,1,4,1002-sin-4Hz.avi,zero,sin-zero-4Hz-dar17.wav,Theta,0,dar,2,2,2.82525205612183
8,1,5,1053-sin-4Hz.avi,oneeighty,sin-oneeighty-4Hz-choir15.wav,Theta,180,choir,1,1,0.815011024475098
8,1,6,1048-sin-4Hz.avi,zero,sin-zero-4Hz-acoustic34.wav,Theta,0,acoustic,2,2,1.79349899291992
8,1,7,1066-sin-4Hz.avi,oneeighty,sin-oneeighty-4Hz-choir7.wav,Theta,180,choir,1,2,2.78507018089294
8,1,8,1017-sin-4Hz.avi,zero,sin-zero-4Hz-acoustic25.wav,Theta,0,acoustic,2,1,6.29951810836792
8,1,9,1018-sin-4Hz.avi,zero,sin-zero-4Hz-dar13.wav,Theta,0,dar,2,2,3.18378806114197
8,1,10,1044-sin-4Hz.avi,oneeighty,sin-oneeighty-4Hz-acoustic32.wav,Theta,180,acoustic,1,2,0.537068128585815
8,1,11,1004-sin-4Hz.avi,oneeighty,sin-oneeighty-4Hz-dar22.wav,Theta,180,dar,1,1,1.2441840171814
8,1,12,1025-sin-4Hz.avi,oneeighty,sin-oneeighty-4Hz-orch20.wav,Theta,180,orch,1,2,3.38333892822266
8,1,13,1052-sin-4Hz.avi,oneeighty,sin-oneeighty-4Hz-dar10.wav,Theta,180,dar,1,2,1.34995007514954
8,1,14,1061-sin-4Hz.avi,oneeighty,sin-oneeighty-4Hz-choir14.wav,Theta,180,choir,1,1,3.36181902885437
8,1,15,1051-sin-4Hz.avi,zero,sin-zero-4Hz-acoustic14.wav,Theta,0,acoustic,2,2,2.48034381866455
8,1,16,1022-sin-4Hz.avi,oneeighty,sin-oneeighty-4Hz-orch5.wav,Theta,180,orch,1,2,0.782027006149292
