respMat_ 1,respMat_ 2,respMat_ 3,respMat_ 4,respMat_ 5,respMat_ 6,respMat_ 7,respMat_ 8,respMat_ 9,respMat_10,respMat_11,respMat_12
5,3,1,Theta,1026-sin-4Hz.avi,oneeighty,sin-oneeighty-4Hz-orch23.wav,180,orch,3,2.99083995819092,1701187960.20349
5,3,2,Theta,1053-sin-4Hz.avi,zero,sin-zero-4Hz-orch3.wav,0,orch,2,1.3294460773468,1701187968.53689
5,3,3,Theta,1006-sin-4Hz.avi,oneeighty,sin-oneeighty-4Hz-dar12.wav,180,dar,2,1.64979195594788,1701187976.1365
5,3,4,Theta,1015-sin-4Hz.avi,oneeighty,sin-oneeighty-4Hz-acoustic23.wav,180,acoustic,5,2.49454784393311,1701187982.2037
5,3,5,Theta,1027-sin-4Hz.avi,zero,sin-zero-4Hz-acoustic1.wav,0,acoustic,2,0.836693048477173,1701187990.66157
5,3,6,Theta,1051-sin-4Hz.avi,oneeighty,sin-oneeighty-4Hz-dar20.wav,180,dar,3,4.30935716629028,1701187996.03689
5,3,7,Theta,1017-sin-4Hz.avi,oneeighty,sin-oneeighty-4Hz-acoustic34.wav,180,acoustic,5,1.99162888526917,1701188005.7786
5,3,8,Theta,1010-sin-4Hz.avi,oneeighty,sin-oneeighty-4Hz-orch22.wav,180,orch,4,1.18120503425598,1701188014.04497
5,3,9,Theta,1049-sin-4Hz.avi,zero,sin-zero-4Hz-choir15.wav,0,choir,4,2.21496796607971,1701188020.59521
5,3,10,Theta,1052-sin-4Hz.avi,zero,sin-zero-4Hz-dar2.wav,0,dar,5,1.11609315872192,1701188028.06205
5,3,11,Theta,1044-sin-4Hz.avi,zero,sin-zero-4Hz-dar11.wav,0,dar,3,1.39274120330811,1701188034.53739
5,3,12,Theta,1066-sin-4Hz.avi,zero,sin-zero-4Hz-acoustic7.wav,0,acoustic,5,2.53036212921143,1701188041.4958
5,3,13,Theta,1003-sin-4Hz.avi,oneeighty,sin-oneeighty-4Hz-choir21.wav,180,choir,3,1.30673408508301,1701188049.88738
5,3,14,Theta,1023-sin-4Hz.avi,zero,sin-zero-4Hz-orch15.wav,0,orch,1,1.95827889442444,1701188057.204
5,3,15,Theta,1004-sin-4Hz.avi,zero,sin-zero-4Hz-choir7.wav,0,choir,1,1.50581884384155,1701188065.30425
5,3,16,Theta,1029-sin-4Hz.avi,oneeighty,sin-oneeighty-4Hz-choir6.wav,180,choir,4,0.977442979812622,1701188071.5126
