respMat_ 1,respMat_ 2,respMat_ 3,respMat_ 4,respMat_ 5,respMat_ 6,respMat_ 7,respMat_ 8,respMat_ 9,respMat_10,respMat_11,respMat_12
3,6,1,Theta,1015-sin-4Hz.avi,oneeighty,sin-oneeighty-4Hz-dar12.wav,180,dar,2,8.61606407165527,1701172195.56172
3,6,2,Theta,1017-sin-4Hz.avi,oneeighty,sin-oneeighty-4Hz-orch22.wav,180,orch,1,2.30600810050964,1701172209.51976
3,6,3,Theta,1013-sin-4Hz.avi,zero,sin-zero-4Hz-dar10.wav,0,dar,4,3.06667709350586,1701172216.69513
3,6,4,Theta,1066-sin-4Hz.avi,zero,sin-zero-4Hz-orch15.wav,0,orch,4,2.34506511688232,1701172225.7367
3,6,5,Theta,1049-sin-4Hz.avi,zero,sin-zero-4Hz-choir23.wav,0,choir,4,2.00922584533691,1701172232.72859
3,6,6,Theta,1004-sin-4Hz.avi,zero,sin-zero-4Hz-acoustic32.wav,0,acoustic,3,3.45415306091309,1701172239.39561
3,6,7,Theta,1016-sin-4Hz.avi,oneeighty,sin-oneeighty-4Hz-choir21.wav,180,choir,2,2.228196144104,1701172247.64556
3,6,8,Theta,1033-sin-4Hz.avi,zero,sin-zero-4Hz-orch3.wav,0,orch,4,1.61441588401794,1701172254.9954
3,6,9,Theta,1010-sin-4Hz.avi,oneeighty,sin-oneeighty-4Hz-orch23.wav,180,orch,1,1.69325399398804,1701172262.02052
3,6,10,Theta,1037-sin-4Hz.avi,oneeighty,sin-oneeighty-4Hz-acoustic23.wav,180,acoustic,4,1.99689602851868,1701172268.8209
3,6,11,Theta,1018-sin-4Hz.avi,oneeighty,sin-oneeighty-4Hz-choir6.wav,180,choir,3,3.53520202636719,1701172276.96261
3,6,12,Theta,1030-sin-4Hz.avi,zero,sin-zero-4Hz-choir7.wav,0,choir,2,3.10926508903503,1701172284.81257
3,6,13,Theta,1053-sin-4Hz.avi,zero,sin-zero-4Hz-dar11.wav,0,dar,3,3.43505096435547,1701172293.06275
3,6,14,Theta,1003-sin-4Hz.avi,oneeighty,sin-oneeighty-4Hz-dar17.wav,180,dar,4,1.78958511352539,1701172301.79622
3,6,15,Theta,1048-sin-4Hz.avi,oneeighty,sin-oneeighty-4Hz-acoustic34.wav,180,acoustic,4,2.23440790176392,1701172308.6794
3,6,16,Theta,1024-sin-4Hz.avi,zero,sin-zero-4Hz-acoustic1.wav,0,acoustic,4,2.12838006019592,1701172316.72143
