respMat_ 1,respMat_ 2,respMat_ 3,respMat_ 4,respMat_ 5,respMat_ 6,respMat_ 7,respMat_ 8,respMat_ 9,respMat_10,respMat_11,respMat_12
10,6,1,Theta,1044-sin-4Hz.avi,oneeighty,sin-oneeighty-4Hz-choir15.wav,180,choir,2,1.81344103813171,1701707437.85221
10,6,2,Theta,1033-sin-4Hz.avi,oneeighty,sin-oneeighty-4Hz-orch3.wav,180,orch,2,0.751104116439819,1701707444.40252
10,6,3,Theta,1043-sin-4Hz.avi,zero,sin-zero-4Hz-dar12.wav,0,dar,2,2.51225090026855,1701707451.18531
10,6,4,Theta,1012-sin-4Hz.avi,zero,sin-zero-4Hz-choir2.wav,0,choir,4,0.670742034912109,1701707458.61071
10,6,5,Theta,1018-sin-4Hz.avi,zero,sin-zero-4Hz-orch22.wav,0,orch,2,0.302222967147827,1701707463.82726
10,6,6,Theta,1023-sin-4Hz.avi,oneeighty,sin-oneeighty-4Hz-dar2.wav,180,dar,1,1.45929598808289,1701707470.09418
10,6,7,Theta,1061-sin-4Hz.avi,oneeighty,sin-oneeighty-4Hz-acoustic1.wav,180,acoustic,5,0.395110845565796,1701707476.29433
10,6,8,Theta,1026-sin-4Hz.avi,zero,sin-zero-4Hz-dar20.wav,0,dar,4,0.629701137542725,1701707482.82774
10,6,9,Theta,1049-sin-4Hz.avi,oneeighty,sin-oneeighty-4Hz-acoustic7.wav,180,acoustic,4,1.26481103897095,1701707487.95259
10,6,10,Theta,1015-sin-4Hz.avi,zero,sin-zero-4Hz-acoustic14.wav,0,acoustic,4,0.627631902694702,1701707494.87774
10,6,11,Theta,1003-sin-4Hz.avi,zero,sin-zero-4Hz-orch23.wav,0,orch,1,0.279561042785645,1701707501.38577
10,6,12,Theta,1051-sin-4Hz.avi,zero,sin-zero-4Hz-choir6.wav,0,choir,4,1.32619190216064,1701707506.81909
10,6,13,Theta,1022-sin-4Hz.avi,oneeighty,sin-oneeighty-4Hz-choir14.wav,180,choir,5,1.27583503723145,1701707514.27742
10,6,14,Theta,1037-sin-4Hz.avi,zero,sin-zero-4Hz-acoustic23.wav,0,acoustic,5,0.371829032897949,1701707520.47742
10,6,15,Theta,1013-sin-4Hz.avi,oneeighty,sin-oneeighty-4Hz-orch20.wav,180,orch,1,0.29837703704834,1701707525.91085
10,6,16,Theta,1052-sin-4Hz.avi,oneeighty,sin-oneeighty-4Hz-dar10.wav,180,dar,1,0.387082099914551,1701707530.68609
