respMat_ 1,respMat_ 2,respMat_ 3,respMat_ 4,respMat_ 5,respMat_ 6,respMat_ 7,respMat_ 8,respMat_ 9,respMat_10,respMat_11,respMat_12
5,7,1,Theta,1018-sin-4Hz.avi,oneeighty,sin-oneeighty-4Hz-acoustic25.wav,180,acoustic,5,0.705987930297852,1701188415.20721
5,7,2,Theta,1037-sin-4Hz.avi,oneeighty,sin-oneeighty-4Hz-dar17.wav,180,dar,5,0.776492118835449,1701188422.04876
5,7,3,Theta,1013-sin-4Hz.avi,zero,sin-zero-4Hz-acoustic11.wav,0,acoustic,5,0.698076963424683,1701188428.2072
5,7,4,Theta,1016-sin-4Hz.avi,oneeighty,sin-oneeighty-4Hz-dar13.wav,180,dar,2,1.7380039691925,1701188433.40725
5,7,5,Theta,1048-sin-4Hz.avi,oneeighty,sin-oneeighty-4Hz-acoustic14.wav,180,acoustic,5,0.766623973846436,1701188440.0905
5,7,6,Theta,1025-sin-4Hz.avi,zero,sin-zero-4Hz-orch20.wav,0,orch,2,0.975851058959961,1701188445.25737
5,7,7,Theta,1030-sin-4Hz.avi,zero,sin-zero-4Hz-choir14.wav,0,choir,2,2.74277591705322,1701188451.28244
5,7,8,Theta,1034-sin-4Hz.avi,zero,sin-zero-4Hz-acoustic32.wav,0,acoustic,4,2.51030397415161,1701188459.09892
5,7,9,Theta,1033-sin-4Hz.avi,zero,sin-zero-4Hz-dar10.wav,0,dar,5,1.42198300361633,1701188466.29919
5,7,10,Theta,1012-sin-4Hz.avi,oneeighty,sin-oneeighty-4Hz-choir18.wav,180,choir,3,0.553165912628174,1701188472.816
5,7,11,Theta,1022-sin-4Hz.avi,zero,sin-zero-4Hz-choir23.wav,0,choir,3,1.12644815444946,1701188477.68268
5,7,12,Theta,1061-sin-4Hz.avi,zero,sin-zero-4Hz-dar22.wav,0,dar,5,0.792588949203491,1701188485.04057
5,7,13,Theta,1043-sin-4Hz.avi,oneeighty,sin-oneeighty-4Hz-choir2.wav,180,choir,2,2.32338809967041,1701188490.35774
5,7,14,Theta,1002-sin-4Hz.avi,oneeighty,sin-oneeighty-4Hz-orch24.wav,180,orch,5,0.878623008728027,1701188497.27451
5,7,15,Theta,1014-sin-4Hz.avi,oneeighty,sin-oneeighty-4Hz-orch4.wav,180,orch,5,2.84095096588135,1701188504.41616
5,7,16,Theta,1024-sin-4Hz.avi,zero,sin-zero-4Hz-orch5.wav,0,orch,4,1.65965795516968,1701188511.74145
