respMat_ 1,respMat_ 2,respMat_ 3,respMat_ 4,respMat_ 5,respMat_ 6,respMat_ 7,respMat_ 8,respMat_ 9,respMat_10,respMat_11,respMat_12
6,4,1,Theta,1037-sin-4Hz.avi,zero,sin-zero-4Hz-acoustic23.wav,0,acoustic,4,2.31666707992554,1701349906.18259
6,4,2,Theta,1044-sin-4Hz.avi,oneeighty,sin-oneeighty-4Hz-orch15.wav,180,orch,1,3.10499501228333,1701349914.46627
6,4,3,Theta,1048-sin-4Hz.avi,zero,sin-zero-4Hz-choir18.wav,0,choir,3,7.07044506072998,1701349923.33285
6,4,4,Theta,1053-sin-4Hz.avi,oneeighty,sin-oneeighty-4Hz-choir23.wav,180,choir,5,3.58962297439575,1701349934.9577
6,4,5,Theta,1014-sin-4Hz.avi,zero,sin-zero-4Hz-orch23.wav,0,orch,4,3.35933089256287,1701349943.69997
6,4,6,Theta,1034-sin-4Hz.avi,oneeighty,sin-oneeighty-4Hz-acoustic7.wav,180,acoustic,5,5.45928502082825,1701349951.40805
6,4,7,Theta,1003-sin-4Hz.avi,zero,sin-zero-4Hz-dar17.wav,0,dar,1,2.16392493247986,1701349961.18345
6,4,8,Theta,1013-sin-4Hz.avi,oneeighty,sin-oneeighty-4Hz-dar11.wav,180,dar,4,7.29607391357422,1701349967.8913
6,4,9,Theta,1004-sin-4Hz.avi,oneeighty,sin-oneeighty-4Hz-choir14.wav,180,choir,1,2.2509491443634,1701349980.00844
6,4,10,Theta,1043-sin-4Hz.avi,zero,sin-zero-4Hz-dar12.wav,0,dar,2,6.21077799797058,1701349987.00864
6,4,11,Theta,1018-sin-4Hz.avi,zero,sin-zero-4Hz-acoustic25.wav,0,acoustic,5,2.77520298957825,1701349998.09222
6,4,12,Theta,1002-sin-4Hz.avi,zero,sin-zero-4Hz-choir2.wav,0,choir,1,1.86575388908386,1701350006.23369
6,4,13,Theta,1023-sin-4Hz.avi,oneeighty,sin-oneeighty-4Hz-orch5.wav,180,orch,1,5.15377187728882,1701350013.23369
6,4,14,Theta,1016-sin-4Hz.avi,zero,sin-zero-4Hz-orch4.wav,0,orch,2,4.51417183876038,1701350023.2173
6,4,15,Theta,1022-sin-4Hz.avi,oneeighty,sin-oneeighty-4Hz-acoustic11.wav,180,acoustic,5,3.4468879699707,1701350032.8926
6,4,16,Theta,1030-sin-4Hz.avi,oneeighty,sin-oneeighty-4Hz-dar22.wav,180,dar,4,3.11794590950012,1701350040.91755
