respMat_ 1,respMat_ 2,respMat_ 3,respMat_ 4,respMat_ 5,respMat_ 6,respMat_ 7,respMat_ 8,respMat_ 9,respMat_10,respMat_11,respMat_12
21,5,1,Theta,1048-sin-4Hz.avi,oneeighty,sin-oneeighty-4Hz-orch4.wav,180,orch,1,3.61306595802307,1702295312.68141
21,5,2,Theta,1052-sin-4Hz.avi,zero,sin-zero-4Hz-dar22.wav,0,dar,5,0.696418046951294,1702295321.19784
21,5,3,Theta,1017-sin-4Hz.avi,oneeighty,sin-oneeighty-4Hz-dar20.wav,180,dar,3,0.421178102493286,1702295326.27309
21,5,4,Theta,1004-sin-4Hz.avi,zero,sin-zero-4Hz-choir14.wav,0,choir,4,6.23132705688477,1702295332.22292
21,5,5,Theta,1018-sin-4Hz.avi,oneeighty,sin-oneeighty-4Hz-choir21.wav,180,choir,1,0.830167055130005,1702295344.64811
21,5,6,Theta,1053-sin-4Hz.avi,zero,sin-zero-4Hz-choir23.wav,0,choir,2,0.654963970184326,1702295351.22327
21,5,7,Theta,1043-sin-4Hz.avi,oneeighty,sin-oneeighty-4Hz-orch23.wav,180,orch,3,1.58316993713379,1702295357.20703
21,5,8,Theta,1023-sin-4Hz.avi,zero,sin-zero-4Hz-orch15.wav,0,orch,2,0.459455013275146,1702295364.29874
21,5,9,Theta,1002-sin-4Hz.avi,oneeighty,sin-oneeighty-4Hz-acoustic25.wav,180,acoustic,5,1.90425801277161,1702295369.78191
21,5,10,Theta,1025-sin-4Hz.avi,zero,sin-zero-4Hz-dar2.wav,0,dar,4,1.89974498748779,1702295376.49046
21,5,11,Theta,1037-sin-4Hz.avi,oneeighty,sin-oneeighty-4Hz-dar17.wav,180,dar,2,5.77288603782654,1702295383.06528
21,5,12,Theta,1027-sin-4Hz.avi,zero,sin-zero-4Hz-orch20.wav,0,orch,2,7.1225049495697,1702295394.11567
21,5,13,Theta,1022-sin-4Hz.avi,zero,sin-zero-4Hz-acoustic11.wav,0,acoustic,3,2.44404196739197,1702295406.87407
21,5,14,Theta,1012-sin-4Hz.avi,oneeighty,sin-oneeighty-4Hz-choir6.wav,180,choir,5,3.54039287567139,1702295414.86572
21,5,15,Theta,1014-sin-4Hz.avi,oneeighty,sin-oneeighty-4Hz-acoustic23.wav,180,acoustic,2,0.709605932235718,1702295423.2325
21,5,16,Theta,1034-sin-4Hz.avi,zero,sin-zero-4Hz-acoustic7.wav,0,acoustic,3,2.16076016426086,1702295428.35732
