respMat_ 1,respMat_ 2,respMat_ 3,respMat_ 4,respMat_ 5,respMat_ 6,respMat_ 7,respMat_ 8,respMat_ 9,respMat_10,respMat_11,respMat_12
2,5,1,Theta,1034-sin-4Hz.avi,oneeighty,sin-oneeighty-4Hz-choir7.wav,180,choir,3,1.32364392280579,1701168707.01745
2,5,2,Theta,1033-sin-4Hz.avi,oneeighty,sin-oneeighty-4Hz-orch20.wav,180,orch,1,2.2151780128479,1701168713.3258
2,5,3,Theta,1014-sin-4Hz.avi,zero,sin-zero-4Hz-acoustic23.wav,0,acoustic,5,2.14502692222595,1701168720.46796
2,5,4,Theta,1066-sin-4Hz.avi,oneeighty,sin-oneeighty-4Hz-orch15.wav,180,orch,1,1.05225110054016,1701168728.79263
2,5,5,Theta,1003-sin-4Hz.avi,zero,sin-zero-4Hz-choir6.wav,0,choir,4,2.86953616142273,1701168736.15922
2,5,6,Theta,1018-sin-4Hz.avi,zero,sin-zero-4Hz-orch23.wav,0,orch,1,0.995529174804688,1701168744.80125
2,5,7,Theta,1013-sin-4Hz.avi,oneeighty,sin-oneeighty-4Hz-dar22.wav,180,dar,4,1.8770170211792,1701168751.75968
2,5,8,Theta,1023-sin-4Hz.avi,oneeighty,sin-oneeighty-4Hz-acoustic7.wav,180,acoustic,2,1.085040807724,1701168759.5596
2,5,9,Theta,1051-sin-4Hz.avi,zero,sin-zero-4Hz-acoustic14.wav,0,acoustic,4,3.17093992233276,1701168765.00963
2,5,10,Theta,1010-sin-4Hz.avi,zero,sin-zero-4Hz-dar17.wav,0,dar,2,1.01117897033691,1701168774.00136
2,5,11,Theta,1048-sin-4Hz.avi,zero,sin-zero-4Hz-orch22.wav,0,orch,2,5.34363198280334,1701168780.69269
2,5,12,Theta,1025-sin-4Hz.avi,oneeighty,sin-oneeighty-4Hz-dar2.wav,180,dar,1,1.23097109794617,1701168790.70941
2,5,13,Theta,1044-sin-4Hz.avi,oneeighty,sin-oneeighty-4Hz-choir14.wav,180,choir,2,0.854873895645142,1701168797.51741
2,5,14,Theta,1015-sin-4Hz.avi,zero,sin-zero-4Hz-dar20.wav,0,dar,1,1.08364605903625,1701168803.38464
2,5,15,Theta,1002-sin-4Hz.avi,zero,sin-zero-4Hz-choir2.wav,0,choir,2,2.07919907569885,1701168810.69304
2,5,16,Theta,1024-sin-4Hz.avi,oneeighty,sin-oneeighty-4Hz-acoustic1.wav,180,acoustic,2,2.0032811164856,1701168817.79291
