respMat_ 1,respMat_ 2,respMat_ 3,respMat_ 4,respMat_ 5,respMat_ 6,respMat_ 7,respMat_ 8,respMat_ 9,respMat_10,respMat_11,respMat_12
15,1,1,Theta,1018-sin-4Hz.avi,oneeighty,sin-oneeighty-4Hz-choir21.wav,180,choir,3,2.08687782287598,1701871676.46351
15,1,2,Theta,1029-sin-4Hz.avi,oneeighty,sin-oneeighty-4Hz-orch22.wav,180,orch,5,2.81150197982788,1701871683.75491
15,1,3,Theta,1003-sin-4Hz.avi,oneeighty,sin-oneeighty-4Hz-dar17.wav,180,dar,5,1.30057215690613,1701871692.5137
15,1,4,Theta,1010-sin-4Hz.avi,oneeighty,sin-oneeighty-4Hz-acoustic25.wav,180,acoustic,4,1.45091795921326,1701871698.15544
15,1,5,Theta,1023-sin-4Hz.avi,zero,sin-zero-4Hz-orch3.wav,0,orch,3,3.30049109458923,1701871704.11383
15,1,6,Theta,1049-sin-4Hz.avi,zero,sin-zero-4Hz-dar22.wav,0,dar,3,1.72140598297119,1701871712.39677
15,1,7,Theta,1013-sin-4Hz.avi,zero,sin-zero-4Hz-choir23.wav,0,choir,3,3.86255979537964,1701871718.65563
15,1,8,Theta,1016-sin-4Hz.avi,oneeighty,sin-oneeighty-4Hz-dar20.wav,180,dar,2,5.93559694290161,1701871727.63871
15,1,9,Theta,1048-sin-4Hz.avi,oneeighty,sin-oneeighty-4Hz-orch4.wav,180,orch,2,1.44258594512939,1701871738.94755
15,1,10,Theta,1061-sin-4Hz.avi,zero,sin-zero-4Hz-dar10.wav,0,dar,2,1.67586803436279,1701871745.72224
15,1,11,Theta,1027-sin-4Hz.avi,zero,sin-zero-4Hz-choir7.wav,0,choir,1,0.422230005264282,1701871752.65601
15,1,12,Theta,1033-sin-4Hz.avi,zero,sin-zero-4Hz-acoustic32.wav,0,acoustic,4,0.637290954589844,1701871758.68085
15,1,13,Theta,1015-sin-4Hz.avi,oneeighty,sin-oneeighty-4Hz-choir18.wav,180,choir,3,1.90010905265808,1701871764.31419
15,1,14,Theta,1012-sin-4Hz.avi,oneeighty,sin-oneeighty-4Hz-acoustic14.wav,180,acoustic,5,0.388689041137695,1701871771.08942
15,1,15,Theta,1066-sin-4Hz.avi,zero,sin-zero-4Hz-orch5.wav,0,orch,3,1.41522312164307,1701871776.23921
15,1,16,Theta,1030-sin-4Hz.avi,zero,sin-zero-4Hz-acoustic11.wav,0,acoustic,4,3.21023893356323,1701871783.14785
