respMat_ 1,respMat_ 2,respMat_ 3,respMat_ 4,respMat_ 5,respMat_ 6,respMat_ 7,respMat_ 8,respMat_ 9,respMat_10,respMat_11,respMat_12
24,5,1,Theta,1051-sin-4Hz.avi,zero,sin-zero-4Hz-orch22.wav,0,orch,5,0.968101978302002,1702462493.1902
24,5,2,Theta,1027-sin-4Hz.avi,oneeighty,sin-oneeighty-4Hz-choir7.wav,180,choir,2,2.2836709022522,1702462498.4987
24,5,3,Theta,1061-sin-4Hz.avi,oneeighty,sin-oneeighty-4Hz-choir23.wav,180,choir,4,0.374702215194702,1702462506.82365
24,5,4,Theta,1053-sin-4Hz.avi,oneeighty,sin-oneeighty-4Hz-acoustic32.wav,180,acoustic,5,0.260906934738159,1702462511.8654
24,5,5,Theta,1026-sin-4Hz.avi,zero,sin-zero-4Hz-acoustic34.wav,0,acoustic,5,0.401192188262939,1702462517.75718
24,5,6,Theta,1044-sin-4Hz.avi,oneeighty,sin-oneeighty-4Hz-dar10.wav,180,dar,4,0.333022117614746,1702462524.2573
24,5,7,Theta,1037-sin-4Hz.avi,zero,sin-zero-4Hz-choir21.wav,0,choir,4,0.678191900253296,1702462530.63222
24,5,8,Theta,1043-sin-4Hz.avi,zero,sin-zero-4Hz-acoustic14.wav,0,acoustic,5,0.218743085861206,1702462536.11564
24,5,9,Theta,1014-sin-4Hz.avi,zero,sin-zero-4Hz-orch24.wav,0,orch,4,1.02123999595642,1702462540.84908
24,5,10,Theta,1023-sin-4Hz.avi,oneeighty,sin-oneeighty-4Hz-dar22.wav,180,dar,2,0.295917987823486,1702462546.18245
24,5,11,Theta,1018-sin-4Hz.avi,zero,sin-zero-4Hz-choir6.wav,0,choir,4,0.489405870437622,1702462552.35699
24,5,12,Theta,1010-sin-4Hz.avi,zero,sin-zero-4Hz-dar17.wav,0,dar,5,0.320141792297363,1702462558.97427
24,5,13,Theta,1066-sin-4Hz.avi,oneeighty,sin-oneeighty-4Hz-orch15.wav,180,orch,3,0.436618089675903,1702462565.0658
24,5,14,Theta,1006-sin-4Hz.avi,zero,sin-zero-4Hz-dar13.wav,0,dar,3,2.09374499320984,1702462570.03267
24,5,15,Theta,1025-sin-4Hz.avi,oneeighty,sin-oneeighty-4Hz-orch20.wav,180,orch,2,1.22630786895752,1702462577.52409
24,5,16,Theta,1024-sin-4Hz.avi,oneeighty,sin-oneeighty-4Hz-acoustic1.wav,180,acoustic,4,0.352073192596436,1702462583.37434
