respMat_ 1,respMat_ 2,respMat_ 3,respMat_ 4,respMat_ 5,respMat_ 6,respMat_ 7,respMat_ 8,respMat_ 9,respMat_10,respMat_11,respMat_12
8,1,1,Theta,1023-sin-4Hz.avi,oneeighty,sin-oneeighty-4Hz-dar11.wav,180,dar,3,6.19071793556213,1702556230.43327
8,1,2,Theta,1061-sin-4Hz.avi,oneeighty,sin-oneeighty-4Hz-choir14.wav,180,choir,2,3.55747604370117,1702556242.45838
8,1,3,Theta,1003-sin-4Hz.avi,zero,sin-zero-4Hz-dar12.wav,0,dar,4,5.66194701194763,1702556251.84195
8,1,4,Theta,1034-sin-4Hz.avi,oneeighty,sin-oneeighty-4Hz-acoustic11.wav,180,acoustic,2,2.80180597305298,1702556262.94201
8,1,5,Theta,1014-sin-4Hz.avi,zero,sin-zero-4Hz-choir2.wav,0,choir,4,1.47283411026001,1702556271.75901
8,1,6,Theta,1037-sin-4Hz.avi,zero,sin-zero-4Hz-acoustic23.wav,0,acoustic,5,4.88211488723755,1702556278.73383
8,1,7,Theta,1022-sin-4Hz.avi,oneeighty,sin-oneeighty-4Hz-orch5.wav,180,orch,4,2.19458794593811,1702556289.91723
8,1,8,Theta,1026-sin-4Hz.avi,zero,sin-zero-4Hz-orch4.wav,0,orch,4,1.42615509033203,1702556296.92569
8,1,9,Theta,1051-sin-4Hz.avi,zero,sin-zero-4Hz-acoustic14.wav,0,acoustic,2,2.33604288101196,1702556304.57589
8,1,10,Theta,1029-sin-4Hz.avi,zero,sin-zero-4Hz-orch23.wav,0,orch,2,2.53201103210449,1702556311.27586
8,1,11,Theta,1018-sin-4Hz.avi,zero,sin-zero-4Hz-dar13.wav,0,dar,2,0.847745180130005,1702556319.58427
8,1,12,Theta,1066-sin-4Hz.avi,oneeighty,sin-oneeighty-4Hz-choir7.wav,180,choir,1,2.48019695281982,1702556325.96778
8,1,13,Theta,1024-sin-4Hz.avi,oneeighty,sin-oneeighty-4Hz-acoustic7.wav,180,acoustic,3,0.918447017669678,1702556333.60943
8,1,14,Theta,1025-sin-4Hz.avi,oneeighty,sin-oneeighty-4Hz-orch20.wav,180,orch,4,1.518639087677,1702556340.20935
8,1,15,Theta,1030-sin-4Hz.avi,oneeighty,sin-oneeighty-4Hz-dar2.wav,180,dar,1,1.37033987045288,1702556346.30955
8,1,16,Theta,1015-sin-4Hz.avi,zero,sin-zero-4Hz-choir18.wav,0,choir,2,7.66044902801514,1702556352.65981
