respMat_ 1,respMat_ 2,respMat_ 3,respMat_ 4,respMat_ 5,respMat_ 6,respMat_ 7,respMat_ 8,respMat_ 9,respMat_10,respMat_11,respMat_12
7,8,1,Theta,1014-sin-4Hz.avi,oneeighty,sin-oneeighty-4Hz-orch4.wav,180,orch,3,0.70817494392395,1701437061.87019
7,8,2,Theta,1034-sin-4Hz.avi,zero,sin-zero-4Hz-dar11.wav,0,dar,5,0.323371887207031,1701437068.47897
7,8,3,Theta,1026-sin-4Hz.avi,oneeighty,sin-oneeighty-4Hz-orch22.wav,180,orch,2,1.56857299804688,1701437074.96185
7,8,4,Theta,1061-sin-4Hz.avi,zero,sin-zero-4Hz-choir7.wav,0,choir,4,0.267400979995728,1701437082.2789
7,8,5,Theta,1017-sin-4Hz.avi,oneeighty,sin-oneeighty-4Hz-dar20.wav,180,dar,3,3.41253280639648,1701437087.66197
7,8,6,Theta,1053-sin-4Hz.avi,zero,sin-zero-4Hz-choir15.wav,0,choir,1,3.61678981781006,1701437096.73774
7,8,7,Theta,1004-sin-4Hz.avi,zero,sin-zero-4Hz-dar2.wav,0,dar,4,1.19962978363037,1701437106.37079
7,8,8,Theta,1006-sin-4Hz.avi,oneeighty,sin-oneeighty-4Hz-acoustic23.wav,180,acoustic,4,0.69992995262146,1701437112.47064
7,8,9,Theta,1018-sin-4Hz.avi,oneeighty,sin-oneeighty-4Hz-dar17.wav,180,dar,3,1.69155311584473,1701437119.07907
7,8,10,Theta,1030-sin-4Hz.avi,zero,sin-zero-4Hz-acoustic11.wav,0,acoustic,2,0.451402902603149,1701437125.67924
7,8,11,Theta,1052-sin-4Hz.avi,zero,sin-zero-4Hz-orch5.wav,0,orch,3,3.80003786087036,1701437130.55462
7,8,12,Theta,1002-sin-4Hz.avi,oneeighty,sin-oneeighty-4Hz-choir6.wav,180,choir,2,0.699810028076172,1701437139.65487
7,8,13,Theta,1016-sin-4Hz.avi,oneeighty,sin-oneeighty-4Hz-choir2.wav,180,choir,1,0.302832841873169,1701437146.38779
7,8,14,Theta,1010-sin-4Hz.avi,oneeighty,sin-oneeighty-4Hz-acoustic34.wav,180,acoustic,4,0.398998975753784,1701437152.97973
7,8,15,Theta,1023-sin-4Hz.avi,zero,sin-zero-4Hz-acoustic32.wav,0,acoustic,3,3.68978595733643,1701437158.71295
7,8,16,Theta,1049-sin-4Hz.avi,zero,sin-zero-4Hz-orch3.wav,0,orch,4,2.65140199661255,1701437168.07135
