respMat_ 1,respMat_ 2,respMat_ 3,respMat_ 4,respMat_ 5,respMat_ 6,respMat_ 7,respMat_ 8,respMat_ 9,respMat_10,respMat_11,respMat_12
17,3,1,Theta,1023-sin-4Hz.avi,zero,sin-zero-4Hz-dar11.wav,0,dar,2,3.48325991630554,1701880562.49689
17,3,2,Theta,1034-sin-4Hz.avi,zero,sin-zero-4Hz-choir23.wav,0,choir,3,4.24603700637817,1701880570.63026
17,3,3,Theta,1048-sin-4Hz.avi,oneeighty,sin-oneeighty-4Hz-acoustic25.wav,180,acoustic,4,1.71130204200745,1701880580.60482
17,3,4,Theta,1006-sin-4Hz.avi,oneeighty,sin-oneeighty-4Hz-dar20.wav,180,dar,3,1.95279288291931,1701880586.95539
17,3,5,Theta,1030-sin-4Hz.avi,zero,sin-zero-4Hz-acoustic32.wav,0,acoustic,4,2.49051094055176,1701880594.72163
17,3,6,Theta,1061-sin-4Hz.avi,zero,sin-zero-4Hz-dar10.wav,0,dar,1,0.247167825698853,1701880603.39699
17,3,7,Theta,1015-sin-4Hz.avi,oneeighty,sin-oneeighty-4Hz-acoustic14.wav,180,acoustic,5,1.0928099155426,1701880609.06334
17,3,8,Theta,1029-sin-4Hz.avi,oneeighty,sin-oneeighty-4Hz-orch4.wav,180,orch,2,0.929460048675537,1701880615.5307
17,3,9,Theta,1010-sin-4Hz.avi,oneeighty,sin-oneeighty-4Hz-choir2.wav,180,choir,3,0.984724044799805,1701880621.34744
17,3,10,Theta,1004-sin-4Hz.avi,zero,sin-zero-4Hz-acoustic1.wav,0,acoustic,4,0.389166831970215,1701880628.24699
17,3,11,Theta,1016-sin-4Hz.avi,oneeighty,sin-oneeighty-4Hz-dar12.wav,180,dar,2,1.23658895492554,1701880633.44758
17,3,12,Theta,1052-sin-4Hz.avi,zero,sin-zero-4Hz-orch20.wav,0,orch,2,0.151859998703003,1701880639.78038
17,3,13,Theta,1033-sin-4Hz.avi,zero,sin-zero-4Hz-choir15.wav,0,choir,3,0.635464906692505,1701880645.68062
17,3,14,Theta,1051-sin-4Hz.avi,oneeighty,sin-oneeighty-4Hz-orch24.wav,180,orch,2,2.43321299552917,1701880650.93894
17,3,15,Theta,1012-sin-4Hz.avi,oneeighty,sin-oneeighty-4Hz-choir18.wav,180,choir,4,1.57744717597961,1701880658.13076
17,3,16,Theta,1066-sin-4Hz.avi,zero,sin-zero-4Hz-orch15.wav,0,orch,3,1.19748306274414,1701880665.42266
