respMat_ 1,respMat_ 2,respMat_ 3,respMat_ 4,respMat_ 5,respMat_ 6,respMat_ 7,respMat_ 8,respMat_ 9,respMat_10,respMat_11,respMat_12
12,6,1,Theta,1061-sin-4Hz.avi,oneeighty,sin-oneeighty-4Hz-acoustic11.wav,180,acoustic,4,0.351114988327026,1701786350.35828
12,6,2,Theta,1043-sin-4Hz.avi,zero,sin-zero-4Hz-orch4.wav,0,orch,1,0.35709810256958,1701786355.0083
12,6,3,Theta,1029-sin-4Hz.avi,zero,sin-zero-4Hz-choir18.wav,0,choir,2,0.155488014221191,1701786359.84994
12,6,4,Theta,1052-sin-4Hz.avi,oneeighty,sin-oneeighty-4Hz-choir15.wav,180,choir,2,1.53055214881897,1701786366.05881
12,6,5,Theta,1010-sin-4Hz.avi,zero,sin-zero-4Hz-dar12.wav,0,dar,1,0.882833003997803,1701786373.25055
12,6,6,Theta,1003-sin-4Hz.avi,zero,sin-zero-4Hz-acoustic14.wav,0,acoustic,4,0.404506921768188,1701786379.00889
12,6,7,Theta,1017-sin-4Hz.avi,zero,sin-zero-4Hz-choir6.wav,0,choir,1,0.364115953445435,1701786384.42537
12,6,8,Theta,1033-sin-4Hz.avi,oneeighty,sin-oneeighty-4Hz-dar22.wav,180,dar,4,0.316772937774658,1701786390.60065
12,6,9,Theta,1030-sin-4Hz.avi,oneeighty,sin-oneeighty-4Hz-orch3.wav,180,orch,1,0.388015985488892,1701786396.41742
12,6,10,Theta,1013-sin-4Hz.avi,oneeighty,sin-oneeighty-4Hz-orch15.wav,180,orch,2,0.458240985870361,1701786401.65922
12,6,11,Theta,1014-sin-4Hz.avi,zero,sin-zero-4Hz-orch24.wav,0,orch,5,0.291882991790771,1701786407.61755
12,6,12,Theta,1027-sin-4Hz.avi,oneeighty,sin-oneeighty-4Hz-choir14.wav,180,choir,1,0.231686115264893,1701786413.32579
12,6,13,Theta,1022-sin-4Hz.avi,oneeighty,sin-oneeighty-4Hz-acoustic32.wav,180,acoustic,5,0.265377044677734,1701786418.07608
12,6,14,Theta,1023-sin-4Hz.avi,oneeighty,sin-oneeighty-4Hz-dar10.wav,180,dar,1,0.277841091156006,1701786422.97565
12,6,15,Theta,1048-sin-4Hz.avi,zero,sin-zero-4Hz-acoustic23.wav,0,acoustic,5,0.250279188156128,1701786427.8512
12,6,16,Theta,1037-sin-4Hz.avi,zero,sin-zero-4Hz-dar20.wav,0,dar,4,0.344151020050049,1701786433.10129
