respMat_ 1,respMat_ 2,respMat_ 3,respMat_ 4,respMat_ 5,respMat_ 6,respMat_ 7,respMat_ 8,respMat_ 9,respMat_10,respMat_11,respMat_12
10,5,1,Theta,1004-sin-4Hz.avi,oneeighty,sin-oneeighty-4Hz-orch15.wav,180,orch,5,1.09743905067444,1701707324.98445
10,5,2,Theta,1006-sin-4Hz.avi,zero,sin-zero-4Hz-choir18.wav,0,choir,2,0.354611873626709,1701707330.94331
10,5,3,Theta,1002-sin-4Hz.avi,zero,sin-zero-4Hz-orch4.wav,0,orch,1,0.344336032867432,1701707336.20163
10,5,4,Theta,1010-sin-4Hz.avi,zero,sin-zero-4Hz-choir21.wav,0,choir,4,0.331169128417969,1701707341.33478
10,5,5,Theta,1017-sin-4Hz.avi,zero,sin-zero-4Hz-acoustic25.wav,0,acoustic,5,1.53045010566711,1701707346.35947
10,5,6,Theta,1025-sin-4Hz.avi,oneeighty,sin-oneeighty-4Hz-acoustic11.wav,180,acoustic,2,1.25937104225159,1701707353.7186
10,5,7,Theta,1014-sin-4Hz.avi,zero,sin-zero-4Hz-acoustic34.wav,0,acoustic,4,0.671861886978149,1701707360.2101
10,5,8,Theta,1016-sin-4Hz.avi,zero,sin-zero-4Hz-dar17.wav,0,dar,4,2.04658699035645,1701707365.84337
10,5,9,Theta,1066-sin-4Hz.avi,oneeighty,sin-oneeighty-4Hz-choir23.wav,180,choir,2,0.293411016464233,1701707374.07657
10,5,10,Theta,1030-sin-4Hz.avi,oneeighty,sin-oneeighty-4Hz-choir7.wav,180,choir,2,0.33814811706543,1701707379.34384
10,5,11,Theta,1053-sin-4Hz.avi,oneeighty,sin-oneeighty-4Hz-orch5.wav,180,orch,2,0.819061994552612,1701707385.72683
10,5,12,Theta,1027-sin-4Hz.avi,oneeighty,sin-oneeighty-4Hz-dar11.wav,180,dar,2,1.72027611732483,1701707391.38562
10,5,13,Theta,1048-sin-4Hz.avi,zero,sin-zero-4Hz-dar13.wav,0,dar,5,0.594361066818237,1701707399.3435
10,5,14,Theta,1029-sin-4Hz.avi,zero,sin-zero-4Hz-orch24.wav,0,orch,4,2.17536497116089,1701707406.21047
10,5,15,Theta,1034-sin-4Hz.avi,oneeighty,sin-oneeighty-4Hz-acoustic32.wav,180,acoustic,5,0.322980880737305,1701707413.51873
10,5,16,Theta,1024-sin-4Hz.avi,oneeighty,sin-oneeighty-4Hz-dar22.wav,180,dar,5,0.262815952301025,1701707418.21896
