respMat_ 1,respMat_ 2,respMat_ 3,respMat_ 4,respMat_ 5,respMat_ 6,respMat_ 7,respMat_ 8,respMat_ 9,respMat_10,respMat_11,respMat_12
13,4,1,Theta,1025-sin-4Hz.avi,zero,sin-zero-4Hz-choir14.wav,0,choir,3,1.94298696517944,1701793117.11047
13,4,2,Theta,1010-sin-4Hz.avi,oneeighty,sin-oneeighty-4Hz-dar20.wav,180,dar,5,0.401942014694214,1701793124.63552
13,4,3,Theta,1012-sin-4Hz.avi,oneeighty,sin-oneeighty-4Hz-acoustic25.wav,180,acoustic,5,0.742327213287354,1701793130.1191
13,4,4,Theta,1015-sin-4Hz.avi,oneeighty,sin-oneeighty-4Hz-orch23.wav,180,orch,1,1.14012002944946,1701793135.5774
13,4,5,Theta,1026-sin-4Hz.avi,oneeighty,sin-oneeighty-4Hz-orch22.wav,180,orch,2,5.05362391471863,1701793141.53577
13,4,6,Theta,1027-sin-4Hz.avi,zero,sin-zero-4Hz-choir7.wav,0,choir,3,0.985176086425781,1701793151.84421
13,4,7,Theta,1018-sin-4Hz.avi,oneeighty,sin-oneeighty-4Hz-choir21.wav,180,choir,4,1.77367091178894,1701793157.53582
13,4,8,Theta,1029-sin-4Hz.avi,oneeighty,sin-oneeighty-4Hz-choir18.wav,180,choir,3,1.28668689727783,1701793163.70282
13,4,9,Theta,1037-sin-4Hz.avi,oneeighty,sin-oneeighty-4Hz-dar12.wav,180,dar,2,0.421270132064819,1701793170.13623
13,4,10,Theta,1023-sin-4Hz.avi,zero,sin-zero-4Hz-orch5.wav,0,orch,3,1.62727808952332,1701793175.18619
13,4,11,Theta,1013-sin-4Hz.avi,zero,sin-zero-4Hz-acoustic11.wav,0,acoustic,4,0.804995059967041,1701793181.94451
13,4,12,Theta,1051-sin-4Hz.avi,oneeighty,sin-oneeighty-4Hz-acoustic23.wav,180,acoustic,1,0.739201068878174,1701793187.5943
13,4,13,Theta,1061-sin-4Hz.avi,zero,sin-zero-4Hz-dar11.wav,0,dar,5,0.804686069488525,1701793192.95276
13,4,14,Theta,1024-sin-4Hz.avi,zero,sin-zero-4Hz-acoustic32.wav,0,acoustic,5,0.652964115142822,1701793198.54457
13,4,15,Theta,1049-sin-4Hz.avi,zero,sin-zero-4Hz-orch3.wav,0,orch,5,0.398693084716797,1701793204.49482
13,4,16,Theta,1053-sin-4Hz.avi,zero,sin-zero-4Hz-dar22.wav,0,dar,4,1.12669205665588,1701793210.1028
