respMat_ 1,respMat_ 2,respMat_ 3,respMat_ 4,respMat_ 5,respMat_ 6,respMat_ 7,respMat_ 8,respMat_ 9,respMat_10,respMat_11,respMat_12
12,8,1,Theta,1052-sin-4Hz.avi,oneeighty,sin-oneeighty-4Hz-choir15.wav,180,choir,1,0.659136056900024,1701786535.20239
12,8,2,Theta,1023-sin-4Hz.avi,oneeighty,sin-oneeighty-4Hz-dar10.wav,180,dar,1,0.2760329246521,1701786540.78555
12,8,3,Theta,1010-sin-4Hz.avi,zero,sin-zero-4Hz-dar12.wav,0,dar,2,0.156991004943848,1701786545.56055
12,8,4,Theta,1037-sin-4Hz.avi,zero,sin-zero-4Hz-dar20.wav,0,dar,5,0.304299831390381,1701786551.6693
12,8,5,Theta,1014-sin-4Hz.avi,zero,sin-zero-4Hz-orch24.wav,0,orch,5,0.198818922042847,1701786557.71079
12,8,6,Theta,1043-sin-4Hz.avi,zero,sin-zero-4Hz-orch4.wav,0,orch,1,0.238023996353149,1701786563.12762
12,8,7,Theta,1030-sin-4Hz.avi,oneeighty,sin-oneeighty-4Hz-orch3.wav,180,orch,1,0.38083291053772,1701786569.16078
12,8,8,Theta,1033-sin-4Hz.avi,oneeighty,sin-oneeighty-4Hz-dar22.wav,180,dar,4,1.36108303070068,1701786575.84454
12,8,9,Theta,1029-sin-4Hz.avi,zero,sin-zero-4Hz-choir18.wav,0,choir,1,0.328530073165894,1701786583.46914
12,8,10,Theta,1003-sin-4Hz.avi,zero,sin-zero-4Hz-acoustic14.wav,0,acoustic,5,0.367366075515747,1701786588.8863
12,8,11,Theta,1061-sin-4Hz.avi,oneeighty,sin-oneeighty-4Hz-acoustic11.wav,180,acoustic,4,0.488206148147583,1701786594.47741
12,8,12,Theta,1027-sin-4Hz.avi,oneeighty,sin-oneeighty-4Hz-choir14.wav,180,choir,1,0.232393980026245,1701786600.65323
12,8,13,Theta,1022-sin-4Hz.avi,oneeighty,sin-oneeighty-4Hz-acoustic32.wav,180,acoustic,5,0.316766023635864,1701786606.95287
12,8,14,Theta,1017-sin-4Hz.avi,zero,sin-zero-4Hz-choir6.wav,0,choir,2,0.392527103424072,1701786612.06108
12,8,15,Theta,1013-sin-4Hz.avi,oneeighty,sin-oneeighty-4Hz-orch15.wav,180,orch,5,0.300328969955444,1701786618.55331
12,8,16,Theta,1048-sin-4Hz.avi,zero,sin-zero-4Hz-acoustic23.wav,0,acoustic,5,0.275354862213135,1701786623.37825
