respMat_ 1,respMat_ 2,respMat_ 3,respMat_ 4,respMat_ 5,respMat_ 6,respMat_ 7,respMat_ 8,respMat_ 9,respMat_10,respMat_11,respMat_12
14,1,1,Theta,1049-sin-4Hz.avi,oneeighty,sin-oneeighty-4Hz-dar2.wav,180,dar,1,1.26283597946167,1701796565.16992
14,1,2,Theta,1026-sin-4Hz.avi,zero,sin-zero-4Hz-dar20.wav,0,dar,2,1.60759091377258,1701796572.74518
14,1,3,Theta,1012-sin-4Hz.avi,zero,sin-zero-4Hz-orch23.wav,0,orch,4,0.589471817016602,1701796580.19525
14,1,4,Theta,1006-sin-4Hz.avi,zero,sin-zero-4Hz-acoustic14.wav,0,acoustic,3,0.750335931777954,1701796586.97832
14,1,5,Theta,1014-sin-4Hz.avi,zero,sin-zero-4Hz-dar13.wav,0,dar,2,1.64230108261108,1701796592.47045
14,1,6,Theta,1029-sin-4Hz.avi,zero,sin-zero-4Hz-choir21.wav,0,choir,1,0.852216958999634,1701796600.02848
14,1,7,Theta,1025-sin-4Hz.avi,oneeighty,sin-oneeighty-4Hz-orch15.wav,180,orch,2,1.12460088729858,1701796606.01211
14,1,8,Theta,1048-sin-4Hz.avi,zero,sin-zero-4Hz-choir18.wav,0,choir,2,1.3304500579834,1701796613.26226
14,1,9,Theta,1022-sin-4Hz.avi,oneeighty,sin-oneeighty-4Hz-orch20.wav,180,orch,3,1.9213559627533,1701796620.28736
14,1,10,Theta,1004-sin-4Hz.avi,oneeighty,sin-oneeighty-4Hz-dar22.wav,180,dar,5,1.11141180992126,1701796628.34545
14,1,11,Theta,1018-sin-4Hz.avi,zero,sin-zero-4Hz-orch24.wav,0,orch,4,0.62438178062439,1701796634.51238
14,1,12,Theta,1030-sin-4Hz.avi,oneeighty,sin-oneeighty-4Hz-acoustic11.wav,180,acoustic,2,1.64540100097656,1701796639.98749
14,1,13,Theta,1053-sin-4Hz.avi,oneeighty,sin-oneeighty-4Hz-choir14.wav,180,choir,2,1.47573208808899,1701796647.03721
14,1,14,Theta,1015-sin-4Hz.avi,zero,sin-zero-4Hz-acoustic25.wav,0,acoustic,4,0.880122184753418,1701796653.71266
14,1,15,Theta,1061-sin-4Hz.avi,oneeighty,sin-oneeighty-4Hz-acoustic7.wav,180,acoustic,4,0.725104093551636,1701796658.98764
14,1,16,Theta,1024-sin-4Hz.avi,oneeighty,sin-oneeighty-4Hz-choir7.wav,180,choir,3,4.16104197502136,1701796665.08773
