respMat_ 1,respMat_ 2,respMat_ 3,respMat_ 4,respMat_ 5,respMat_ 6,respMat_ 7,respMat_ 8,respMat_ 9,respMat_10,respMat_11,respMat_12
8,4,1,Theta,1037-sin-4Hz.avi,zero,sin-zero-4Hz-acoustic23.wav,0,acoustic,4,1.95802903175354,1702556654.13804
8,4,2,Theta,1030-sin-4Hz.avi,oneeighty,sin-oneeighty-4Hz-dar2.wav,180,dar,2,2.30369782447815,1702556661.69638
8,4,3,Theta,1066-sin-4Hz.avi,oneeighty,sin-oneeighty-4Hz-choir7.wav,180,choir,1,1.35937094688416,1702556669.90472
8,4,4,Theta,1025-sin-4Hz.avi,oneeighty,sin-oneeighty-4Hz-orch20.wav,180,orch,4,2.50006699562073,1702556677.17999
8,4,5,Theta,1026-sin-4Hz.avi,zero,sin-zero-4Hz-orch4.wav,0,orch,4,0.383947849273682,1702556685.28012
8,4,6,Theta,1014-sin-4Hz.avi,zero,sin-zero-4Hz-choir2.wav,0,choir,4,2.30705595016479,1702556690.60501
8,4,7,Theta,1024-sin-4Hz.avi,oneeighty,sin-oneeighty-4Hz-acoustic7.wav,180,acoustic,4,0.783385992050171,1702556697.69669
8,4,8,Theta,1018-sin-4Hz.avi,zero,sin-zero-4Hz-dar13.wav,0,dar,4,1.32855296134949,1702556704.06351
8,4,9,Theta,1023-sin-4Hz.avi,oneeighty,sin-oneeighty-4Hz-dar11.wav,180,dar,4,2.5588698387146,1702556711.50528
8,4,10,Theta,1022-sin-4Hz.avi,oneeighty,sin-oneeighty-4Hz-orch5.wav,180,orch,2,1.16707396507263,1702556720.09703
8,4,11,Theta,1061-sin-4Hz.avi,oneeighty,sin-oneeighty-4Hz-choir14.wav,180,choir,3,2.10767507553101,1702556726.58044
8,4,12,Theta,1029-sin-4Hz.avi,zero,sin-zero-4Hz-orch23.wav,0,orch,1,1.24345588684082,1702556733.58884
8,4,13,Theta,1003-sin-4Hz.avi,zero,sin-zero-4Hz-dar12.wav,0,dar,4,3.30017304420471,1702556740.76397
8,4,14,Theta,1034-sin-4Hz.avi,oneeighty,sin-oneeighty-4Hz-acoustic11.wav,180,acoustic,3,1.38287591934204,1702556749.49724
8,4,15,Theta,1051-sin-4Hz.avi,zero,sin-zero-4Hz-acoustic14.wav,0,acoustic,2,0.853600978851318,1702556756.12252
8,4,16,Theta,1015-sin-4Hz.avi,zero,sin-zero-4Hz-choir18.wav,0,choir,4,2.45883893966675,1702556761.58929
