respMat_ 1,respMat_ 2,respMat_ 3,respMat_ 4,respMat_ 5,respMat_ 6,respMat_ 7,respMat_ 8,respMat_ 9,respMat_10,respMat_11,respMat_12
8,5,1,Theta,1026-sin-4Hz.avi,zero,sin-zero-4Hz-orch4.wav,0,orch,4,2.08117389678955,1702556775.63096
8,5,2,Theta,1014-sin-4Hz.avi,zero,sin-zero-4Hz-choir2.wav,0,choir,4,0.974716901779175,1702556783.08942
8,5,3,Theta,1051-sin-4Hz.avi,zero,sin-zero-4Hz-acoustic14.wav,0,acoustic,3,2.38167905807495,1702556789.71447
8,5,4,Theta,1061-sin-4Hz.avi,oneeighty,sin-oneeighty-4Hz-choir14.wav,180,choir,3,1.16819000244141,1702556796.44795
8,5,5,Theta,1018-sin-4Hz.avi,zero,sin-zero-4Hz-dar13.wav,0,dar,4,0.516702890396118,1702556802.33144
8,5,6,Theta,1037-sin-4Hz.avi,zero,sin-zero-4Hz-acoustic23.wav,0,acoustic,4,0.536096096038818,1702556808.64807
8,5,7,Theta,1003-sin-4Hz.avi,zero,sin-zero-4Hz-dar12.wav,0,dar,4,1.85900402069092,1702556813.77314
8,5,8,Theta,1034-sin-4Hz.avi,oneeighty,sin-oneeighty-4Hz-acoustic11.wav,180,acoustic,3,2.42414212226868,1702556820.24803
8,5,9,Theta,1024-sin-4Hz.avi,oneeighty,sin-oneeighty-4Hz-acoustic7.wav,180,acoustic,4,1.02301383018494,1702556828.27315
8,5,10,Theta,1030-sin-4Hz.avi,oneeighty,sin-oneeighty-4Hz-dar2.wav,180,dar,1,0.945791006088257,1702556834.79839
8,5,11,Theta,1029-sin-4Hz.avi,zero,sin-zero-4Hz-orch23.wav,0,orch,2,0.874891996383667,1702556840.37327
8,5,12,Theta,1015-sin-4Hz.avi,zero,sin-zero-4Hz-choir18.wav,0,choir,3,2.94712805747986,1702556847.16505
8,5,13,Theta,1066-sin-4Hz.avi,oneeighty,sin-oneeighty-4Hz-choir7.wav,180,choir,1,0.738832950592041,1702556855.96537
8,5,14,Theta,1022-sin-4Hz.avi,oneeighty,sin-oneeighty-4Hz-orch5.wav,180,orch,2,1.31952404975891,1702556862.64867
8,5,15,Theta,1023-sin-4Hz.avi,oneeighty,sin-oneeighty-4Hz-dar11.wav,180,dar,4,0.454396963119507,1702556869.27379
8,5,16,Theta,1025-sin-4Hz.avi,oneeighty,sin-oneeighty-4Hz-orch20.wav,180,orch,4,1.6237518787384,1702556874.84046
