respMat_ 1,respMat_ 2,respMat_ 3,respMat_ 4,respMat_ 5,respMat_ 6,respMat_ 7,respMat_ 8,respMat_ 9,respMat_10,respMat_11,respMat_12
23,6,1,Theta,1034-sin-4Hz.avi,zero,sin-zero-4Hz-orch20.wav,0,orch,2,3.08312582969666,1702387320.99228
23,6,2,Theta,1027-sin-4Hz.avi,zero,sin-zero-4Hz-choir23.wav,0,choir,1,0.341366052627563,1702387329.3341
23,6,3,Theta,1051-sin-4Hz.avi,oneeighty,sin-oneeighty-4Hz-acoustic14.wav,180,acoustic,5,0.517911195755005,1702387334.11753
23,6,4,Theta,1061-sin-4Hz.avi,zero,sin-zero-4Hz-dar22.wav,0,dar,5,0.344322919845581,1702387339.25106
23,6,5,Theta,1006-sin-4Hz.avi,oneeighty,sin-oneeighty-4Hz-dar13.wav,180,dar,2,4.50828504562378,1702387344.75116
23,6,6,Theta,1002-sin-4Hz.avi,oneeighty,sin-oneeighty-4Hz-orch24.wav,180,orch,2,0.344752073287964,1702387355.04269
23,6,7,Theta,1025-sin-4Hz.avi,zero,sin-zero-4Hz-acoustic7.wav,0,acoustic,5,0.352331876754761,1702387360.65123
23,6,8,Theta,1012-sin-4Hz.avi,oneeighty,sin-oneeighty-4Hz-choir21.wav,180,choir,4,1.10910511016846,1702387365.52634
23,6,9,Theta,1043-sin-4Hz.avi,oneeighty,sin-oneeighty-4Hz-choir18.wav,180,choir,3,2.89849591255188,1702387372.39289
23,6,10,Theta,1015-sin-4Hz.avi,oneeighty,sin-oneeighty-4Hz-orch23.wav,180,orch,5,0.454687833786011,1702387380.48474
23,6,11,Theta,1003-sin-4Hz.avi,oneeighty,sin-oneeighty-4Hz-acoustic25.wav,180,acoustic,5,0.405547142028809,1702387386.91787
23,6,12,Theta,1013-sin-4Hz.avi,zero,sin-zero-4Hz-choir14.wav,0,choir,5,0.331557035446167,1702387392.15987
23,6,13,Theta,1049-sin-4Hz.avi,zero,sin-zero-4Hz-dar10.wav,0,dar,2,0.403085947036743,1702387398.56834
23,6,14,Theta,1017-sin-4Hz.avi,oneeighty,sin-oneeighty-4Hz-dar17.wav,180,dar,5,0.861301183700562,1702387404.31819
23,6,15,Theta,1044-sin-4Hz.avi,zero,sin-zero-4Hz-orch15.wav,0,orch,3,2.46376395225525,1702387410.25183
23,6,16,Theta,1022-sin-4Hz.avi,zero,sin-zero-4Hz-acoustic32.wav,0,acoustic,5,0.374655961990356,1702387417.477
