respMat_ 1,respMat_ 2,respMat_ 3,respMat_ 4,respMat_ 5,respMat_ 6,respMat_ 7,respMat_ 8,respMat_ 9,respMat_10,respMat_11,respMat_12
23,7,1,Theta,1003-sin-4Hz.avi,oneeighty,sin-oneeighty-4Hz-acoustic25.wav,180,acoustic,5,0.33986496925354,1702387425.54387
23,7,2,Theta,1015-sin-4Hz.avi,oneeighty,sin-oneeighty-4Hz-orch23.wav,180,orch,4,1.86510300636292,1702387430.81872
23,7,3,Theta,1043-sin-4Hz.avi,oneeighty,sin-oneeighty-4Hz-choir18.wav,180,choir,1,0.357976198196411,1702387438.69393
23,7,4,Theta,1013-sin-4Hz.avi,zero,sin-zero-4Hz-choir14.wav,0,choir,4,0.320279836654663,1702387445.22775
23,7,5,Theta,1002-sin-4Hz.avi,oneeighty,sin-oneeighty-4Hz-orch24.wav,180,orch,2,1.29415488243103,1702387450.68595
23,7,6,Theta,1027-sin-4Hz.avi,zero,sin-zero-4Hz-choir23.wav,0,choir,1,0.312921047210693,1702387457.01124
23,7,7,Theta,1017-sin-4Hz.avi,oneeighty,sin-oneeighty-4Hz-dar17.wav,180,dar,4,0.491791009902954,1702387463.13645
23,7,8,Theta,1049-sin-4Hz.avi,zero,sin-zero-4Hz-dar10.wav,0,dar,1,0.409800052642822,1702387468.38651
23,7,9,Theta,1022-sin-4Hz.avi,zero,sin-zero-4Hz-acoustic32.wav,0,acoustic,5,0.340605974197388,1702387474.51978
23,7,10,Theta,1061-sin-4Hz.avi,zero,sin-zero-4Hz-dar22.wav,0,dar,5,0.312108993530273,1702387480.62835
23,7,11,Theta,1034-sin-4Hz.avi,zero,sin-zero-4Hz-orch20.wav,0,orch,2,2.69106507301331,1702387485.56149
23,7,12,Theta,1051-sin-4Hz.avi,oneeighty,sin-oneeighty-4Hz-acoustic14.wav,180,acoustic,4,0.433142185211182,1702387494.4115
23,7,13,Theta,1006-sin-4Hz.avi,oneeighty,sin-oneeighty-4Hz-dar13.wav,180,dar,1,0.252159118652344,1702387500.72056
23,7,14,Theta,1012-sin-4Hz.avi,oneeighty,sin-oneeighty-4Hz-choir21.wav,180,choir,3,0.295089960098267,1702387507.04569
23,7,15,Theta,1025-sin-4Hz.avi,zero,sin-zero-4Hz-acoustic7.wav,0,acoustic,5,0.225323915481567,1702387512.58747
23,7,16,Theta,1044-sin-4Hz.avi,zero,sin-zero-4Hz-orch15.wav,0,orch,4,0.538233995437622,1702387518.16264
