respMat_ 1,respMat_ 2,respMat_ 3,respMat_ 4,respMat_ 5,respMat_ 6,respMat_ 7,respMat_ 8,respMat_ 9,respMat_10,respMat_11,respMat_12
9,3,1,Theta,1043-sin-4Hz.avi,oneeighty,sin-oneeighty-4Hz-dar20.wav,180,dar,3,5.77044320106506,1701687508.62107
9,3,2,Theta,1034-sin-4Hz.avi,zero,sin-zero-4Hz-orch3.wav,0,orch,4,0.65144419670105,1701687520.18808
9,3,3,Theta,1004-sin-4Hz.avi,zero,sin-zero-4Hz-choir23.wav,0,choir,2,0.667853116989136,1701687526.5877
9,3,4,Theta,1051-sin-4Hz.avi,oneeighty,sin-oneeighty-4Hz-acoustic23.wav,180,acoustic,3,1.22705912590027,1701687531.9965
9,3,5,Theta,1061-sin-4Hz.avi,zero,sin-zero-4Hz-acoustic32.wav,0,acoustic,4,0.407836198806763,1701687538.67173
9,3,6,Theta,1010-sin-4Hz.avi,oneeighty,sin-oneeighty-4Hz-acoustic14.wav,180,acoustic,5,3.35599398612976,1701687545.37165
9,3,7,Theta,1066-sin-4Hz.avi,zero,sin-zero-4Hz-dar2.wav,0,dar,4,0.263436794281006,1701687553.6802
9,3,8,Theta,1013-sin-4Hz.avi,zero,sin-zero-4Hz-dar22.wav,0,dar,4,0.271978139877319,1701687558.26365
9,3,9,Theta,1048-sin-4Hz.avi,oneeighty,sin-oneeighty-4Hz-orch24.wav,180,orch,3,0.529528141021729,1701687564.23011
9,3,10,Theta,1003-sin-4Hz.avi,oneeighty,sin-oneeighty-4Hz-choir2.wav,180,choir,3,0.473499059677124,1701687569.63018
9,3,11,Theta,1002-sin-4Hz.avi,oneeighty,sin-oneeighty-4Hz-dar13.wav,180,dar,2,0.87155818939209,1701687575.88828
9,3,12,Theta,1053-sin-4Hz.avi,zero,sin-zero-4Hz-acoustic11.wav,0,acoustic,2,1.45949602127075,1701687581.78023
9,3,13,Theta,1026-sin-4Hz.avi,oneeighty,sin-oneeighty-4Hz-orch23.wav,180,orch,3,1.80229902267456,1701687589.1974
9,3,14,Theta,1027-sin-4Hz.avi,zero,sin-zero-4Hz-orch5.wav,0,orch,2,0.849015951156616,1701687597.23868
9,3,15,Theta,1017-sin-4Hz.avi,oneeighty,sin-oneeighty-4Hz-choir18.wav,180,choir,3,0.398789882659912,1701687602.48896
9,3,16,Theta,1024-sin-4Hz.avi,zero,sin-zero-4Hz-choir7.wav,0,choir,3,2.31898903846741,1701687607.8807
