respMat_ 1,respMat_ 2,respMat_ 3,respMat_ 4,respMat_ 5,respMat_ 6,respMat_ 7,respMat_ 8,respMat_ 9,respMat_10,respMat_11,respMat_12
1,4,1,Theta,1002-sin-4Hz.avi,oneeighty,sin-oneeighty-4Hz-choir2.wav,180,choir,2,2.26427292823792,1701164733.86033
1,4,2,Theta,1017-sin-4Hz.avi,oneeighty,sin-oneeighty-4Hz-acoustic23.wav,180,acoustic,5,2.37446188926697,1701164741.11032
1,4,3,Theta,1053-sin-4Hz.avi,zero,sin-zero-4Hz-choir14.wav,0,choir,1,3.18394899368286,1701164748.66866
1,4,4,Theta,1015-sin-4Hz.avi,oneeighty,sin-oneeighty-4Hz-dar20.wav,180,dar,1,4.00133013725281,1701164758.02725
1,4,5,Theta,1023-sin-4Hz.avi,zero,sin-zero-4Hz-dar11.wav,0,dar,3,2.01586413383484,1701164766.86074
1,4,6,Theta,1026-sin-4Hz.avi,oneeighty,sin-oneeighty-4Hz-choir6.wav,180,choir,4,2.07960987091064,1701164774.26898
1,4,7,Theta,1003-sin-4Hz.avi,oneeighty,sin-oneeighty-4Hz-orch24.wav,180,orch,1,1.62876296043396,1701164781.3438
1,4,8,Theta,1030-sin-4Hz.avi,zero,sin-zero-4Hz-choir15.wav,0,choir,2,3.75717210769653,1701164789.1354
1,4,9,Theta,1044-sin-4Hz.avi,zero,sin-zero-4Hz-acoustic7.wav,0,acoustic,4,2.82932019233704,1701164797.91926
1,4,10,Theta,1066-sin-4Hz.avi,zero,sin-zero-4Hz-orch15.wav,0,orch,3,2.36354899406433,1701164806.56093
1,4,11,Theta,1043-sin-4Hz.avi,oneeighty,sin-oneeighty-4Hz-orch23.wav,180,orch,3,3.15954399108887,1701164813.26902
1,4,12,Theta,1027-sin-4Hz.avi,zero,sin-zero-4Hz-orch5.wav,0,orch,1,2.29976415634155,1701164821.95278
1,4,13,Theta,1012-sin-4Hz.avi,oneeighty,sin-oneeighty-4Hz-acoustic25.wav,180,acoustic,4,1.76790499687195,1701164830.05268
1,4,14,Theta,1049-sin-4Hz.avi,zero,sin-zero-4Hz-dar10.wav,0,dar,1,1.88793087005615,1701164837.8526
1,4,15,Theta,1029-sin-4Hz.avi,oneeighty,sin-oneeighty-4Hz-dar13.wav,180,dar,2,3.10948514938354,1701164845.11106
1,4,16,Theta,1024-sin-4Hz.avi,zero,sin-zero-4Hz-acoustic1.wav,0,acoustic,5,2.06305003166199,1701164853.26151
