respMat_ 1,respMat_ 2,respMat_ 3,respMat_ 4,respMat_ 5,respMat_ 6,respMat_ 7,respMat_ 8,respMat_ 9,respMat_10,respMat_11,respMat_12
21,3,1,Theta,1023-sin-4Hz.avi,zero,sin-zero-4Hz-orch15.wav,0,orch,3,5.24242210388184,1702295041.80395
21,3,2,Theta,1043-sin-4Hz.avi,oneeighty,sin-oneeighty-4Hz-orch23.wav,180,orch,3,4.48193097114563,1702295052.61246
21,3,3,Theta,1053-sin-4Hz.avi,zero,sin-zero-4Hz-choir23.wav,0,choir,2,10.080864906311,1702295062.64555
21,3,4,Theta,1002-sin-4Hz.avi,oneeighty,sin-oneeighty-4Hz-acoustic25.wav,180,acoustic,5,0.397608995437622,1702295078.92084
21,3,5,Theta,1014-sin-4Hz.avi,oneeighty,sin-oneeighty-4Hz-acoustic23.wav,180,acoustic,3,2.47291398048401,1702295084.23749
21,3,6,Theta,1004-sin-4Hz.avi,zero,sin-zero-4Hz-choir14.wav,0,choir,4,2.21571493148804,1702295091.07069
21,3,7,Theta,1052-sin-4Hz.avi,zero,sin-zero-4Hz-dar22.wav,0,dar,5,0.550426959991455,1702295098.0962
21,3,8,Theta,1025-sin-4Hz.avi,zero,sin-zero-4Hz-dar2.wav,0,dar,4,0.619982004165649,1702295104.15442
21,3,9,Theta,1018-sin-4Hz.avi,oneeighty,sin-oneeighty-4Hz-choir21.wav,180,choir,1,0.726397037506104,1702295109.88809
21,3,10,Theta,1037-sin-4Hz.avi,oneeighty,sin-oneeighty-4Hz-dar17.wav,180,dar,2,0.899587869644165,1702295116.35483
21,3,11,Theta,1017-sin-4Hz.avi,oneeighty,sin-oneeighty-4Hz-dar20.wav,180,dar,4,3.57414793968201,1702295122.28828
21,3,12,Theta,1027-sin-4Hz.avi,zero,sin-zero-4Hz-orch20.wav,0,orch,3,0.571125030517578,1702295131.56327
21,3,13,Theta,1022-sin-4Hz.avi,zero,sin-zero-4Hz-acoustic11.wav,0,acoustic,3,1.87420392036438,1702295138.38822
21,3,14,Theta,1048-sin-4Hz.avi,oneeighty,sin-oneeighty-4Hz-orch4.wav,180,orch,1,0.357441902160645,1702295145.10503
21,3,15,Theta,1034-sin-4Hz.avi,zero,sin-zero-4Hz-acoustic7.wav,0,acoustic,4,1.30325293540955,1702295150.86318
21,3,16,Theta,1012-sin-4Hz.avi,oneeighty,sin-oneeighty-4Hz-choir6.wav,180,choir,5,3.5014009475708,1702295158.10507
