respMat_ 1,respMat_ 2,respMat_ 3,respMat_ 4,respMat_ 5,respMat_ 6,respMat_ 7,respMat_ 8,respMat_ 9,respMat_10,respMat_11,respMat_12
6,6,1,Theta,1048-sin-4Hz.avi,zero,sin-zero-4Hz-choir18.wav,0,choir,1,3.07370114326477,1701350329.55425
6,6,2,Theta,1037-sin-4Hz.avi,zero,sin-zero-4Hz-acoustic23.wav,0,acoustic,4,2.37305903434753,1701350338.8629
6,6,3,Theta,1023-sin-4Hz.avi,oneeighty,sin-oneeighty-4Hz-orch5.wav,180,orch,2,5.33187413215637,1701350346.4961
6,6,4,Theta,1013-sin-4Hz.avi,oneeighty,sin-oneeighty-4Hz-dar11.wav,180,dar,5,1.97706985473633,1701350357.7549
6,6,5,Theta,1016-sin-4Hz.avi,zero,sin-zero-4Hz-orch4.wav,0,orch,1,1.44037818908691,1701350365.7796
6,6,6,Theta,1018-sin-4Hz.avi,zero,sin-zero-4Hz-acoustic25.wav,0,acoustic,5,3.96772599220276,1701350372.78829
6,6,7,Theta,1002-sin-4Hz.avi,zero,sin-zero-4Hz-choir2.wav,0,choir,1,4.66518878936768,1701350381.94682
6,6,8,Theta,1034-sin-4Hz.avi,oneeighty,sin-oneeighty-4Hz-acoustic7.wav,180,acoustic,3,2.474848985672,1701350391.30519
6,6,9,Theta,1030-sin-4Hz.avi,oneeighty,sin-oneeighty-4Hz-dar22.wav,180,dar,3,3.53872609138489,1701350399.90532
6,6,10,Theta,1014-sin-4Hz.avi,zero,sin-zero-4Hz-orch23.wav,0,orch,2,4.18497204780579,1701350409.35502
6,6,11,Theta,1003-sin-4Hz.avi,zero,sin-zero-4Hz-dar17.wav,0,dar,2,3.46662497520447,1701350418.10547
6,6,12,Theta,1053-sin-4Hz.avi,oneeighty,sin-oneeighty-4Hz-choir23.wav,180,choir,5,2.23220920562744,1701350425.96387
6,6,13,Theta,1043-sin-4Hz.avi,zero,sin-zero-4Hz-dar12.wav,0,dar,1,2.14908385276794,1701350432.63899
6,6,14,Theta,1022-sin-4Hz.avi,oneeighty,sin-oneeighty-4Hz-acoustic11.wav,180,acoustic,3,10.1704869270325,1701350440.5056
6,6,15,Theta,1004-sin-4Hz.avi,oneeighty,sin-oneeighty-4Hz-choir14.wav,180,choir,1,2.32246208190918,1701350456.49759
6,6,16,Theta,1044-sin-4Hz.avi,oneeighty,sin-oneeighty-4Hz-orch15.wav,180,orch,1,2.00639700889587,1701350465.00571
