respMat_ 1,respMat_ 2,respMat_ 3,respMat_ 4,respMat_ 5,respMat_ 6,respMat_ 7,respMat_ 8,respMat_ 9,respMat_10,respMat_11,respMat_12
11,1,1,Theta,1025-sin-4Hz.avi,zero,sin-zero-4Hz-choir14.wav,0,choir,3,2.5300178527832,1701774695.45243
11,1,2,Theta,1030-sin-4Hz.avi,zero,sin-zero-4Hz-dar2.wav,0,dar,4,1.85313987731934,1701774703.9693
11,1,3,Theta,1022-sin-4Hz.avi,zero,sin-zero-4Hz-orch15.wav,0,orch,5,0.963742971420288,1701774711.40272
11,1,4,Theta,1003-sin-4Hz.avi,oneeighty,sin-oneeighty-4Hz-orch24.wav,180,orch,4,1.16494607925415,1701774716.76937
11,1,5,Theta,1004-sin-4Hz.avi,zero,sin-zero-4Hz-dar10.wav,0,dar,2,3.75663208961487,1701774722.57786
11,1,6,Theta,1024-sin-4Hz.avi,zero,sin-zero-4Hz-acoustic1.wav,0,acoustic,5,0.954524040222168,1701774731.82785
11,1,7,Theta,1037-sin-4Hz.avi,oneeighty,sin-oneeighty-4Hz-orch4.wav,180,orch,3,0.725773096084595,1701774738.7446
11,1,8,Theta,1014-sin-4Hz.avi,oneeighty,sin-oneeighty-4Hz-acoustic23.wav,180,acoustic,4,1.1643590927124,1701774744.17799
11,1,9,Theta,1053-sin-4Hz.avi,zero,sin-zero-4Hz-choir23.wav,0,choir,3,1.78206300735474,1701774749.73632
11,1,10,Theta,1010-sin-4Hz.avi,oneeighty,sin-oneeighty-4Hz-choir6.wav,180,choir,4,1.54030203819275,1701774757.57808
11,1,11,Theta,1006-sin-4Hz.avi,oneeighty,sin-oneeighty-4Hz-acoustic34.wav,180,acoustic,3,1.21303701400757,1701774763.5534
11,1,12,Theta,1015-sin-4Hz.avi,oneeighty,sin-oneeighty-4Hz-dar17.wav,180,dar,5,0.944056034088135,1701774769.27834
11,1,13,Theta,1033-sin-4Hz.avi,zero,sin-zero-4Hz-acoustic7.wav,0,acoustic,5,0.85879111289978,1701774775.4116
11,1,14,Theta,1051-sin-4Hz.avi,oneeighty,sin-oneeighty-4Hz-dar12.wav,180,dar,2,3.59236907958984,1701774782.07006
11,1,15,Theta,1049-sin-4Hz.avi,zero,sin-zero-4Hz-orch5.wav,0,orch,3,1.81578707695007,1701774791.68678
11,1,16,Theta,1018-sin-4Hz.avi,oneeighty,sin-oneeighty-4Hz-choir18.wav,180,choir,2,1.13053703308105,1701774799.01186
