respMat_ 1,respMat_ 2,respMat_ 3,respMat_ 4,respMat_ 5,respMat_ 6,respMat_ 7,respMat_ 8,respMat_ 9,respMat_10,respMat_11,respMat_12
23,4,1,Theta,1034-sin-4Hz.avi,zero,sin-zero-4Hz-orch20.wav,0,orch,2,1.93359804153442,1702387085.5979
23,4,2,Theta,1006-sin-4Hz.avi,oneeighty,sin-oneeighty-4Hz-dar13.wav,180,dar,3,2.2107150554657,1702387093.65685
23,4,3,Theta,1002-sin-4Hz.avi,oneeighty,sin-oneeighty-4Hz-orch24.wav,180,orch,2,0.313804149627686,1702387101.47376
23,4,4,Theta,1013-sin-4Hz.avi,zero,sin-zero-4Hz-choir14.wav,0,choir,4,0.738512992858887,1702387107.86504
23,4,5,Theta,1061-sin-4Hz.avi,zero,sin-zero-4Hz-dar22.wav,0,dar,5,0.335300922393799,1702387113.13227
23,4,6,Theta,1043-sin-4Hz.avi,oneeighty,sin-oneeighty-4Hz-choir18.wav,180,choir,2,0.41271185874939,1702387118.39884
23,4,7,Theta,1025-sin-4Hz.avi,zero,sin-zero-4Hz-acoustic7.wav,0,acoustic,5,0.390971899032593,1702387123.74858
23,4,8,Theta,1017-sin-4Hz.avi,oneeighty,sin-oneeighty-4Hz-dar17.wav,180,dar,4,0.789350986480713,1702387129.78219
23,4,9,Theta,1012-sin-4Hz.avi,oneeighty,sin-oneeighty-4Hz-choir21.wav,180,choir,4,6.51909685134888,1702387135.54046
23,4,10,Theta,1027-sin-4Hz.avi,zero,sin-zero-4Hz-choir23.wav,0,choir,1,0.375406980514526,1702387147.12414
23,4,11,Theta,1003-sin-4Hz.avi,oneeighty,sin-oneeighty-4Hz-acoustic25.wav,180,acoustic,5,0.559102058410645,1702387153.53242
23,4,12,Theta,1049-sin-4Hz.avi,zero,sin-zero-4Hz-dar10.wav,0,dar,1,0.342163801193237,1702387159.74939
23,4,13,Theta,1051-sin-4Hz.avi,oneeighty,sin-oneeighty-4Hz-acoustic14.wav,180,acoustic,4,1.013188123703,1702387165.57434
23,4,14,Theta,1015-sin-4Hz.avi,oneeighty,sin-oneeighty-4Hz-orch23.wav,180,orch,4,0.935333967208862,1702387170.93218
23,4,15,Theta,1044-sin-4Hz.avi,zero,sin-zero-4Hz-orch15.wav,0,orch,5,1.18959403038025,1702387177.36593
23,4,16,Theta,1022-sin-4Hz.avi,zero,sin-zero-4Hz-acoustic32.wav,0,acoustic,5,0.830687999725342,1702387183.74083
