respMat_ 1,respMat_ 2,respMat_ 3,respMat_ 4,respMat_ 5,respMat_ 6,respMat_ 7,respMat_ 8,respMat_ 9,respMat_10,respMat_11,respMat_12
3,7,1,Theta,1010-sin-4Hz.avi,oneeighty,sin-oneeighty-4Hz-orch23.wav,180,orch,1,2.98973894119263,1701172326.59611
3,7,2,Theta,1037-sin-4Hz.avi,oneeighty,sin-oneeighty-4Hz-acoustic23.wav,180,acoustic,3,6.30173301696777,1701172335.18803
3,7,3,Theta,1015-sin-4Hz.avi,oneeighty,sin-oneeighty-4Hz-dar12.wav,180,dar,2,2.01317691802979,1701172347.20465
3,7,4,Theta,1003-sin-4Hz.avi,oneeighty,sin-oneeighty-4Hz-dar17.wav,180,dar,4,2.07345795631409,1701172354.48839
3,7,5,Theta,1004-sin-4Hz.avi,zero,sin-zero-4Hz-acoustic32.wav,0,acoustic,2,2.41429305076599,1701172360.96354
3,7,6,Theta,1049-sin-4Hz.avi,zero,sin-zero-4Hz-choir23.wav,0,choir,2,3.4243791103363,1701172369.52145
3,7,7,Theta,1048-sin-4Hz.avi,oneeighty,sin-oneeighty-4Hz-acoustic34.wav,180,acoustic,3,2.82379603385925,1701172377.72205
3,7,8,Theta,1024-sin-4Hz.avi,zero,sin-zero-4Hz-acoustic1.wav,0,acoustic,4,2.12324380874634,1701172385.63862
3,7,9,Theta,1030-sin-4Hz.avi,zero,sin-zero-4Hz-choir7.wav,0,choir,2,2.49432802200317,1701172393.95551
3,7,10,Theta,1016-sin-4Hz.avi,oneeighty,sin-oneeighty-4Hz-choir21.wav,180,choir,3,4.31365704536438,1701172401.48022
3,7,11,Theta,1053-sin-4Hz.avi,zero,sin-zero-4Hz-dar11.wav,0,dar,4,1.95881390571594,1701172410.139
3,7,12,Theta,1033-sin-4Hz.avi,zero,sin-zero-4Hz-orch3.wav,0,orch,4,2.27437996864319,1701172418.2555
3,7,13,Theta,1017-sin-4Hz.avi,oneeighty,sin-oneeighty-4Hz-orch22.wav,180,orch,2,2.0650520324707,1701172425.0888
3,7,14,Theta,1018-sin-4Hz.avi,oneeighty,sin-oneeighty-4Hz-choir6.wav,180,choir,3,3.46655011177063,1701172432.8554
3,7,15,Theta,1066-sin-4Hz.avi,zero,sin-zero-4Hz-orch15.wav,0,orch,4,3.25217890739441,1701172441.8057
3,7,16,Theta,1013-sin-4Hz.avi,zero,sin-zero-4Hz-dar10.wav,0,dar,5,3.24303483963013,1701172450.02283
