respMat_ 1,respMat_ 2,respMat_ 3,respMat_ 4,respMat_ 5,respMat_ 6,respMat_ 7,respMat_ 8,respMat_ 9,respMat_10,respMat_11,respMat_12
5,6,1,Theta,1061-sin-4Hz.avi,zero,sin-zero-4Hz-dar22.wav,0,dar,5,0.440452098846436,1701188302.48094
5,6,2,Theta,1037-sin-4Hz.avi,oneeighty,sin-oneeighty-4Hz-dar17.wav,180,dar,5,1.16190695762634,1701188308.44752
5,6,3,Theta,1033-sin-4Hz.avi,zero,sin-zero-4Hz-dar10.wav,0,dar,4,3.08907508850098,1701188314.05632
5,6,4,Theta,1014-sin-4Hz.avi,oneeighty,sin-oneeighty-4Hz-orch4.wav,180,orch,4,1.13918399810791,1701188323.01421
5,6,5,Theta,1043-sin-4Hz.avi,oneeighty,sin-oneeighty-4Hz-choir2.wav,180,choir,2,1.37256979942322,1701188328.97283
5,6,6,Theta,1034-sin-4Hz.avi,zero,sin-zero-4Hz-acoustic32.wav,0,acoustic,4,3.21024608612061,1701188335.02314
5,6,7,Theta,1018-sin-4Hz.avi,oneeighty,sin-oneeighty-4Hz-acoustic25.wav,180,acoustic,5,0.73405909538269,1701188344.13926
5,6,8,Theta,1022-sin-4Hz.avi,zero,sin-zero-4Hz-choir23.wav,0,choir,3,1.77436494827271,1701188349.91498
5,6,9,Theta,1013-sin-4Hz.avi,zero,sin-zero-4Hz-acoustic11.wav,0,acoustic,5,0.590941905975342,1701188356.31439
5,6,10,Theta,1016-sin-4Hz.avi,oneeighty,sin-oneeighty-4Hz-dar13.wav,180,dar,2,2.72998595237732,1701188361.42332
5,6,11,Theta,1030-sin-4Hz.avi,zero,sin-zero-4Hz-choir14.wav,0,choir,1,0.53484320640564,1701188370.30644
5,6,12,Theta,1002-sin-4Hz.avi,oneeighty,sin-oneeighty-4Hz-orch24.wav,180,orch,5,0.455463171005249,1701188376.68982
5,6,13,Theta,1024-sin-4Hz.avi,zero,sin-zero-4Hz-orch5.wav,0,orch,4,2.70309591293335,1701188381.49818
5,6,14,Theta,1025-sin-4Hz.avi,zero,sin-zero-4Hz-orch20.wav,0,orch,1,1.85590100288391,1701188389.48137
5,6,15,Theta,1048-sin-4Hz.avi,oneeighty,sin-oneeighty-4Hz-acoustic14.wav,180,acoustic,5,0.663694143295288,1701188397.47362
5,6,16,Theta,1012-sin-4Hz.avi,oneeighty,sin-oneeighty-4Hz-choir18.wav,180,choir,4,3.6319260597229,1701188403.46535
