respMat_ 1,respMat_ 2,respMat_ 3,respMat_ 4,respMat_ 5,respMat_ 6,respMat_ 7,respMat_ 8,respMat_ 9,respMat_10,respMat_11,respMat_12
22,7,1,Theta,1027-sin-4Hz.avi,oneeighty,sin-oneeighty-4Hz-acoustic32.wav,180,acoustic,4,0.651782989501953,1702380742.11671
22,7,2,Theta,1024-sin-4Hz.avi,oneeighty,sin-oneeighty-4Hz-dar22.wav,180,dar,4,0.526449918746948,1702380748.05005
22,7,3,Theta,1037-sin-4Hz.avi,zero,sin-zero-4Hz-acoustic23.wav,0,acoustic,5,0.412669897079468,1702380753.09186
22,7,4,Theta,1014-sin-4Hz.avi,zero,sin-zero-4Hz-dar12.wav,0,dar,1,0.551558971405029,1702380759.41694
22,7,5,Theta,1044-sin-4Hz.avi,oneeighty,sin-oneeighty-4Hz-choir23.wav,180,choir,2,1.06110501289368,1702380765.2754
22,7,6,Theta,1061-sin-4Hz.avi,oneeighty,sin-oneeighty-4Hz-orch3.wav,180,orch,4,0.809920072555542,1702380771.55861
22,7,7,Theta,1013-sin-4Hz.avi,oneeighty,sin-oneeighty-4Hz-choir14.wav,180,choir,2,0.833678960800171,1702380777.35875
22,7,8,Theta,1066-sin-4Hz.avi,oneeighty,sin-oneeighty-4Hz-dar2.wav,180,dar,4,0.338682174682617,1702380784.33381
22,7,9,Theta,1006-sin-4Hz.avi,zero,sin-zero-4Hz-acoustic14.wav,0,acoustic,2,2.71629595756531,1702380790.29221
22,7,10,Theta,1017-sin-4Hz.avi,zero,sin-zero-4Hz-choir18.wav,0,choir,5,0.494331121444702,1702380797.84218
22,7,11,Theta,1015-sin-4Hz.avi,zero,sin-zero-4Hz-choir6.wav,0,choir,5,0.294668912887573,1702380804.42581
22,7,12,Theta,1023-sin-4Hz.avi,oneeighty,sin-oneeighty-4Hz-acoustic11.wav,180,acoustic,3,0.586030006408691,1702380809.54247
22,7,13,Theta,1049-sin-4Hz.avi,oneeighty,sin-oneeighty-4Hz-orch15.wav,180,orch,3,1.94903993606567,1702380815.26746
22,7,14,Theta,1016-sin-4Hz.avi,zero,sin-zero-4Hz-orch4.wav,0,orch,2,0.70902681350708,1702380823.46747
22,7,15,Theta,1010-sin-4Hz.avi,zero,sin-zero-4Hz-dar20.wav,0,dar,3,2.08542490005493,1702380828.65111
22,7,16,Theta,1048-sin-4Hz.avi,zero,sin-zero-4Hz-orch23.wav,0,orch,4,0.591445922851562,1702380836.80103
