respMat_ 1,respMat_ 2,respMat_ 3,respMat_ 4,respMat_ 5,respMat_ 6,respMat_ 7,respMat_ 8,respMat_ 9,respMat_10,respMat_11,respMat_12
7,4,1,Theta,1066-sin-4Hz.avi,zero,sin-zero-4Hz-dar22.wav,0,dar,3,1.62749886512756,1701436601.79877
7,4,2,Theta,1037-sin-4Hz.avi,oneeighty,sin-oneeighty-4Hz-orch23.wav,180,orch,4,1.59063386917114,1701436607.72368
7,4,3,Theta,1033-sin-4Hz.avi,zero,sin-zero-4Hz-choir23.wav,0,choir,5,0.861491203308105,1701436614.54873
7,4,4,Theta,1048-sin-4Hz.avi,oneeighty,sin-oneeighty-4Hz-orch24.wav,180,orch,3,2.06155586242676,1701436619.7487
7,4,5,Theta,1022-sin-4Hz.avi,zero,sin-zero-4Hz-acoustic7.wav,0,acoustic,4,1.54740500450134,1701436626.19885
7,4,6,Theta,1013-sin-4Hz.avi,zero,sin-zero-4Hz-acoustic1.wav,0,acoustic,5,0.680938005447388,1701436632.0573
7,4,7,Theta,1024-sin-4Hz.avi,zero,sin-zero-4Hz-dar10.wav,0,dar,1,0.562819004058838,1701436638.60738
7,4,8,Theta,1003-sin-4Hz.avi,oneeighty,sin-oneeighty-4Hz-choir21.wav,180,choir,3,1.46904492378235,1701436644.54919
7,4,9,Theta,1027-sin-4Hz.avi,zero,sin-zero-4Hz-orch20.wav,0,orch,3,4.98070597648621,1701436651.96552
7,4,10,Theta,1025-sin-4Hz.avi,zero,sin-zero-4Hz-choir14.wav,0,choir,1,1.25104904174805,1701436662.99126
7,4,11,Theta,1043-sin-4Hz.avi,oneeighty,sin-oneeighty-4Hz-acoustic14.wav,180,acoustic,4,1.70561909675598,1701436668.82455
7,4,12,Theta,1051-sin-4Hz.avi,oneeighty,sin-oneeighty-4Hz-dar13.wav,180,dar,4,0.890455961227417,1701436675.39973
7,4,13,Theta,1015-sin-4Hz.avi,oneeighty,sin-oneeighty-4Hz-acoustic25.wav,180,acoustic,5,0.377227067947388,1701436680.84101
7,4,14,Theta,1044-sin-4Hz.avi,zero,sin-zero-4Hz-orch15.wav,0,orch,4,0.892706871032715,1701436685.95754
7,4,15,Theta,1029-sin-4Hz.avi,oneeighty,sin-oneeighty-4Hz-dar12.wav,180,dar,2,1.62749099731445,1701436691.99094
7,4,16,Theta,1012-sin-4Hz.avi,oneeighty,sin-oneeighty-4Hz-choir18.wav,180,choir,3,5.73921704292297,1701436698.39101
