respMat_ 1,respMat_ 2,respMat_ 3,respMat_ 4,respMat_ 5,respMat_ 6,respMat_ 7,respMat_ 8,respMat_ 9,respMat_10,respMat_11,respMat_12
11,4,1,Theta,1022-sin-4Hz.avi,zero,sin-zero-4Hz-orch15.wav,0,orch,5,0.381467819213867,1701775042.8806
11,4,2,Theta,1018-sin-4Hz.avi,oneeighty,sin-oneeighty-4Hz-choir18.wav,180,choir,3,0.520531177520752,1701775049.39747
11,4,3,Theta,1004-sin-4Hz.avi,zero,sin-zero-4Hz-dar10.wav,0,dar,1,0.35719108581543,1701775055.8808
11,4,4,Theta,1053-sin-4Hz.avi,zero,sin-zero-4Hz-choir23.wav,0,choir,3,0.367156028747559,1701775062.03083
11,4,5,Theta,1030-sin-4Hz.avi,zero,sin-zero-4Hz-dar2.wav,0,dar,4,2.28339219093323,1701775067.92253
11,4,6,Theta,1024-sin-4Hz.avi,zero,sin-zero-4Hz-acoustic1.wav,0,acoustic,5,0.356263875961304,1701775075.8976
11,4,7,Theta,1015-sin-4Hz.avi,oneeighty,sin-oneeighty-4Hz-dar17.wav,180,dar,3,0.691882848739624,1701775082.106
11,4,8,Theta,1010-sin-4Hz.avi,oneeighty,sin-oneeighty-4Hz-choir6.wav,180,choir,4,0.331202030181885,1701775088.32258
11,4,9,Theta,1033-sin-4Hz.avi,zero,sin-zero-4Hz-acoustic7.wav,0,acoustic,4,0.341532945632935,1701775093.46431
11,4,10,Theta,1051-sin-4Hz.avi,oneeighty,sin-oneeighty-4Hz-dar12.wav,180,dar,2,0.304655075073242,1701775099.98109
11,4,11,Theta,1006-sin-4Hz.avi,oneeighty,sin-oneeighty-4Hz-acoustic34.wav,180,acoustic,3,0.315766096115112,1701775105.69789
11,4,12,Theta,1014-sin-4Hz.avi,oneeighty,sin-oneeighty-4Hz-acoustic23.wav,180,acoustic,4,0.272445917129517,1701775110.78118
11,4,13,Theta,1003-sin-4Hz.avi,oneeighty,sin-oneeighty-4Hz-orch24.wav,180,orch,4,0.723850011825562,1701775117.08174
11,4,14,Theta,1025-sin-4Hz.avi,zero,sin-zero-4Hz-choir14.wav,0,choir,4,2.10867309570312,1701775123.87291
11,4,15,Theta,1049-sin-4Hz.avi,zero,sin-zero-4Hz-orch5.wav,0,orch,4,0.758116960525513,1701775132.23137
11,4,16,Theta,1037-sin-4Hz.avi,oneeighty,sin-oneeighty-4Hz-orch4.wav,180,orch,3,1.71978998184204,1701775138.3897
