respMat_ 1,respMat_ 2,respMat_ 3,respMat_ 4,respMat_ 5,respMat_ 6,respMat_ 7,respMat_ 8,respMat_ 9,respMat_10,respMat_11,respMat_12
4,5,1,Theta,1013-sin-4Hz.avi,oneeighty,sin-oneeighty-4Hz-acoustic11.wav,180,acoustic,4,6.74739098548889,1701271479.13238
4,5,2,Theta,1066-sin-4Hz.avi,oneeighty,sin-oneeighty-4Hz-acoustic1.wav,180,acoustic,3,2.09404301643372,1701271490.8577
4,5,3,Theta,1052-sin-4Hz.avi,oneeighty,sin-oneeighty-4Hz-choir15.wav,180,choir,4,2.68939089775085,1701271498.37446
4,5,4,Theta,1033-sin-4Hz.avi,oneeighty,sin-oneeighty-4Hz-dar11.wav,180,dar,5,3.68486595153809,1701271506.08303
4,5,5,Theta,1043-sin-4Hz.avi,zero,sin-zero-4Hz-orch24.wav,0,orch,4,1.97602605819702,1701271514.7999
4,5,6,Theta,1030-sin-4Hz.avi,oneeighty,sin-oneeighty-4Hz-orch3.wav,180,orch,4,9.0001380443573,1701271521.59995
4,5,7,Theta,1017-sin-4Hz.avi,zero,sin-zero-4Hz-acoustic34.wav,0,acoustic,5,3.2334349155426,1701271535.15852
4,5,8,Theta,1034-sin-4Hz.avi,oneeighty,sin-oneeighty-4Hz-dar10.wav,180,dar,3,8.97644901275635,1701271543.78366
4,5,9,Theta,1006-sin-4Hz.avi,zero,sin-zero-4Hz-dar17.wav,0,dar,4,9.71411681175232,1701271558.74208
4,5,10,Theta,1026-sin-4Hz.avi,zero,sin-zero-4Hz-choir2.wav,0,choir,3,2.70840501785278,1701271574.27581
4,5,11,Theta,1037-sin-4Hz.avi,zero,sin-zero-4Hz-dar12.wav,0,dar,2,2.32019400596619,1701271582.58406
4,5,12,Theta,1014-sin-4Hz.avi,zero,sin-zero-4Hz-acoustic14.wav,0,acoustic,4,3.53530383110046,1701271589.80099
4,5,13,Theta,1061-sin-4Hz.avi,oneeighty,sin-oneeighty-4Hz-orch20.wav,180,orch,5,0.705753087997437,1701271597.73447
4,5,14,Theta,1048-sin-4Hz.avi,zero,sin-zero-4Hz-orch23.wav,0,orch,1,0.744623899459839,1701271603.96771
4,5,15,Theta,1029-sin-4Hz.avi,zero,sin-zero-4Hz-choir18.wav,0,choir,2,5.71016001701355,1701271610.42624
4,5,16,Theta,1027-sin-4Hz.avi,oneeighty,sin-oneeighty-4Hz-choir14.wav,180,choir,1,0.731729984283447,1701271621.88463
