respMat_ 1,respMat_ 2,respMat_ 3,respMat_ 4,respMat_ 5,respMat_ 6,respMat_ 7,respMat_ 8,respMat_ 9,respMat_10,respMat_11,respMat_12
1,3,1,Theta,1061-sin-4Hz.avi,zero,sin-zero-4Hz-dar22.wav,0,dar,5,2.38046002388,1701164602.99227
1,3,2,Theta,1014-sin-4Hz.avi,oneeighty,sin-oneeighty-4Hz-acoustic34.wav,180,acoustic,2,1.56086087226868,1701164609.68383
1,3,3,Theta,1018-sin-4Hz.avi,oneeighty,sin-oneeighty-4Hz-orch4.wav,180,orch,3,3.09065318107605,1701164617.43401
1,3,4,Theta,1034-sin-4Hz.avi,zero,sin-zero-4Hz-dar2.wav,0,dar,3,2.97443699836731,1701164625.74223
1,3,5,Theta,1006-sin-4Hz.avi,oneeighty,sin-oneeighty-4Hz-choir21.wav,180,choir,3,2.26969408988953,1701164633.55099
1,3,6,Theta,1025-sin-4Hz.avi,zero,sin-zero-4Hz-acoustic32.wav,0,acoustic,1,1.05657482147217,1701164640.87607
1,3,7,Theta,1010-sin-4Hz.avi,oneeighty,sin-oneeighty-4Hz-choir18.wav,180,choir,4,2.50073289871216,1701164647.17592
1,3,8,Theta,1022-sin-4Hz.avi,zero,sin-zero-4Hz-choir23.wav,0,choir,1,1.33349895477295,1701164654.15114
1,3,9,Theta,1051-sin-4Hz.avi,oneeighty,sin-oneeighty-4Hz-dar17.wav,180,dar,2,1.89983201026917,1701164660.40086
1,3,10,Theta,1037-sin-4Hz.avi,oneeighty,sin-oneeighty-4Hz-orch22.wav,180,orch,4,0.685600996017456,1701164666.94302
1,3,11,Theta,1048-sin-4Hz.avi,oneeighty,sin-oneeighty-4Hz-acoustic14.wav,180,acoustic,1,2.71507716178894,1701164673.40961
1,3,12,Theta,1016-sin-4Hz.avi,oneeighty,sin-oneeighty-4Hz-dar12.wav,180,dar,1,3.43254590034485,1701164682.27611
1,3,13,Theta,1033-sin-4Hz.avi,zero,sin-zero-4Hz-acoustic11.wav,0,acoustic,4,2.41892194747925,1701164690.4097
1,3,14,Theta,1013-sin-4Hz.avi,zero,sin-zero-4Hz-choir7.wav,0,choir,1,2.04926180839539,1701164697.64337
1,3,15,Theta,1052-sin-4Hz.avi,zero,sin-zero-4Hz-orch3.wav,0,orch,5,1.48131704330444,1701164704.24336
1,3,16,Theta,1004-sin-4Hz.avi,zero,sin-zero-4Hz-orch20.wav,0,orch,5,2.16536283493042,1701164711.75133
