respMat_ 1,respMat_ 2,respMat_ 3,respMat_ 4,respMat_ 5,respMat_ 6,respMat_ 7,respMat_ 8,respMat_ 9,respMat_10,respMat_11,respMat_12
8,8,1,Theta,1043-sin-4Hz.avi,zero,sin-zero-4Hz-dar20.wav,0,dar,3,5.07767510414124,1702557147.22672
8,8,2,Theta,1053-sin-4Hz.avi,oneeighty,sin-oneeighty-4Hz-choir15.wav,180,choir,2,0.668101787567139,1702557157.0603
8,8,3,Theta,1012-sin-4Hz.avi,zero,sin-zero-4Hz-choir21.wav,0,choir,5,0.433020830154419,1702557163.13539
8,8,4,Theta,1048-sin-4Hz.avi,zero,sin-zero-4Hz-acoustic34.wav,0,acoustic,4,0.307817220687866,1702557169.86867
8,8,5,Theta,1002-sin-4Hz.avi,zero,sin-zero-4Hz-dar17.wav,0,dar,4,0.538794040679932,1702557175.89363
8,8,6,Theta,1010-sin-4Hz.avi,zero,sin-zero-4Hz-orch24.wav,0,orch,3,0.923177003860474,1702557181.07725
8,8,7,Theta,1052-sin-4Hz.avi,oneeighty,sin-oneeighty-4Hz-dar10.wav,180,dar,2,1.2696099281311,1702557188.21882
8,8,8,Theta,1016-sin-4Hz.avi,zero,sin-zero-4Hz-choir6.wav,0,choir,2,2.42441296577454,1702557194.34405
8,8,9,Theta,1006-sin-4Hz.avi,zero,sin-zero-4Hz-orch22.wav,0,orch,4,0.332442045211792,1702557202.644
8,8,10,Theta,1044-sin-4Hz.avi,oneeighty,sin-oneeighty-4Hz-acoustic32.wav,180,acoustic,4,3.83690905570984,1702557207.42754
8,8,11,Theta,1004-sin-4Hz.avi,oneeighty,sin-oneeighty-4Hz-dar22.wav,180,dar,5,1.87301993370056,1702557216.12746
8,8,12,Theta,1049-sin-4Hz.avi,oneeighty,sin-oneeighty-4Hz-orch15.wav,180,orch,1,0.45957612991333,1702557222.66087
8,8,13,Theta,1013-sin-4Hz.avi,oneeighty,sin-oneeighty-4Hz-choir23.wav,180,choir,2,0.412322998046875,1702557228.24415
8,8,14,Theta,1017-sin-4Hz.avi,zero,sin-zero-4Hz-acoustic25.wav,0,acoustic,3,0.826478004455566,1702557234.486
8,8,15,Theta,1033-sin-4Hz.avi,oneeighty,sin-oneeighty-4Hz-orch3.wav,180,orch,2,1.09569001197815,1702557240.15279
8,8,16,Theta,1027-sin-4Hz.avi,oneeighty,sin-oneeighty-4Hz-acoustic1.wav,180,acoustic,2,0.617464780807495,1702557245.703
