respMat_ 1,respMat_ 2,respMat_ 3,respMat_ 4,respMat_ 5,respMat_ 6,respMat_ 7,respMat_ 8,respMat_ 9,respMat_10,respMat_11,respMat_12
9,1,1,Theta,1030-sin-4Hz.avi,zero,sin-zero-4Hz-dar10.wav,0,dar,3,2.51827311515808,1701687273.58468
9,1,2,Theta,1049-sin-4Hz.avi,zero,sin-zero-4Hz-choir14.wav,0,choir,3,4.22460198402405,1701687282.32625
9,1,3,Theta,1014-sin-4Hz.avi,oneeighty,sin-oneeighty-4Hz-choir6.wav,180,choir,4,0.863440036773682,1701687292.34352
9,1,4,Theta,1015-sin-4Hz.avi,oneeighty,sin-oneeighty-4Hz-orch22.wav,180,orch,5,0.491238832473755,1701687297.65973
9,1,5,Theta,1012-sin-4Hz.avi,oneeighty,sin-oneeighty-4Hz-choir21.wav,180,choir,3,3.39960885047913,1701687304.33542
9,1,6,Theta,1018-sin-4Hz.avi,oneeighty,sin-oneeighty-4Hz-orch4.wav,180,orch,4,1.00870299339294,1701687313.11026
9,1,7,Theta,1016-sin-4Hz.avi,oneeighty,sin-oneeighty-4Hz-acoustic25.wav,180,acoustic,4,2.9082658290863,1701687319.81873
9,1,8,Theta,1025-sin-4Hz.avi,zero,sin-zero-4Hz-acoustic7.wav,0,acoustic,1,1.32184290885925,1701687328.87733
9,1,9,Theta,1023-sin-4Hz.avi,zero,sin-zero-4Hz-acoustic1.wav,0,acoustic,3,1.36437392234802,1701687335.41064
9,1,10,Theta,1052-sin-4Hz.avi,zero,sin-zero-4Hz-choir15.wav,0,choir,4,2.00672602653503,1701687341.95227
9,1,11,Theta,1029-sin-4Hz.avi,oneeighty,sin-oneeighty-4Hz-acoustic34.wav,180,acoustic,4,0.707819938659668,1701687349.8274
9,1,12,Theta,1033-sin-4Hz.avi,zero,sin-zero-4Hz-orch15.wav,0,orch,4,3.27984595298767,1701687354.93546
9,1,13,Theta,1037-sin-4Hz.avi,oneeighty,sin-oneeighty-4Hz-dar17.wav,180,dar,4,1.45603680610657,1701687364.51905
9,1,14,Theta,1006-sin-4Hz.avi,oneeighty,sin-oneeighty-4Hz-dar12.wav,180,dar,2,1.87462306022644,1701687370.85267
9,1,15,Theta,1022-sin-4Hz.avi,zero,sin-zero-4Hz-dar11.wav,0,dar,3,2.26484489440918,1701687377.29447
9,1,16,Theta,1044-sin-4Hz.avi,zero,sin-zero-4Hz-orch20.wav,0,orch,4,2.24108695983887,1701687384.69407
