respMat_ 1,respMat_ 2,respMat_ 3,respMat_ 4,respMat_ 5,respMat_ 6,respMat_ 7,respMat_ 8,respMat_ 9,respMat_10,respMat_11,respMat_12
15,6,1,Theta,1061-sin-4Hz.avi,zero,sin-zero-4Hz-dar10.wav,0,dar,1,1.34545516967773,1701872314.64367
15,6,2,Theta,1033-sin-4Hz.avi,zero,sin-zero-4Hz-acoustic32.wav,0,acoustic,4,7.38013887405396,1701872320.97708
15,6,3,Theta,1066-sin-4Hz.avi,zero,sin-zero-4Hz-orch5.wav,0,orch,3,2.36583495140076,1701872334.3273
15,6,4,Theta,1015-sin-4Hz.avi,oneeighty,sin-oneeighty-4Hz-choir18.wav,180,choir,4,3.26370596885681,1701872342.48556
15,6,5,Theta,1016-sin-4Hz.avi,oneeighty,sin-oneeighty-4Hz-dar20.wav,180,dar,3,1.06814098358154,1701872351.16107
15,6,6,Theta,1030-sin-4Hz.avi,zero,sin-zero-4Hz-acoustic11.wav,0,acoustic,4,2.86309790611267,1701872356.69407
15,6,7,Theta,1027-sin-4Hz.avi,zero,sin-zero-4Hz-choir7.wav,0,choir,1,1.23767805099487,1701872364.31959
15,6,8,Theta,1048-sin-4Hz.avi,oneeighty,sin-oneeighty-4Hz-orch4.wav,180,orch,1,2.61383700370789,1701872370.91131
15,6,9,Theta,1012-sin-4Hz.avi,oneeighty,sin-oneeighty-4Hz-acoustic14.wav,180,acoustic,5,2.73338103294373,1701872378.72772
15,6,10,Theta,1003-sin-4Hz.avi,oneeighty,sin-oneeighty-4Hz-dar17.wav,180,dar,5,1.97474098205566,1701872385.88645
15,6,11,Theta,1023-sin-4Hz.avi,zero,sin-zero-4Hz-orch3.wav,0,orch,3,4.38105201721191,1701872394.11991
15,6,12,Theta,1010-sin-4Hz.avi,oneeighty,sin-oneeighty-4Hz-acoustic25.wav,180,acoustic,5,0.632784128189087,1701872403.03623
15,6,13,Theta,1018-sin-4Hz.avi,oneeighty,sin-oneeighty-4Hz-choir21.wav,180,choir,2,0.98065185546875,1701872409.13642
15,6,14,Theta,1013-sin-4Hz.avi,zero,sin-zero-4Hz-choir23.wav,0,choir,3,3.01699995994568,1701872415.62806
15,6,15,Theta,1029-sin-4Hz.avi,oneeighty,sin-oneeighty-4Hz-orch22.wav,180,orch,5,0.516928911209106,1701872423.92011
15,6,16,Theta,1049-sin-4Hz.avi,zero,sin-zero-4Hz-dar22.wav,0,dar,4,1.48322606086731,1701872430.16986
