respMat_ 1,respMat_ 2,respMat_ 3,respMat_ 4,respMat_ 5,respMat_ 6,respMat_ 7,respMat_ 8,respMat_ 9,respMat_10,respMat_11,respMat_12
9,5,1,Theta,1066-sin-4Hz.avi,zero,sin-zero-4Hz-dar2.wav,0,dar,3,3.53822994232178,1701687714.98178
9,5,2,Theta,1048-sin-4Hz.avi,oneeighty,sin-oneeighty-4Hz-orch24.wav,180,orch,4,2.02338981628418,1701687724.2406
9,5,3,Theta,1024-sin-4Hz.avi,zero,sin-zero-4Hz-choir7.wav,0,choir,4,0.938512086868286,1701687732.36553
9,5,4,Theta,1003-sin-4Hz.avi,oneeighty,sin-oneeighty-4Hz-choir2.wav,180,choir,4,0.377205848693848,1701687738.59084
9,5,5,Theta,1027-sin-4Hz.avi,zero,sin-zero-4Hz-orch5.wav,0,orch,2,0.43685507774353,1701687745.10719
9,5,6,Theta,1053-sin-4Hz.avi,zero,sin-zero-4Hz-acoustic11.wav,0,acoustic,2,0.120318174362183,1701687750.41569
9,5,7,Theta,1051-sin-4Hz.avi,oneeighty,sin-oneeighty-4Hz-acoustic23.wav,180,acoustic,3,0.455838918685913,1701687756.62425
9,5,8,Theta,1013-sin-4Hz.avi,zero,sin-zero-4Hz-dar22.wav,0,dar,4,0.464478015899658,1701687761.41562
9,5,9,Theta,1026-sin-4Hz.avi,oneeighty,sin-oneeighty-4Hz-orch23.wav,180,orch,3,0.813143014907837,1701687767.88295
9,5,10,Theta,1061-sin-4Hz.avi,zero,sin-zero-4Hz-acoustic32.wav,0,acoustic,5,1.69470620155334,1701687774.85754
9,5,11,Theta,1010-sin-4Hz.avi,oneeighty,sin-oneeighty-4Hz-acoustic14.wav,180,acoustic,5,0.314609050750732,1701687781.54957
9,5,12,Theta,1004-sin-4Hz.avi,zero,sin-zero-4Hz-choir23.wav,0,choir,2,0.244623899459839,1701687786.89954
9,5,13,Theta,1043-sin-4Hz.avi,oneeighty,sin-oneeighty-4Hz-dar20.wav,180,dar,1,0.637557983398438,1701687792.07463
9,5,14,Theta,1002-sin-4Hz.avi,oneeighty,sin-oneeighty-4Hz-dar13.wav,180,dar,2,0.229433059692383,1701687798.08274
9,5,15,Theta,1017-sin-4Hz.avi,oneeighty,sin-oneeighty-4Hz-choir18.wav,180,choir,4,2.34766817092896,1701687804.31648
9,5,16,Theta,1034-sin-4Hz.avi,zero,sin-zero-4Hz-orch3.wav,0,orch,4,0.990154027938843,1701687812.85803
