respMat_ 1,respMat_ 2,respMat_ 3,respMat_ 4,respMat_ 5,respMat_ 6,respMat_ 7,respMat_ 8,respMat_ 9,respMat_10,respMat_11,respMat_12
7,2,1,Theta,1003-sin-4Hz.avi,oneeighty,sin-oneeighty-4Hz-choir21.wav,180,choir,5,4.20297694206238,1701436345.07936
7,2,2,Theta,1066-sin-4Hz.avi,zero,sin-zero-4Hz-dar22.wav,0,dar,4,0.580506086349487,1701436354.23778
7,2,3,Theta,1025-sin-4Hz.avi,zero,sin-zero-4Hz-choir14.wav,0,choir,3,0.816319942474365,1701436359.34591
7,2,4,Theta,1029-sin-4Hz.avi,oneeighty,sin-oneeighty-4Hz-dar12.wav,180,dar,3,1.62057089805603,1701436364.63764
7,2,5,Theta,1013-sin-4Hz.avi,zero,sin-zero-4Hz-acoustic1.wav,0,acoustic,5,0.878132820129395,1701436372.19635
7,2,6,Theta,1048-sin-4Hz.avi,oneeighty,sin-oneeighty-4Hz-orch24.wav,180,orch,4,1.4538209438324,1701436377.60463
7,2,7,Theta,1027-sin-4Hz.avi,zero,sin-zero-4Hz-orch20.wav,0,orch,5,0.644059181213379,1701436384.63815
7,2,8,Theta,1022-sin-4Hz.avi,zero,sin-zero-4Hz-acoustic7.wav,0,acoustic,5,1.31161117553711,1701436391.15459
7,2,9,Theta,1033-sin-4Hz.avi,zero,sin-zero-4Hz-choir23.wav,0,choir,3,2.16908407211304,1701436396.92117
7,2,10,Theta,1044-sin-4Hz.avi,zero,sin-zero-4Hz-orch15.wav,0,orch,5,0.382027149200439,1701436403.58823
7,2,11,Theta,1043-sin-4Hz.avi,oneeighty,sin-oneeighty-4Hz-acoustic14.wav,180,acoustic,3,0.407633066177368,1701436408.74665
7,2,12,Theta,1051-sin-4Hz.avi,oneeighty,sin-oneeighty-4Hz-dar13.wav,180,dar,1,0.733063936233521,1701436413.81335
7,2,13,Theta,1037-sin-4Hz.avi,oneeighty,sin-oneeighty-4Hz-orch23.wav,180,orch,5,0.332545042037964,1701436420.02162
7,2,14,Theta,1024-sin-4Hz.avi,zero,sin-zero-4Hz-dar10.wav,0,dar,1,0.381434917449951,1701436426.00486
7,2,15,Theta,1012-sin-4Hz.avi,oneeighty,sin-oneeighty-4Hz-choir18.wav,180,choir,3,0.671765089035034,1701436430.73852
7,2,16,Theta,1015-sin-4Hz.avi,oneeighty,sin-oneeighty-4Hz-acoustic25.wav,180,acoustic,5,0.517003059387207,1701436437.61326
