respMat_ 1,respMat_ 2,respMat_ 3,respMat_ 4,respMat_ 5,respMat_ 6,respMat_ 7,respMat_ 8,respMat_ 9,respMat_10,respMat_11,respMat_12
11,6,1,Theta,1053-sin-4Hz.avi,zero,sin-zero-4Hz-choir23.wav,0,choir,3,0.311038017272949,1701775252.18199
11,6,2,Theta,1033-sin-4Hz.avi,zero,sin-zero-4Hz-acoustic7.wav,0,acoustic,4,0.317525863647461,1701775256.81549
11,6,3,Theta,1018-sin-4Hz.avi,oneeighty,sin-oneeighty-4Hz-choir18.wav,180,choir,3,0.238866090774536,1701775262.7822
11,6,4,Theta,1037-sin-4Hz.avi,oneeighty,sin-oneeighty-4Hz-orch4.wav,180,orch,4,0.973366975784302,1701775267.61558
11,6,5,Theta,1030-sin-4Hz.avi,zero,sin-zero-4Hz-dar2.wav,0,dar,4,0.695727825164795,1701775274.35725
11,6,6,Theta,1006-sin-4Hz.avi,oneeighty,sin-oneeighty-4Hz-acoustic34.wav,180,acoustic,4,0.336058855056763,1701775280.74891
11,6,7,Theta,1010-sin-4Hz.avi,oneeighty,sin-oneeighty-4Hz-choir6.wav,180,choir,4,0.923188924789429,1701775286.27376
11,6,8,Theta,1014-sin-4Hz.avi,oneeighty,sin-oneeighty-4Hz-acoustic23.wav,180,acoustic,5,0.363234996795654,1701775292.0657
11,6,9,Theta,1049-sin-4Hz.avi,zero,sin-zero-4Hz-orch5.wav,0,orch,4,0.392879962921143,1701775296.72402
11,6,10,Theta,1025-sin-4Hz.avi,zero,sin-zero-4Hz-choir14.wav,0,choir,4,0.305375099182129,1701775302.90751
11,6,11,Theta,1003-sin-4Hz.avi,oneeighty,sin-oneeighty-4Hz-orch24.wav,180,orch,4,0.632320880889893,1701775308.53254
11,6,12,Theta,1004-sin-4Hz.avi,zero,sin-zero-4Hz-dar10.wav,0,dar,1,0.348297834396362,1701775314.43259
11,6,13,Theta,1024-sin-4Hz.avi,zero,sin-zero-4Hz-acoustic1.wav,0,acoustic,5,0.244760036468506,1701775319.22406
11,6,14,Theta,1022-sin-4Hz.avi,zero,sin-zero-4Hz-orch15.wav,0,orch,5,0.285175800323486,1701775324.60763
11,6,15,Theta,1015-sin-4Hz.avi,oneeighty,sin-oneeighty-4Hz-dar17.wav,180,dar,4,0.459344863891602,1701775330.65748
11,6,16,Theta,1051-sin-4Hz.avi,oneeighty,sin-oneeighty-4Hz-dar12.wav,180,dar,2,0.441488981246948,1701775336.09929
