respMat_ 1,respMat_ 2,respMat_ 3,respMat_ 4,respMat_ 5,respMat_ 6,respMat_ 7,respMat_ 8,respMat_ 9,respMat_10,respMat_11,respMat_12
5,1,1,Theta,1002-sin-4Hz.avi,oneeighty,sin-oneeighty-4Hz-orch24.wav,180,orch,5,1.42678380012512,1701187710.77656
5,1,2,Theta,1025-sin-4Hz.avi,zero,sin-zero-4Hz-orch20.wav,0,orch,1,2.43845081329346,1701187717.47685
5,1,3,Theta,1034-sin-4Hz.avi,zero,sin-zero-4Hz-acoustic32.wav,0,acoustic,4,1.58199286460876,1701187725.48523
5,1,4,Theta,1030-sin-4Hz.avi,zero,sin-zero-4Hz-choir14.wav,0,choir,2,1.90970897674561,1701187732.50148
5,1,5,Theta,1018-sin-4Hz.avi,oneeighty,sin-oneeighty-4Hz-acoustic25.wav,180,acoustic,5,1.91937613487244,1701187739.24381
5,1,6,Theta,1016-sin-4Hz.avi,oneeighty,sin-oneeighty-4Hz-dar13.wav,180,dar,3,1.84844899177551,1701187746.22674
5,1,7,Theta,1037-sin-4Hz.avi,oneeighty,sin-oneeighty-4Hz-dar17.wav,180,dar,5,1.87018489837646,1701187754.07685
5,1,8,Theta,1014-sin-4Hz.avi,oneeighty,sin-oneeighty-4Hz-orch4.wav,180,orch,4,1.99551296234131,1701187760.94352
5,1,9,Theta,1013-sin-4Hz.avi,zero,sin-zero-4Hz-acoustic11.wav,0,acoustic,4,2.05233216285706,1701187768.91867
5,1,10,Theta,1048-sin-4Hz.avi,oneeighty,sin-oneeighty-4Hz-acoustic14.wav,180,acoustic,4,1.23447895050049,1701187775.96052
5,1,11,Theta,1043-sin-4Hz.avi,oneeighty,sin-oneeighty-4Hz-choir2.wav,180,choir,2,4.15101599693298,1701187781.65196
5,1,12,Theta,1033-sin-4Hz.avi,zero,sin-zero-4Hz-dar10.wav,0,dar,3,2.86457109451294,1701187791.40228
5,1,13,Theta,1024-sin-4Hz.avi,zero,sin-zero-4Hz-orch5.wav,0,orch,3,3.61056900024414,1701187799.55233
5,1,14,Theta,1022-sin-4Hz.avi,zero,sin-zero-4Hz-choir23.wav,0,choir,4,0.776526927947998,1701187808.80249
5,1,15,Theta,1012-sin-4Hz.avi,oneeighty,sin-oneeighty-4Hz-choir18.wav,180,choir,4,1.29311108589172,1701187813.90191
5,1,16,Theta,1061-sin-4Hz.avi,zero,sin-zero-4Hz-dar22.wav,0,dar,5,0.535225868225098,1701187821.23559
