respMat_ 1,respMat_ 2,respMat_ 3,respMat_ 4,respMat_ 5,respMat_ 6,respMat_ 7,respMat_ 8,respMat_ 9,respMat_10,respMat_11,respMat_12
10,8,1,Theta,1023-sin-4Hz.avi,oneeighty,sin-oneeighty-4Hz-dar2.wav,180,dar,1,1.26536178588867,1701707646.30335
10,8,2,Theta,1033-sin-4Hz.avi,oneeighty,sin-oneeighty-4Hz-orch3.wav,180,orch,2,2.88826203346252,1701707653.52842
10,8,3,Theta,1015-sin-4Hz.avi,zero,sin-zero-4Hz-acoustic14.wav,0,acoustic,5,0.612277984619141,1701707662.02841
10,8,4,Theta,1012-sin-4Hz.avi,zero,sin-zero-4Hz-choir2.wav,0,choir,4,0.328233957290649,1701707668.12044
10,8,5,Theta,1003-sin-4Hz.avi,zero,sin-zero-4Hz-orch23.wav,0,orch,1,0.613118171691895,1701707673.21151
10,8,6,Theta,1052-sin-4Hz.avi,oneeighty,sin-oneeighty-4Hz-dar10.wav,180,dar,1,0.383005857467651,1701707679.15359
10,8,7,Theta,1026-sin-4Hz.avi,zero,sin-zero-4Hz-dar20.wav,0,dar,4,0.234227180480957,1701707685.67035
10,8,8,Theta,1043-sin-4Hz.avi,zero,sin-zero-4Hz-dar12.wav,0,dar,3,1.0228009223938,1701707690.9617
10,8,9,Theta,1013-sin-4Hz.avi,oneeighty,sin-oneeighty-4Hz-orch20.wav,180,orch,1,0.300194025039673,1701707696.62837
10,8,10,Theta,1051-sin-4Hz.avi,zero,sin-zero-4Hz-choir6.wav,0,choir,4,0.316210985183716,1701707702.21232
10,8,11,Theta,1061-sin-4Hz.avi,oneeighty,sin-oneeighty-4Hz-acoustic1.wav,180,acoustic,5,0.288358926773071,1701707707.12017
10,8,12,Theta,1037-sin-4Hz.avi,zero,sin-zero-4Hz-acoustic23.wav,0,acoustic,3,4.15705919265747,1701707713.18741
10,8,13,Theta,1022-sin-4Hz.avi,oneeighty,sin-oneeighty-4Hz-choir14.wav,180,choir,4,0.832031965255737,1701707722.91243
10,8,14,Theta,1044-sin-4Hz.avi,oneeighty,sin-oneeighty-4Hz-choir15.wav,180,choir,3,1.25318098068237,1701707729.17925
10,8,15,Theta,1049-sin-4Hz.avi,oneeighty,sin-oneeighty-4Hz-acoustic7.wav,180,acoustic,5,0.343900203704834,1701707735.11252
10,8,16,Theta,1018-sin-4Hz.avi,zero,sin-zero-4Hz-orch22.wav,0,orch,2,4.17930698394775,1701707741.43708
