respMat_ 1,respMat_ 2,respMat_ 3,respMat_ 4,respMat_ 5,respMat_ 6,respMat_ 7,respMat_ 8,respMat_ 9,respMat_10,respMat_11,respMat_12
6,3,1,Theta,1066-sin-4Hz.avi,oneeighty,sin-oneeighty-4Hz-choir15.wav,180,choir,2,4.7631368637085,1701349731.06379
6,3,2,Theta,1025-sin-4Hz.avi,oneeighty,sin-oneeighty-4Hz-orch20.wav,180,orch,4,4.06121301651001,1701349741.41369
6,3,3,Theta,1012-sin-4Hz.avi,zero,sin-zero-4Hz-dar13.wav,0,dar,5,2.68164920806885,1701349750.29731
6,3,4,Theta,1049-sin-4Hz.avi,oneeighty,sin-oneeighty-4Hz-dar10.wav,180,dar,1,1.33366012573242,1701349757.78928
6,3,5,Theta,1017-sin-4Hz.avi,zero,sin-zero-4Hz-dar20.wav,0,dar,2,5.23865914344788,1701349763.77227
6,3,6,Theta,1027-sin-4Hz.avi,oneeighty,sin-oneeighty-4Hz-acoustic32.wav,180,acoustic,2,3.72924208641052,1701349775.10574
6,3,7,Theta,1051-sin-4Hz.avi,zero,sin-zero-4Hz-acoustic34.wav,0,acoustic,3,4.8503270149231,1701349783.47268
6,3,8,Theta,1026-sin-4Hz.avi,zero,sin-zero-4Hz-orch24.wav,0,orch,4,1.99860215187073,1701349793.15639
6,3,9,Theta,1052-sin-4Hz.avi,oneeighty,sin-oneeighty-4Hz-acoustic1.wav,180,acoustic,5,2.64694619178772,1701349800.34814
6,3,10,Theta,1033-sin-4Hz.avi,oneeighty,sin-oneeighty-4Hz-dar2.wav,180,dar,5,3.37642097473145,1701349807.92263
6,3,11,Theta,1061-sin-4Hz.avi,oneeighty,sin-oneeighty-4Hz-choir7.wav,180,choir,4,3.04024600982666,1701349816.72282
6,3,12,Theta,1010-sin-4Hz.avi,zero,sin-zero-4Hz-choir6.wav,0,choir,2,3.87360596656799,1701349825.4895
6,3,13,Theta,1015-sin-4Hz.avi,zero,sin-zero-4Hz-choir21.wav,0,choir,3,6.36751890182495,1701349833.92361
6,3,14,Theta,1006-sin-4Hz.avi,zero,sin-zero-4Hz-orch22.wav,0,orch,2,7.10401582717896,1701349845.90709
6,3,15,Theta,1029-sin-4Hz.avi,zero,sin-zero-4Hz-acoustic14.wav,0,acoustic,4,5.41066002845764,1701349857.84051
6,3,16,Theta,1024-sin-4Hz.avi,oneeighty,sin-oneeighty-4Hz-orch3.wav,180,orch,5,2.69622898101807,1701349869.30692
