respMat_ 1,respMat_ 2,respMat_ 3,respMat_ 4,respMat_ 5,respMat_ 6,respMat_ 7,respMat_ 8,respMat_ 9,respMat_10,respMat_11,respMat_12
16,3,1,Theta,1044-sin-4Hz.avi,oneeighty,sin-oneeighty-4Hz-acoustic7.wav,180,acoustic,2,4.20800304412842,1701875754.98226
16,3,2,Theta,1015-sin-4Hz.avi,zero,sin-zero-4Hz-acoustic14.wav,0,acoustic,3,1.02980518341064,1701875763.63251
16,3,3,Theta,1049-sin-4Hz.avi,oneeighty,sin-oneeighty-4Hz-dar10.wav,180,dar,1,0.294843912124634,1701875770.20749
16,3,4,Theta,1026-sin-4Hz.avi,zero,sin-zero-4Hz-orch24.wav,0,orch,3,0.582484006881714,1701875775.21587
16,3,5,Theta,1029-sin-4Hz.avi,zero,sin-zero-4Hz-dar17.wav,0,dar,1,0.642273187637329,1701875781.31611
16,3,6,Theta,1037-sin-4Hz.avi,zero,sin-zero-4Hz-choir2.wav,0,choir,1,0.263064861297607,1701875786.39933
16,3,7,Theta,1014-sin-4Hz.avi,zero,sin-zero-4Hz-orch22.wav,0,orch,1,2.21264815330505,1701875792.65779
16,3,8,Theta,1048-sin-4Hz.avi,zero,sin-zero-4Hz-acoustic23.wav,0,acoustic,4,0.709546804428101,1701875800.83298
16,3,9,Theta,1012-sin-4Hz.avi,zero,sin-zero-4Hz-choir18.wav,0,choir,2,0.454962968826294,1701875807.39154
16,3,10,Theta,1004-sin-4Hz.avi,oneeighty,sin-oneeighty-4Hz-choir15.wav,180,choir,3,0.522089004516602,1701875813.51643
16,3,11,Theta,1030-sin-4Hz.avi,oneeighty,sin-oneeighty-4Hz-orch15.wav,180,orch,1,0.350944042205811,1701875818.79168
16,3,12,Theta,1006-sin-4Hz.avi,zero,sin-zero-4Hz-dar13.wav,0,dar,1,0.335380077362061,1701875824.58319
16,3,13,Theta,1023-sin-4Hz.avi,oneeighty,sin-oneeighty-4Hz-orch20.wav,180,orch,1,1.74623394012451,1701875830.30834
16,3,14,Theta,1053-sin-4Hz.avi,oneeighty,sin-oneeighty-4Hz-choir7.wav,180,choir,1,0.481316089630127,1701875837.52528
16,3,15,Theta,1022-sin-4Hz.avi,oneeighty,sin-oneeighty-4Hz-acoustic32.wav,180,acoustic,1,0.293406963348389,1701875843.82521
16,3,16,Theta,1052-sin-4Hz.avi,oneeighty,sin-oneeighty-4Hz-dar11.wav,180,dar,1,0.773208141326904,1701875849.82545
