respMat_ 1,respMat_ 2,respMat_ 3,respMat_ 4,respMat_ 5,respMat_ 6,respMat_ 7,respMat_ 8,respMat_ 9,respMat_10,respMat_11,respMat_12
14,8,1,Theta,1049-sin-4Hz.avi,oneeighty,sin-oneeighty-4Hz-dar2.wav,180,dar,2,3.38118505477905,1701797368.62024
14,8,2,Theta,1048-sin-4Hz.avi,zero,sin-zero-4Hz-choir18.wav,0,choir,3,4.07471108436584,1701797376.47078
14,8,3,Theta,1004-sin-4Hz.avi,oneeighty,sin-oneeighty-4Hz-dar22.wav,180,dar,3,3.36055898666382,1701797386.72085
14,8,4,Theta,1022-sin-4Hz.avi,oneeighty,sin-oneeighty-4Hz-orch20.wav,180,orch,4,0.313783884048462,1701797395.68767
14,8,5,Theta,1024-sin-4Hz.avi,oneeighty,sin-oneeighty-4Hz-choir7.wav,180,choir,3,0.353611946105957,1701797402.28784
14,8,6,Theta,1029-sin-4Hz.avi,zero,sin-zero-4Hz-choir21.wav,0,choir,2,0.558917045593262,1701797408.75461
14,8,7,Theta,1030-sin-4Hz.avi,oneeighty,sin-oneeighty-4Hz-acoustic11.wav,180,acoustic,3,0.600656032562256,1701797414.52083
14,8,8,Theta,1061-sin-4Hz.avi,oneeighty,sin-oneeighty-4Hz-acoustic7.wav,180,acoustic,5,1.08684301376343,1701797419.95469
14,8,9,Theta,1053-sin-4Hz.avi,oneeighty,sin-oneeighty-4Hz-choir14.wav,180,choir,3,1.95553398132324,1701797426.04602
14,8,10,Theta,1015-sin-4Hz.avi,zero,sin-zero-4Hz-acoustic25.wav,0,acoustic,4,0.44887113571167,1701797434.30468
14,8,11,Theta,1012-sin-4Hz.avi,zero,sin-zero-4Hz-orch23.wav,0,orch,4,0.159950017929077,1701797440.12959
14,8,12,Theta,1026-sin-4Hz.avi,zero,sin-zero-4Hz-dar20.wav,0,dar,3,0.201234102249146,1701797445.49635
14,8,13,Theta,1014-sin-4Hz.avi,zero,sin-zero-4Hz-dar13.wav,0,dar,1,1.00154304504395,1701797451.08001
14,8,14,Theta,1006-sin-4Hz.avi,zero,sin-zero-4Hz-acoustic14.wav,0,acoustic,3,6.52493095397949,1701797457.39666
14,8,15,Theta,1025-sin-4Hz.avi,oneeighty,sin-oneeighty-4Hz-orch15.wav,180,orch,3,0.31925106048584,1701797468.33831
14,8,16,Theta,1018-sin-4Hz.avi,zero,sin-zero-4Hz-orch24.wav,0,orch,4,0.706187009811401,1701797474.06353
