respMat_ 1,respMat_ 2,respMat_ 3,respMat_ 4,respMat_ 5,respMat_ 6,respMat_ 7,respMat_ 8,respMat_ 9,respMat_10,respMat_11,respMat_12
18,1,1,Theta,1004-sin-4Hz.avi,oneeighty,sin-oneeighty-4Hz-choir23.wav,180,choir,2,4.29033207893372,1702048500.68687
18,1,2,Theta,1023-sin-4Hz.avi,oneeighty,sin-oneeighty-4Hz-choir14.wav,180,choir,1,0.635862112045288,1702048511.25333
18,1,3,Theta,1015-sin-4Hz.avi,zero,sin-zero-4Hz-orch23.wav,0,orch,5,1.55135893821716,1702048517.36179
18,1,4,Theta,1016-sin-4Hz.avi,zero,sin-zero-4Hz-choir6.wav,0,choir,2,2.89206910133362,1702048523.637
18,1,5,Theta,1051-sin-4Hz.avi,zero,sin-zero-4Hz-acoustic14.wav,0,acoustic,3,1.75856995582581,1702048532.77065
18,1,6,Theta,1049-sin-4Hz.avi,oneeighty,sin-oneeighty-4Hz-acoustic1.wav,180,acoustic,4,0.962692022323608,1702048539.07053
18,1,7,Theta,1006-sin-4Hz.avi,zero,sin-zero-4Hz-orch24.wav,0,orch,4,1.19713401794434,1702048544.40398
18,1,8,Theta,1025-sin-4Hz.avi,oneeighty,sin-oneeighty-4Hz-dar10.wav,180,dar,4,3.27735996246338,1702048551.79572
18,1,9,Theta,1066-sin-4Hz.avi,oneeighty,sin-oneeighty-4Hz-dar2.wav,180,dar,4,1.47698879241943,1702048561.21215
18,1,10,Theta,1010-sin-4Hz.avi,zero,sin-zero-4Hz-dar17.wav,0,dar,5,1.85567402839661,1702048568.14547
18,1,11,Theta,1044-sin-4Hz.avi,oneeighty,sin-oneeighty-4Hz-orch20.wav,180,orch,2,4.35852098464966,1702048574.36267
18,1,12,Theta,1024-sin-4Hz.avi,oneeighty,sin-oneeighty-4Hz-acoustic11.wav,180,acoustic,5,0.807583093643188,1702048583.33755
18,1,13,Theta,1014-sin-4Hz.avi,zero,sin-zero-4Hz-dar12.wav,0,dar,2,0.794675827026367,1702048590.07053
18,1,14,Theta,1027-sin-4Hz.avi,oneeighty,sin-oneeighty-4Hz-orch3.wav,180,orch,4,3.43162298202515,1702048596.9377
18,1,15,Theta,1026-sin-4Hz.avi,zero,sin-zero-4Hz-acoustic23.wav,0,acoustic,5,0.983721971511841,1702048605.92945
18,1,16,Theta,1002-sin-4Hz.avi,zero,sin-zero-4Hz-choir21.wav,0,choir,1,3.21485304832458,1702048611.34636
