respMat_ 1,respMat_ 2,respMat_ 3,respMat_ 4,respMat_ 5,respMat_ 6,respMat_ 7,respMat_ 8,respMat_ 9,respMat_10,respMat_11,respMat_12
2,6,1,Theta,1017-sin-4Hz.avi,zero,sin-zero-4Hz-acoustic34.wav,0,acoustic,2,1.94184589385986,1701168836.52624
2,6,2,Theta,1053-sin-4Hz.avi,oneeighty,sin-oneeighty-4Hz-dar10.wav,180,dar,2,0.999682188034058,1701168843.48434
2,6,3,Theta,1004-sin-4Hz.avi,oneeighty,sin-oneeighty-4Hz-choir15.wav,180,choir,5,5.07431793212891,1701168849.00963
2,6,4,Theta,1022-sin-4Hz.avi,oneeighty,sin-oneeighty-4Hz-orch5.wav,180,orch,4,0.993016004562378,1701168858.43489
2,6,5,Theta,1052-sin-4Hz.avi,oneeighty,sin-oneeighty-4Hz-choir23.wav,180,choir,2,0.711510181427002,1701168865.48434
2,6,6,Theta,1026-sin-4Hz.avi,zero,sin-zero-4Hz-choir21.wav,0,choir,1,0.493750095367432,1701168870.51807
2,6,7,Theta,1061-sin-4Hz.avi,oneeighty,sin-oneeighty-4Hz-dar11.wav,180,dar,3,0.358498096466064,1701168875.50131
2,6,8,Theta,1030-sin-4Hz.avi,oneeighty,sin-oneeighty-4Hz-orch3.wav,180,orch,2,3.97642803192139,1701168881.64338
2,6,9,Theta,1029-sin-4Hz.avi,zero,sin-zero-4Hz-dar13.wav,0,dar,2,1.35016298294067,1701168890.10949
2,6,10,Theta,1006-sin-4Hz.avi,zero,sin-zero-4Hz-choir18.wav,0,choir,2,0.419179916381836,1701168897.37647
2,6,11,Theta,1043-sin-4Hz.avi,zero,sin-zero-4Hz-orch24.wav,0,orch,2,0.358798980712891,1701168902.28484
2,6,12,Theta,1012-sin-4Hz.avi,zero,sin-zero-4Hz-acoustic25.wav,0,acoustic,5,0.353232860565186,1701168908.4183
2,6,13,Theta,1016-sin-4Hz.avi,zero,sin-zero-4Hz-orch4.wav,0,orch,2,0.340068101882935,1701168913.3435
2,6,14,Theta,1049-sin-4Hz.avi,oneeighty,sin-oneeighty-4Hz-acoustic32.wav,180,acoustic,2,4.84195995330811,1701168919.19352
2,6,15,Theta,1037-sin-4Hz.avi,zero,sin-zero-4Hz-dar12.wav,0,dar,1,0.838922023773193,1701168930.07653
2,6,16,Theta,1027-sin-4Hz.avi,oneeighty,sin-oneeighty-4Hz-acoustic11.wav,180,acoustic,2,0.408358812332153,1701168935.6431
