respMat_ 1,respMat_ 2,respMat_ 3,respMat_ 4,respMat_ 5,respMat_ 6,respMat_ 7,respMat_ 8,respMat_ 9,respMat_10,respMat_11,respMat_12
18,4,1,Theta,1066-sin-4Hz.avi,oneeighty,sin-oneeighty-4Hz-dar2.wav,180,dar,2,18.284548997879,1702048921.52492
18,4,2,Theta,1027-sin-4Hz.avi,oneeighty,sin-oneeighty-4Hz-orch3.wav,180,orch,3,1.71985602378845,1702048945.24166
18,4,3,Theta,1015-sin-4Hz.avi,zero,sin-zero-4Hz-orch23.wav,0,orch,1,0.508597850799561,1702048952.51695
18,4,4,Theta,1006-sin-4Hz.avi,zero,sin-zero-4Hz-orch24.wav,0,orch,1,1.6743471622467,1702048958.37538
18,4,5,Theta,1004-sin-4Hz.avi,oneeighty,sin-oneeighty-4Hz-choir23.wav,180,choir,1,1.31565713882446,1702048964.94193
18,4,6,Theta,1010-sin-4Hz.avi,zero,sin-zero-4Hz-dar17.wav,0,dar,5,0.240576028823853,1702048971.61697
18,4,7,Theta,1016-sin-4Hz.avi,zero,sin-zero-4Hz-choir6.wav,0,choir,2,1.27302813529968,1702048977.40055
18,4,8,Theta,1024-sin-4Hz.avi,oneeighty,sin-oneeighty-4Hz-acoustic11.wav,180,acoustic,4,0.584595918655396,1702048983.81695
18,4,9,Theta,1026-sin-4Hz.avi,zero,sin-zero-4Hz-acoustic23.wav,0,acoustic,5,0.250035047531128,1702048988.77555
18,4,10,Theta,1049-sin-4Hz.avi,oneeighty,sin-oneeighty-4Hz-acoustic1.wav,180,acoustic,4,1.630215883255,1702048994.06737
18,4,11,Theta,1002-sin-4Hz.avi,zero,sin-zero-4Hz-choir21.wav,0,choir,1,2.69156408309937,1702049000.94203
18,4,12,Theta,1025-sin-4Hz.avi,oneeighty,sin-oneeighty-4Hz-dar10.wav,180,dar,1,2.92165493965149,1702049009.38395
18,4,13,Theta,1023-sin-4Hz.avi,oneeighty,sin-oneeighty-4Hz-choir14.wav,180,choir,1,1.41515684127808,1702049017.43446
18,4,14,Theta,1051-sin-4Hz.avi,zero,sin-zero-4Hz-acoustic14.wav,0,acoustic,3,0.52835488319397,1702049023.80928
18,4,15,Theta,1044-sin-4Hz.avi,oneeighty,sin-oneeighty-4Hz-orch20.wav,180,orch,2,0.339302778244019,1702049030.14233
18,4,16,Theta,1014-sin-4Hz.avi,zero,sin-zero-4Hz-dar12.wav,0,dar,1,1.30084586143494,1702049035.69281
