respMat_ 1,respMat_ 2,respMat_ 3,respMat_ 4,respMat_ 5,respMat_ 6,respMat_ 7,respMat_ 8,respMat_ 9,respMat_10,respMat_11,respMat_12
2,7,1,Theta,1034-sin-4Hz.avi,oneeighty,sin-oneeighty-4Hz-choir7.wav,180,choir,3,2.12294602394104,1701168942.16846
2,7,2,Theta,1018-sin-4Hz.avi,zero,sin-zero-4Hz-orch23.wav,0,orch,1,3.36984491348267,1701168950.39349
2,7,3,Theta,1048-sin-4Hz.avi,zero,sin-zero-4Hz-orch22.wav,0,orch,2,1.01019716262817,1701168958.59316
2,7,4,Theta,1066-sin-4Hz.avi,oneeighty,sin-oneeighty-4Hz-orch15.wav,180,orch,1,1.29915308952332,1701168963.95206
2,7,5,Theta,1023-sin-4Hz.avi,oneeighty,sin-oneeighty-4Hz-acoustic7.wav,180,acoustic,2,1.08966207504272,1701168970.0016
2,7,6,Theta,1025-sin-4Hz.avi,oneeighty,sin-oneeighty-4Hz-dar2.wav,180,dar,1,2.68960380554199,1701168977.3936
2,7,7,Theta,1010-sin-4Hz.avi,zero,sin-zero-4Hz-dar17.wav,0,dar,2,1.77743291854858,1701168986.19375
2,7,8,Theta,1015-sin-4Hz.avi,zero,sin-zero-4Hz-dar20.wav,0,dar,2,7.61183905601501,1701168992.53524
2,7,9,Theta,1024-sin-4Hz.avi,oneeighty,sin-oneeighty-4Hz-acoustic1.wav,180,acoustic,2,0.305392026901245,1701169004.59369
2,7,10,Theta,1033-sin-4Hz.avi,oneeighty,sin-oneeighty-4Hz-orch20.wav,180,orch,1,0.318150043487549,1701169011.07693
2,7,11,Theta,1044-sin-4Hz.avi,oneeighty,sin-oneeighty-4Hz-choir14.wav,180,choir,2,1.56359195709229,1701169016.13543
2,7,12,Theta,1051-sin-4Hz.avi,zero,sin-zero-4Hz-acoustic14.wav,0,acoustic,4,1.58110308647156,1701169022.10188
2,7,13,Theta,1014-sin-4Hz.avi,zero,sin-zero-4Hz-acoustic23.wav,0,acoustic,5,3.39460587501526,1701169029.15231
2,7,14,Theta,1013-sin-4Hz.avi,oneeighty,sin-oneeighty-4Hz-dar22.wav,180,dar,3,0.323714971542358,1701169036.92721
2,7,15,Theta,1003-sin-4Hz.avi,zero,sin-zero-4Hz-choir6.wav,0,choir,4,0.328850030899048,1701169042.60205
2,7,16,Theta,1002-sin-4Hz.avi,zero,sin-zero-4Hz-choir2.wav,0,choir,2,0.341962099075317,1701169047.46892
