respMat_ 1,respMat_ 2,respMat_ 3,respMat_ 4,respMat_ 5,respMat_ 6,respMat_ 7,respMat_ 8,respMat_ 9,respMat_10,respMat_11,respMat_12
19,2,1,Theta,1025-sin-4Hz.avi,zero,sin-zero-4Hz-orch20.wav,0,orch,1,1.81926417350769,1702052281.94693
19,2,2,Theta,1048-sin-4Hz.avi,oneeighty,sin-oneeighty-4Hz-dar17.wav,180,dar,2,1.98133778572083,1702052289.48069
19,2,3,Theta,1026-sin-4Hz.avi,oneeighty,sin-oneeighty-4Hz-dar20.wav,180,dar,4,1.54591608047485,1702052297.18013
19,2,4,Theta,1010-sin-4Hz.avi,oneeighty,sin-oneeighty-4Hz-orch4.wav,180,orch,2,1.35509514808655,1702052303.54711
19,2,5,Theta,1002-sin-4Hz.avi,oneeighty,sin-oneeighty-4Hz-choir21.wav,180,choir,3,1.5408091545105,1702052309.8893
19,2,6,Theta,1034-sin-4Hz.avi,zero,sin-zero-4Hz-acoustic32.wav,0,acoustic,3,2.90837907791138,1702052316.29774
19,2,7,Theta,1023-sin-4Hz.avi,zero,sin-zero-4Hz-orch15.wav,0,orch,2,2.1728949546814,1702052325.28921
19,2,8,Theta,1051-sin-4Hz.avi,oneeighty,sin-oneeighty-4Hz-choir6.wav,180,choir,1,1.03432703018188,1702052332.34777
19,2,9,Theta,1015-sin-4Hz.avi,oneeighty,sin-oneeighty-4Hz-orch23.wav,180,orch,2,1.98844289779663,1702052338.4977
19,2,10,Theta,1049-sin-4Hz.avi,zero,sin-zero-4Hz-choir15.wav,0,choir,1,0.735605001449585,1702052346.02254
19,2,11,Theta,1029-sin-4Hz.avi,oneeighty,sin-oneeighty-4Hz-acoustic14.wav,180,acoustic,5,1.32647895812988,1702052352.83981
19,2,12,Theta,1033-sin-4Hz.avi,zero,sin-zero-4Hz-choir7.wav,0,choir,3,2.26470685005188,1702052359.3897
19,2,13,Theta,1044-sin-4Hz.avi,zero,sin-zero-4Hz-dar22.wav,0,dar,2,4.25853419303894,1702052366.93168
19,2,14,Theta,1037-sin-4Hz.avi,oneeighty,sin-oneeighty-4Hz-acoustic25.wav,180,acoustic,4,1.80682897567749,1702052376.42352
19,2,15,Theta,1052-sin-4Hz.avi,zero,sin-zero-4Hz-acoustic7.wav,0,acoustic,3,1.21113300323486,1702052383.3232
19,2,16,Theta,1022-sin-4Hz.avi,zero,sin-zero-4Hz-dar10.wav,0,dar,1,1.88470196723938,1702052389.6736
