respMat_ 1,respMat_ 2,respMat_ 3,respMat_ 4,respMat_ 5,respMat_ 6,respMat_ 7,respMat_ 8,respMat_ 9,respMat_10,respMat_11,respMat_12
12,7,1,Theta,1018-sin-4Hz.avi,zero,sin-zero-4Hz-orch23.wav,0,orch,2,0.9288489818573,1701786440.48464
12,7,2,Theta,1066-sin-4Hz.avi,oneeighty,sin-oneeighty-4Hz-dar11.wav,180,dar,4,1.36353802680969,1701786446.81796
12,7,3,Theta,1002-sin-4Hz.avi,zero,sin-zero-4Hz-choir2.wav,0,choir,1,0.401513814926147,1701786453.66795
12,7,4,Theta,1025-sin-4Hz.avi,oneeighty,sin-oneeighty-4Hz-orch5.wav,180,orch,1,0.384016036987305,1701786458.50148
12,7,5,Theta,1044-sin-4Hz.avi,oneeighty,sin-oneeighty-4Hz-orch20.wav,180,orch,4,0.487703084945679,1701786463.70979
12,7,6,Theta,1051-sin-4Hz.avi,zero,sin-zero-4Hz-acoustic34.wav,0,acoustic,1,0.432868957519531,1701786469.68462
12,7,7,Theta,1024-sin-4Hz.avi,oneeighty,sin-oneeighty-4Hz-dar2.wav,180,dar,4,0.295803070068359,1701786476.30168
12,7,8,Theta,1049-sin-4Hz.avi,oneeighty,sin-oneeighty-4Hz-choir23.wav,180,choir,1,0.352886915206909,1701786482.48464
12,7,9,Theta,1004-sin-4Hz.avi,oneeighty,sin-oneeighty-4Hz-acoustic1.wav,180,acoustic,5,0.310362100601196,1701786487.93518
12,7,10,Theta,1006-sin-4Hz.avi,zero,sin-zero-4Hz-dar17.wav,0,dar,2,8.70227813720703e-05,1701786494.36851
12,7,11,Theta,1053-sin-4Hz.avi,oneeighty,sin-oneeighty-4Hz-acoustic7.wav,180,acoustic,5,0.274503946304321,1701786499.635
12,7,12,Theta,1015-sin-4Hz.avi,zero,sin-zero-4Hz-orch22.wav,0,orch,4,0.338670969009399,1701786504.43487
12,7,13,Theta,1034-sin-4Hz.avi,oneeighty,sin-oneeighty-4Hz-choir7.wav,180,choir,2,0.218044996261597,1701786509.43547
12,7,14,Theta,1016-sin-4Hz.avi,zero,sin-zero-4Hz-acoustic25.wav,0,acoustic,1,0.501362085342407,1701786515.55217
12,7,15,Theta,1026-sin-4Hz.avi,zero,sin-zero-4Hz-dar13.wav,0,dar,5,0.340100049972534,1701786521.98547
12,7,16,Theta,1012-sin-4Hz.avi,zero,sin-zero-4Hz-choir21.wav,0,choir,4,0.216233968734741,1701786527.48531
