respMat_ 1,respMat_ 2,respMat_ 3,respMat_ 4,respMat_ 5,respMat_ 6,respMat_ 7,respMat_ 8,respMat_ 9,respMat_10,respMat_11,respMat_12
22,4,1,Theta,1024-sin-4Hz.avi,oneeighty,sin-oneeighty-4Hz-dar22.wav,180,dar,3,1.55514693260193,1702380416.81339
22,4,2,Theta,1048-sin-4Hz.avi,zero,sin-zero-4Hz-orch23.wav,0,orch,2,0.349017858505249,1702380423.36352
22,4,3,Theta,1017-sin-4Hz.avi,zero,sin-zero-4Hz-choir18.wav,0,choir,4,1.01267409324646,1702380428.57187
22,4,4,Theta,1023-sin-4Hz.avi,oneeighty,sin-oneeighty-4Hz-acoustic11.wav,180,acoustic,3,1.36861491203308,1702380434.47192
22,4,5,Theta,1027-sin-4Hz.avi,oneeighty,sin-oneeighty-4Hz-acoustic32.wav,180,acoustic,4,2.86170601844788,1702380441.53882
22,4,6,Theta,1016-sin-4Hz.avi,zero,sin-zero-4Hz-orch4.wav,0,orch,2,0.662697076797485,1702380450.50584
22,4,7,Theta,1037-sin-4Hz.avi,zero,sin-zero-4Hz-acoustic23.wav,0,acoustic,5,0.379960060119629,1702380456.18054
22,4,8,Theta,1015-sin-4Hz.avi,zero,sin-zero-4Hz-choir6.wav,0,choir,5,1.0682201385498,1702380461.17224
22,4,9,Theta,1014-sin-4Hz.avi,zero,sin-zero-4Hz-dar12.wav,0,dar,1,0.368590831756592,1702380468.46394
22,4,10,Theta,1066-sin-4Hz.avi,oneeighty,sin-oneeighty-4Hz-dar2.wav,180,dar,4,0.751521110534668,1702380474.68901
22,4,11,Theta,1010-sin-4Hz.avi,zero,sin-zero-4Hz-dar20.wav,0,dar,2,1.36666393280029,1702380480.90586
22,4,12,Theta,1061-sin-4Hz.avi,oneeighty,sin-oneeighty-4Hz-orch3.wav,180,orch,4,3.45273613929749,1702380487.95582
22,4,13,Theta,1013-sin-4Hz.avi,oneeighty,sin-oneeighty-4Hz-choir14.wav,180,choir,2,1.66883707046509,1702380497.54768
22,4,14,Theta,1044-sin-4Hz.avi,oneeighty,sin-oneeighty-4Hz-choir23.wav,180,choir,4,1.65556383132935,1702380504.28097
22,4,15,Theta,1006-sin-4Hz.avi,zero,sin-zero-4Hz-acoustic14.wav,0,acoustic,4,1.51945781707764,1702380510.48103
22,4,16,Theta,1049-sin-4Hz.avi,oneeighty,sin-oneeighty-4Hz-orch15.wav,180,orch,4,1.33125901222229,1702380517.58126
