respMat_ 1,respMat_ 2,respMat_ 3,respMat_ 4,respMat_ 5,respMat_ 6,respMat_ 7,respMat_ 8,respMat_ 9,respMat_10,respMat_11,respMat_12
12,4,1,Theta,1022-sin-4Hz.avi,oneeighty,sin-oneeighty-4Hz-acoustic32.wav,180,acoustic,5,0.368113994598389,1701786152.98103
12,4,2,Theta,1017-sin-4Hz.avi,zero,sin-zero-4Hz-choir6.wav,0,choir,2,0.243497848510742,1701786158.89773
12,4,3,Theta,1014-sin-4Hz.avi,zero,sin-zero-4Hz-orch24.wav,0,orch,5,0.328484058380127,1701786164.36479
12,4,4,Theta,1003-sin-4Hz.avi,zero,sin-zero-4Hz-acoustic14.wav,0,acoustic,4,0.328711032867432,1701786169.16451
12,4,5,Theta,1048-sin-4Hz.avi,zero,sin-zero-4Hz-acoustic23.wav,0,acoustic,5,0.426648139953613,1701786174.50666
12,4,6,Theta,1023-sin-4Hz.avi,oneeighty,sin-oneeighty-4Hz-dar10.wav,180,dar,1,0.343733072280884,1701786181.18162
12,4,7,Theta,1030-sin-4Hz.avi,oneeighty,sin-oneeighty-4Hz-orch3.wav,180,orch,1,0.482554912567139,1701786186.11478
12,4,8,Theta,1027-sin-4Hz.avi,oneeighty,sin-oneeighty-4Hz-choir14.wav,180,choir,1,0.427100896835327,1701786192.49017
12,4,9,Theta,1061-sin-4Hz.avi,oneeighty,sin-oneeighty-4Hz-acoustic11.wav,180,acoustic,3,0.363013029098511,1701786197.69022
12,4,10,Theta,1037-sin-4Hz.avi,zero,sin-zero-4Hz-dar20.wav,0,dar,2,0.412223815917969,1701786203.46507
12,4,11,Theta,1033-sin-4Hz.avi,oneeighty,sin-oneeighty-4Hz-dar22.wav,180,dar,4,0.346218824386597,1701786208.71503
12,4,12,Theta,1029-sin-4Hz.avi,zero,sin-zero-4Hz-choir18.wav,0,choir,2,0.261109828948975,1701786214.43217
12,4,13,Theta,1043-sin-4Hz.avi,zero,sin-zero-4Hz-orch4.wav,0,orch,1,0.390430927276611,1701786220.60689
12,4,14,Theta,1013-sin-4Hz.avi,oneeighty,sin-oneeighty-4Hz-orch15.wav,180,orch,2,0.722284078598022,1701786226.49893
12,4,15,Theta,1010-sin-4Hz.avi,zero,sin-zero-4Hz-dar12.wav,0,dar,2,0.333734035491943,1701786233.01562
12,4,16,Theta,1052-sin-4Hz.avi,oneeighty,sin-oneeighty-4Hz-choir15.wav,180,choir,2,0.327996015548706,1701786239.14928
