respMat_ 1,respMat_ 2,respMat_ 3,respMat_ 4,respMat_ 5,respMat_ 6,respMat_ 7,respMat_ 8,respMat_ 9,respMat_10,respMat_11,respMat_12
8,3,1,Theta,1033-sin-4Hz.avi,oneeighty,sin-oneeighty-4Hz-orch3.wav,180,orch,2,1.36434102058411,1702556514.01161
8,3,2,Theta,1027-sin-4Hz.avi,oneeighty,sin-oneeighty-4Hz-acoustic1.wav,180,acoustic,3,1.71948099136353,1702556520.93649
8,3,3,Theta,1010-sin-4Hz.avi,zero,sin-zero-4Hz-orch24.wav,0,orch,2,4.00773811340332,1702556527.92823
8,3,4,Theta,1012-sin-4Hz.avi,zero,sin-zero-4Hz-choir21.wav,0,choir,4,1.72292184829712,1702556538.24503
8,3,5,Theta,1049-sin-4Hz.avi,oneeighty,sin-oneeighty-4Hz-orch15.wav,180,orch,2,1.9626989364624,1702556544.8533
8,3,6,Theta,1006-sin-4Hz.avi,zero,sin-zero-4Hz-orch22.wav,0,orch,4,0.889156103134155,1702556551.68683
8,3,7,Theta,1002-sin-4Hz.avi,zero,sin-zero-4Hz-dar17.wav,0,dar,5,2.39310503005981,1702556558.08696
8,3,8,Theta,1043-sin-4Hz.avi,zero,sin-zero-4Hz-dar20.wav,0,dar,4,2.36524200439453,1702556566.17876
8,3,9,Theta,1017-sin-4Hz.avi,zero,sin-zero-4Hz-acoustic25.wav,0,acoustic,3,1.82748293876648,1702556573.02052
8,3,10,Theta,1004-sin-4Hz.avi,oneeighty,sin-oneeighty-4Hz-dar22.wav,180,dar,5,1.2414448261261,1702556579.4788
8,3,11,Theta,1052-sin-4Hz.avi,oneeighty,sin-oneeighty-4Hz-dar10.wav,180,dar,2,1.04525113105774,1702556585.77074
8,3,12,Theta,1053-sin-4Hz.avi,oneeighty,sin-oneeighty-4Hz-choir15.wav,180,choir,2,5.42705297470093,1702556592.82896
8,3,13,Theta,1016-sin-4Hz.avi,zero,sin-zero-4Hz-choir6.wav,0,choir,2,4.18315815925598,1702556602.92085
8,3,14,Theta,1048-sin-4Hz.avi,zero,sin-zero-4Hz-acoustic34.wav,0,acoustic,3,4.49878978729248,1702556613.22922
8,3,15,Theta,1044-sin-4Hz.avi,oneeighty,sin-oneeighty-4Hz-acoustic32.wav,180,acoustic,3,5.18619298934937,1702556622.84594
8,3,16,Theta,1013-sin-4Hz.avi,oneeighty,sin-oneeighty-4Hz-choir23.wav,180,choir,2,1.08805680274963,1702556634.09597
