respMat_ 1,respMat_ 2,respMat_ 3,respMat_ 4,respMat_ 5,respMat_ 6,respMat_ 7,respMat_ 8,respMat_ 9,respMat_10,respMat_11,respMat_12
24,1,1,Theta,1024-sin-4Hz.avi,oneeighty,sin-oneeighty-4Hz-acoustic1.wav,180,acoustic,5,0.957273960113525,1702462080.76884
24,1,2,Theta,1051-sin-4Hz.avi,zero,sin-zero-4Hz-orch22.wav,0,orch,2,0.682088851928711,1702462087.84405
24,1,3,Theta,1066-sin-4Hz.avi,oneeighty,sin-oneeighty-4Hz-orch15.wav,180,orch,4,0.86518406867981,1702462094.47691
24,1,4,Theta,1023-sin-4Hz.avi,oneeighty,sin-oneeighty-4Hz-dar22.wav,180,dar,2,0.56046199798584,1702462100.07757
24,1,5,Theta,1010-sin-4Hz.avi,zero,sin-zero-4Hz-dar17.wav,0,dar,4,0.782395839691162,1702462106.12774
24,1,6,Theta,1044-sin-4Hz.avi,oneeighty,sin-oneeighty-4Hz-dar10.wav,180,dar,5,0.37389087677002,1702462111.54418
24,1,7,Theta,1027-sin-4Hz.avi,oneeighty,sin-oneeighty-4Hz-choir7.wav,180,choir,1,1.81878304481506,1702462116.81944
24,1,8,Theta,1014-sin-4Hz.avi,zero,sin-zero-4Hz-orch24.wav,0,orch,5,0.575698852539062,1702462124.89438
24,1,9,Theta,1037-sin-4Hz.avi,zero,sin-zero-4Hz-choir21.wav,0,choir,2,3.17315006256104,1702462131.76891
24,1,10,Theta,1061-sin-4Hz.avi,oneeighty,sin-oneeighty-4Hz-choir23.wav,180,choir,4,0.994708061218262,1702462139.41937
24,1,11,Theta,1043-sin-4Hz.avi,zero,sin-zero-4Hz-acoustic14.wav,0,acoustic,5,0.575678110122681,1702462146.09442
24,1,12,Theta,1053-sin-4Hz.avi,oneeighty,sin-oneeighty-4Hz-acoustic32.wav,180,acoustic,5,2.20846700668335,1702462151.27778
24,1,13,Theta,1006-sin-4Hz.avi,zero,sin-zero-4Hz-dar13.wav,0,dar,2,1.01380395889282,1702462159.73622
24,1,14,Theta,1025-sin-4Hz.avi,oneeighty,sin-oneeighty-4Hz-orch20.wav,180,orch,1,2.76396608352661,1702462166.57814
24,1,15,Theta,1026-sin-4Hz.avi,zero,sin-zero-4Hz-acoustic34.wav,0,acoustic,5,0.368699789047241,1702462173.66162
24,1,16,Theta,1018-sin-4Hz.avi,zero,sin-zero-4Hz-choir6.wav,0,choir,2,1.28595805168152,1702462179.92829
