respMat_ 1,respMat_ 2,respMat_ 3,respMat_ 4,respMat_ 5,respMat_ 6,respMat_ 7,respMat_ 8,respMat_ 9,respMat_10,respMat_11,respMat_12
19,5,1,Theta,1034-sin-4Hz.avi,zero,sin-zero-4Hz-acoustic32.wav,0,acoustic,4,1.28199696540833,1702052660.08499
19,5,2,Theta,1049-sin-4Hz.avi,zero,sin-zero-4Hz-choir15.wav,0,choir,1,1.26441287994385,1702052666.31063
19,5,3,Theta,1026-sin-4Hz.avi,oneeighty,sin-oneeighty-4Hz-dar20.wav,180,dar,4,1.6474449634552,1702052673.14354
19,5,4,Theta,1033-sin-4Hz.avi,zero,sin-zero-4Hz-choir7.wav,0,choir,3,0.902267932891846,1702052680.76883
19,5,5,Theta,1044-sin-4Hz.avi,zero,sin-zero-4Hz-dar22.wav,0,dar,2,3.06922912597656,1702052685.99388
19,5,6,Theta,1022-sin-4Hz.avi,zero,sin-zero-4Hz-dar10.wav,0,dar,1,0.947827816009521,1702052695.21926
19,5,7,Theta,1037-sin-4Hz.avi,oneeighty,sin-oneeighty-4Hz-acoustic25.wav,180,acoustic,5,1.46682500839233,1702052701.64434
19,5,8,Theta,1002-sin-4Hz.avi,oneeighty,sin-oneeighty-4Hz-choir21.wav,180,choir,4,2.55300092697144,1702052707.69415
19,5,9,Theta,1023-sin-4Hz.avi,zero,sin-zero-4Hz-orch15.wav,0,orch,2,0.786351203918457,1702052716.05283
19,5,10,Theta,1015-sin-4Hz.avi,oneeighty,sin-oneeighty-4Hz-orch23.wav,180,orch,1,3.28544306755066,1702052721.37774
19,5,11,Theta,1052-sin-4Hz.avi,zero,sin-zero-4Hz-acoustic7.wav,0,acoustic,3,1.90650701522827,1702052730.6447
19,5,12,Theta,1010-sin-4Hz.avi,oneeighty,sin-oneeighty-4Hz-orch4.wav,180,orch,2,1.35473799705505,1702052737.43653
19,5,13,Theta,1029-sin-4Hz.avi,oneeighty,sin-oneeighty-4Hz-acoustic14.wav,180,acoustic,4,1.10396409034729,1702052744.71124
19,5,14,Theta,1025-sin-4Hz.avi,zero,sin-zero-4Hz-orch20.wav,0,orch,1,0.595042943954468,1702052751.02821
19,5,15,Theta,1051-sin-4Hz.avi,oneeighty,sin-oneeighty-4Hz-choir6.wav,180,choir,1,1.00108695030212,1702052757.27814
19,5,16,Theta,1048-sin-4Hz.avi,oneeighty,sin-oneeighty-4Hz-dar17.wav,180,dar,4,4.07502412796021,1702052763.42019
