respMat_ 1,respMat_ 2,respMat_ 3,respMat_ 4,respMat_ 5,respMat_ 6,respMat_ 7,respMat_ 8,respMat_ 9,respMat_10,respMat_11,respMat_12
5,8,1,Theta,1027-sin-4Hz.avi,zero,sin-zero-4Hz-acoustic1.wav,0,acoustic,2,4.63035202026367,1701188523.47474
5,8,2,Theta,1052-sin-4Hz.avi,zero,sin-zero-4Hz-dar2.wav,0,dar,5,1.49586009979248,1701188533.04124
5,8,3,Theta,1053-sin-4Hz.avi,zero,sin-zero-4Hz-orch3.wav,0,orch,1,0.74142599105835,1701188540.09966
5,8,4,Theta,1015-sin-4Hz.avi,oneeighty,sin-oneeighty-4Hz-acoustic23.wav,180,acoustic,5,0.630415201187134,1701188546.46664
5,8,5,Theta,1010-sin-4Hz.avi,oneeighty,sin-oneeighty-4Hz-orch22.wav,180,orch,4,2.79399108886719,1701188552.59097
5,8,6,Theta,1004-sin-4Hz.avi,zero,sin-zero-4Hz-choir7.wav,0,choir,1,0.547163963317871,1701188561.34985
5,8,7,Theta,1044-sin-4Hz.avi,zero,sin-zero-4Hz-dar11.wav,0,dar,4,0.635468006134033,1701188567.34154
5,8,8,Theta,1023-sin-4Hz.avi,zero,sin-zero-4Hz-orch15.wav,0,orch,1,2.07111620903015,1701188572.84982
5,8,9,Theta,1029-sin-4Hz.avi,oneeighty,sin-oneeighty-4Hz-choir6.wav,180,choir,5,1.04143404960632,1701188580.98354
5,8,10,Theta,1006-sin-4Hz.avi,oneeighty,sin-oneeighty-4Hz-dar12.wav,180,dar,3,1.2501049041748,1701188586.56688
5,8,11,Theta,1066-sin-4Hz.avi,zero,sin-zero-4Hz-acoustic7.wav,0,acoustic,5,0.481759071350098,1701188592.77521
5,8,12,Theta,1051-sin-4Hz.avi,oneeighty,sin-oneeighty-4Hz-dar20.wav,180,dar,3,2.41522693634033,1701188597.64172
5,8,13,Theta,1049-sin-4Hz.avi,zero,sin-zero-4Hz-choir15.wav,0,choir,4,2.16877198219299,1701188605.60016
5,8,14,Theta,1003-sin-4Hz.avi,oneeighty,sin-oneeighty-4Hz-choir21.wav,180,choir,4,2.39974308013916,1701188612.82512
5,8,15,Theta,1017-sin-4Hz.avi,oneeighty,sin-oneeighty-4Hz-acoustic34.wav,180,acoustic,5,0.733349084854126,1701188620.89159
5,8,16,Theta,1026-sin-4Hz.avi,oneeighty,sin-oneeighty-4Hz-orch23.wav,180,orch,4,2.48377799987793,1701188625.92508
