respMat_ 1,respMat_ 2,respMat_ 3,respMat_ 4,respMat_ 5,respMat_ 6,respMat_ 7,respMat_ 8,respMat_ 9,respMat_10,respMat_11,respMat_12
11,3,1,Theta,1048-sin-4Hz.avi,oneeighty,sin-oneeighty-4Hz-choir21.wav,180,choir,3,1.77465891838074,1701774942.2718
11,3,2,Theta,1002-sin-4Hz.avi,oneeighty,sin-oneeighty-4Hz-acoustic14.wav,180,acoustic,4,1.14731097221375,1701774948.75509
11,3,3,Theta,1012-sin-4Hz.avi,oneeighty,sin-oneeighty-4Hz-choir2.wav,180,choir,5,1.9131760597229,1701774956.00528
11,3,4,Theta,1061-sin-4Hz.avi,zero,sin-zero-4Hz-dar22.wav,0,dar,5,0.71776294708252,1701774962.68869
11,3,5,Theta,1044-sin-4Hz.avi,zero,sin-zero-4Hz-orch3.wav,0,orch,4,0.438739061355591,1701774969.06374
11,3,6,Theta,1029-sin-4Hz.avi,oneeighty,sin-oneeighty-4Hz-orch23.wav,180,orch,4,0.474384069442749,1701774974.77208
11,3,7,Theta,1016-sin-4Hz.avi,oneeighty,sin-oneeighty-4Hz-acoustic25.wav,180,acoustic,5,0.421573162078857,1701774980.88884
11,3,8,Theta,1017-sin-4Hz.avi,oneeighty,sin-oneeighty-4Hz-orch22.wav,180,orch,3,1.19927597045898,1701774987.24713
11,3,9,Theta,1013-sin-4Hz.avi,zero,sin-zero-4Hz-orch20.wav,0,orch,2,0.424756050109863,1701774992.9976
11,3,10,Theta,1027-sin-4Hz.avi,zero,sin-zero-4Hz-acoustic11.wav,0,acoustic,5,0.314479827880859,1701774998.96385
11,3,11,Theta,1034-sin-4Hz.avi,zero,sin-zero-4Hz-choir15.wav,0,choir,4,0.366002798080444,1701775004.27228
11,3,12,Theta,1023-sin-4Hz.avi,zero,sin-zero-4Hz-acoustic32.wav,0,acoustic,3,1.49485397338867,1701775009.04739
11,3,13,Theta,1052-sin-4Hz.avi,zero,sin-zero-4Hz-choir7.wav,0,choir,4,0.299283027648926,1701775016.73893
11,3,14,Theta,1043-sin-4Hz.avi,oneeighty,sin-oneeighty-4Hz-dar13.wav,180,dar,2,0.419167995452881,1701775022.53902
11,3,15,Theta,1066-sin-4Hz.avi,zero,sin-zero-4Hz-dar11.wav,0,dar,4,0.351438999176025,1701775027.63069
11,3,16,Theta,1026-sin-4Hz.avi,oneeighty,sin-oneeighty-4Hz-dar20.wav,180,dar,5,0.587038993835449,1701775032.73907
