respMat_ 1,respMat_ 2,respMat_ 3,respMat_ 4,respMat_ 5,respMat_ 6,respMat_ 7,respMat_ 8,respMat_ 9,respMat_10,respMat_11,respMat_12
4,3,1,Theta,1049-sin-4Hz.avi,oneeighty,sin-oneeighty-4Hz-orch5.wav,180,orch,2,8.08354902267456,1701271113.61731
4,3,2,Theta,1044-sin-4Hz.avi,oneeighty,sin-oneeighty-4Hz-acoustic32.wav,180,acoustic,2,4.72672510147095,1701271127.72625
4,3,3,Theta,1010-sin-4Hz.avi,zero,sin-zero-4Hz-choir6.wav,0,choir,4,3.36553311347961,1701271138.15957
4,3,4,Theta,1002-sin-4Hz.avi,zero,sin-zero-4Hz-orch22.wav,0,orch,1,4.74533891677856,1701271146.85988
4,3,5,Theta,1004-sin-4Hz.avi,oneeighty,sin-oneeighty-4Hz-dar22.wav,180,dar,5,2.34086418151855,1701271157.16838
4,3,6,Theta,1024-sin-4Hz.avi,oneeighty,sin-oneeighty-4Hz-choir7.wav,180,choir,3,13.4065728187561,1701271164.32686
4,3,7,Theta,1051-sin-4Hz.avi,zero,sin-zero-4Hz-acoustic25.wav,0,acoustic,4,4.74817299842834,1701271183.17739
4,3,8,Theta,1018-sin-4Hz.avi,zero,sin-zero-4Hz-choir21.wav,0,choir,3,4.41946315765381,1701271194.19412
4,3,9,Theta,1015-sin-4Hz.avi,zero,sin-zero-4Hz-acoustic23.wav,0,acoustic,5,1.94671607017517,1701271203.611
4,3,10,Theta,1025-sin-4Hz.avi,oneeighty,sin-oneeighty-4Hz-orch15.wav,180,orch,2,3.14650917053223,1701271211.61131
4,3,11,Theta,1012-sin-4Hz.avi,zero,sin-zero-4Hz-orch4.wav,0,orch,4,2.65174388885498,1701271219.17819
4,3,12,Theta,1003-sin-4Hz.avi,zero,sin-zero-4Hz-dar20.wav,0,dar,3,5.7738299369812,1701271226.72816
4,3,13,Theta,1022-sin-4Hz.avi,oneeighty,sin-oneeighty-4Hz-dar2.wav,180,dar,4,15.3844599723816,1701271237.66171
4,3,14,Theta,1016-sin-4Hz.avi,zero,sin-zero-4Hz-dar13.wav,0,dar,4,5.63169312477112,1701271258.07057
4,3,15,Theta,1053-sin-4Hz.avi,oneeighty,sin-oneeighty-4Hz-choir23.wav,180,choir,1,1.50167608261108,1701271269.72064
4,3,16,Theta,1023-sin-4Hz.avi,oneeighty,sin-oneeighty-4Hz-acoustic7.wav,180,acoustic,2,3.05199909210205,1701271275.56237
