respMat_ 1,respMat_ 2,respMat_ 3,respMat_ 4,respMat_ 5,respMat_ 6,respMat_ 7,respMat_ 8,respMat_ 9,respMat_10,respMat_11,respMat_12
24,4,1,Theta,1002-sin-4Hz.avi,zero,sin-zero-4Hz-orch23.wav,0,orch,3,1.60490202903748,1702462394.69731
24,4,2,Theta,1034-sin-4Hz.avi,oneeighty,sin-oneeighty-4Hz-dar11.wav,180,dar,1,0.306792020797729,1702462401.54747
24,4,3,Theta,1022-sin-4Hz.avi,oneeighty,sin-oneeighty-4Hz-orch3.wav,180,orch,4,0.654815196990967,1702462406.84744
24,4,4,Theta,1016-sin-4Hz.avi,zero,sin-zero-4Hz-dar20.wav,0,dar,2,0.325292110443115,1702462413.48099
24,4,5,Theta,1015-sin-4Hz.avi,zero,sin-zero-4Hz-orch4.wav,0,orch,2,1.42351698875427,1702462418.4308
24,4,6,Theta,1030-sin-4Hz.avi,oneeighty,sin-oneeighty-4Hz-acoustic7.wav,180,acoustic,4,1.31615710258484,1702462425.30613
24,4,7,Theta,1013-sin-4Hz.avi,oneeighty,sin-oneeighty-4Hz-acoustic11.wav,180,acoustic,5,0.392622947692871,1702462430.99758
24,4,8,Theta,1033-sin-4Hz.avi,oneeighty,sin-oneeighty-4Hz-choir14.wav,180,choir,4,0.463575124740601,1702462436.01464
24,4,9,Theta,1004-sin-4Hz.avi,oneeighty,sin-oneeighty-4Hz-orch5.wav,180,orch,4,1.51052403450012,1702462441.84777
24,4,10,Theta,1017-sin-4Hz.avi,zero,sin-zero-4Hz-acoustic25.wav,0,acoustic,5,0.368966102600098,1702462448.58937
24,4,11,Theta,1052-sin-4Hz.avi,oneeighty,sin-oneeighty-4Hz-choir15.wav,180,choir,2,1.60689687728882,1702462455.03141
24,4,12,Theta,1049-sin-4Hz.avi,oneeighty,sin-oneeighty-4Hz-dar2.wav,180,dar,3,0.746969938278198,1702462462.93152
24,4,13,Theta,1012-sin-4Hz.avi,zero,sin-zero-4Hz-choir2.wav,0,choir,5,0.353332996368408,1702462468.17302
24,4,14,Theta,1003-sin-4Hz.avi,zero,sin-zero-4Hz-choir18.wav,0,choir,4,0.914312124252319,1702462474.14002
24,4,15,Theta,1048-sin-4Hz.avi,zero,sin-zero-4Hz-dar12.wav,0,dar,1,0.344764947891235,1702462480.18157
24,4,16,Theta,1029-sin-4Hz.avi,zero,sin-zero-4Hz-acoustic23.wav,0,acoustic,5,0.361304044723511,1702462485.76507
