respMat_ 1,respMat_ 2,respMat_ 3,respMat_ 4,respMat_ 5,respMat_ 6,respMat_ 7,respMat_ 8,respMat_ 9,respMat_10,respMat_11,respMat_12
12,3,1,Theta,1004-sin-4Hz.avi,oneeighty,sin-oneeighty-4Hz-acoustic1.wav,180,acoustic,5,2.01569080352783,1701786040.82148
12,3,2,Theta,1051-sin-4Hz.avi,zero,sin-zero-4Hz-acoustic34.wav,0,acoustic,2,0.0174179077148438,1701786048.1638
12,3,3,Theta,1026-sin-4Hz.avi,zero,sin-zero-4Hz-dar13.wav,0,dar,4,0.854825973510742,1701786053.43828
12,3,4,Theta,1066-sin-4Hz.avi,oneeighty,sin-oneeighty-4Hz-dar11.wav,180,dar,3,0.158896207809448,1701786058.63034
12,3,5,Theta,1002-sin-4Hz.avi,zero,sin-zero-4Hz-choir2.wav,0,choir,2,0.318906784057617,1701786065.03041
12,3,6,Theta,1049-sin-4Hz.avi,oneeighty,sin-oneeighty-4Hz-choir23.wav,180,choir,1,0.96284008026123,1701786070.93048
12,3,7,Theta,1034-sin-4Hz.avi,oneeighty,sin-oneeighty-4Hz-choir7.wav,180,choir,3,6.63059186935425,1701786076.83053
12,3,8,Theta,1024-sin-4Hz.avi,oneeighty,sin-oneeighty-4Hz-dar2.wav,180,dar,3,2.68964695930481,1701786088.94754
12,3,9,Theta,1018-sin-4Hz.avi,zero,sin-zero-4Hz-orch23.wav,0,orch,3,3.73913097381592,1701786096.12211
12,3,10,Theta,1044-sin-4Hz.avi,oneeighty,sin-oneeighty-4Hz-orch20.wav,180,orch,3,0.341742038726807,1701786105.64749
12,3,11,Theta,1006-sin-4Hz.avi,zero,sin-zero-4Hz-dar17.wav,0,dar,1,0.370760917663574,1701786111.73048
12,3,12,Theta,1016-sin-4Hz.avi,zero,sin-zero-4Hz-acoustic25.wav,0,acoustic,1,0.621726989746094,1701786118.03943
12,3,13,Theta,1015-sin-4Hz.avi,zero,sin-zero-4Hz-orch22.wav,0,orch,4,0.317620992660522,1701786123.84762
12,3,14,Theta,1053-sin-4Hz.avi,oneeighty,sin-oneeighty-4Hz-acoustic7.wav,180,acoustic,4,0.300222158432007,1701786128.88902
12,3,15,Theta,1012-sin-4Hz.avi,zero,sin-zero-4Hz-choir21.wav,0,choir,4,1.43573093414307,1701786134.29744
12,3,16,Theta,1025-sin-4Hz.avi,oneeighty,sin-oneeighty-4Hz-orch5.wav,180,orch,2,0.296401977539062,1701786140.97286
