respMat_ 1,respMat_ 2,respMat_ 3,respMat_ 4,respMat_ 5,respMat_ 6,respMat_ 7,respMat_ 8,respMat_ 9,respMat_10,respMat_11,respMat_12
18,7,1,Theta,1033-sin-4Hz.avi,oneeighty,sin-oneeighty-4Hz-dar22.wav,180,dar,4,0.352293014526367,1702049405.92182
18,7,2,Theta,1017-sin-4Hz.avi,zero,sin-zero-4Hz-orch4.wav,0,orch,5,0.410807847976685,1702049411.65533
18,7,3,Theta,1052-sin-4Hz.avi,oneeighty,sin-oneeighty-4Hz-choir15.wav,180,choir,4,1.33584499359131,1702049417.72232
18,7,4,Theta,1043-sin-4Hz.avi,zero,sin-zero-4Hz-choir2.wav,0,choir,3,1.58868193626404,1702049424.20545
18,7,5,Theta,1037-sin-4Hz.avi,zero,sin-zero-4Hz-dar13.wav,0,dar,3,2.50975203514099,1702049430.77242
18,7,6,Theta,1034-sin-4Hz.avi,oneeighty,sin-oneeighty-4Hz-dar11.wav,180,dar,4,4.02961301803589,1702049438.77255
18,7,7,Theta,1029-sin-4Hz.avi,zero,sin-zero-4Hz-choir18.wav,0,choir,4,0.268872022628784,1702049448.78928
18,7,8,Theta,1022-sin-4Hz.avi,oneeighty,sin-oneeighty-4Hz-orch5.wav,180,orch,3,2.24177408218384,1702049454.67233
18,7,9,Theta,1061-sin-4Hz.avi,oneeighty,sin-oneeighty-4Hz-acoustic7.wav,180,acoustic,5,0.286818027496338,1702049461.93928
18,7,10,Theta,1048-sin-4Hz.avi,zero,sin-zero-4Hz-dar20.wav,0,dar,4,11.7609419822693,1702049468.08108
18,7,11,Theta,1003-sin-4Hz.avi,zero,sin-zero-4Hz-acoustic34.wav,0,acoustic,5,0.385716915130615,1702049485.47229
18,7,12,Theta,1013-sin-4Hz.avi,oneeighty,sin-oneeighty-4Hz-acoustic32.wav,180,acoustic,4,0.733186960220337,1702049490.58074
18,7,13,Theta,1012-sin-4Hz.avi,zero,sin-zero-4Hz-acoustic25.wav,0,acoustic,5,0.32580304145813,1702049495.75621
18,7,14,Theta,1030-sin-4Hz.avi,oneeighty,sin-oneeighty-4Hz-orch15.wav,180,orch,2,2.55584311485291,1702049501.81411
18,7,15,Theta,1018-sin-4Hz.avi,zero,sin-zero-4Hz-orch22.wav,0,orch,3,28.2415289878845,1702049510.65631
18,7,16,Theta,1053-sin-4Hz.avi,oneeighty,sin-oneeighty-4Hz-choir7.wav,180,choir,2,1.32551407814026,1702049543.74827
