respMat_ 1,respMat_ 2,respMat_ 3,respMat_ 4,respMat_ 5,respMat_ 6,respMat_ 7,respMat_ 8,respMat_ 9,respMat_10,respMat_11,respMat_12
21,4,1,Theta,1049-sin-4Hz.avi,zero,sin-zero-4Hz-dar10.wav,0,dar,4,4.02607703208923,1702295182.38038
21,4,2,Theta,1015-sin-4Hz.avi,oneeighty,sin-oneeighty-4Hz-acoustic34.wav,180,acoustic,3,0.414983987808228,1702295191.86351
21,4,3,Theta,1030-sin-4Hz.avi,zero,sin-zero-4Hz-orch3.wav,0,orch,2,1.0540030002594,1702295198.47245
21,4,4,Theta,1061-sin-4Hz.avi,zero,sin-zero-4Hz-dar11.wav,0,dar,4,0.433716058731079,1702295205.38074
21,4,5,Theta,1051-sin-4Hz.avi,oneeighty,sin-oneeighty-4Hz-acoustic14.wav,180,acoustic,2,1.4437210559845,1702295211.73074
21,4,6,Theta,1066-sin-4Hz.avi,zero,sin-zero-4Hz-choir15.wav,0,choir,4,0.328884124755859,1702295218.20561
21,4,7,Theta,1026-sin-4Hz.avi,oneeighty,sin-oneeighty-4Hz-choir2.wav,180,choir,3,3.08886885643005,1702295224.00557
21,4,8,Theta,1033-sin-4Hz.avi,zero,sin-zero-4Hz-orch5.wav,0,orch,2,1.71881318092346,1702295232.04764
21,4,9,Theta,1016-sin-4Hz.avi,oneeighty,sin-oneeighty-4Hz-orch22.wav,180,orch,2,7.0526909828186,1702295239.89774
21,4,10,Theta,1013-sin-4Hz.avi,zero,sin-zero-4Hz-choir7.wav,0,choir,3,9.60197591781616,1702295252.16442
21,4,11,Theta,1024-sin-4Hz.avi,zero,sin-zero-4Hz-acoustic32.wav,0,acoustic,2,0.611534833908081,1702295267.92287
21,4,12,Theta,1006-sin-4Hz.avi,oneeighty,sin-oneeighty-4Hz-choir18.wav,180,choir,3,3.43305993080139,1702295273.58132
21,4,13,Theta,1010-sin-4Hz.avi,oneeighty,sin-oneeighty-4Hz-dar13.wav,180,dar,4,1.97257494926453,1702295282.89784
21,4,14,Theta,1044-sin-4Hz.avi,zero,sin-zero-4Hz-acoustic1.wav,0,acoustic,3,0.32235312461853,1702295289.55599
21,4,15,Theta,1029-sin-4Hz.avi,oneeighty,sin-oneeighty-4Hz-dar12.wav,180,dar,4,1.24999403953552,1702295294.56433
21,4,16,Theta,1003-sin-4Hz.avi,oneeighty,sin-oneeighty-4Hz-orch24.wav,180,orch,4,1.87719702720642,1702295301.07313
