respMat_ 1,respMat_ 2,respMat_ 3,respMat_ 4,respMat_ 5,respMat_ 6,respMat_ 7,respMat_ 8,respMat_ 9,respMat_10,respMat_11,respMat_12
5,5,1,Theta,1003-sin-4Hz.avi,oneeighty,sin-oneeighty-4Hz-choir21.wav,180,choir,3,1.01764106750488,1701188192.88011
5,5,2,Theta,1026-sin-4Hz.avi,oneeighty,sin-oneeighty-4Hz-orch23.wav,180,orch,3,1.65958285331726,1701188198.63815
5,5,3,Theta,1023-sin-4Hz.avi,zero,sin-zero-4Hz-orch15.wav,0,orch,1,1.03103804588318,1701188204.73874
5,5,4,Theta,1027-sin-4Hz.avi,zero,sin-zero-4Hz-acoustic1.wav,0,acoustic,2,1.06921005249023,1701188211.9805
5,5,5,Theta,1017-sin-4Hz.avi,oneeighty,sin-oneeighty-4Hz-acoustic34.wav,180,acoustic,5,1.61346197128296,1701188217.58027
5,5,6,Theta,1052-sin-4Hz.avi,zero,sin-zero-4Hz-dar2.wav,0,dar,4,1.26436710357666,1701188223.7053
5,5,7,Theta,1010-sin-4Hz.avi,oneeighty,sin-oneeighty-4Hz-orch22.wav,180,orch,3,3.93033599853516,1701188231.05533
5,5,8,Theta,1053-sin-4Hz.avi,zero,sin-zero-4Hz-orch3.wav,0,orch,1,1.23797798156738,1701188240.35568
5,5,9,Theta,1066-sin-4Hz.avi,zero,sin-zero-4Hz-acoustic7.wav,0,acoustic,5,0.944223880767822,1701188247.49743
5,5,10,Theta,1004-sin-4Hz.avi,zero,sin-zero-4Hz-choir7.wav,0,choir,1,0.642367124557495,1701188253.63924
5,5,11,Theta,1006-sin-4Hz.avi,oneeighty,sin-oneeighty-4Hz-dar12.wav,180,dar,1,0.74704909324646,1701188258.62258
5,5,12,Theta,1029-sin-4Hz.avi,oneeighty,sin-oneeighty-4Hz-choir6.wav,180,choir,4,0.715963125228882,1701188264.20563
5,5,13,Theta,1051-sin-4Hz.avi,oneeighty,sin-oneeighty-4Hz-dar20.wav,180,dar,2,1.93297386169434,1701188270.78059
5,5,14,Theta,1044-sin-4Hz.avi,zero,sin-zero-4Hz-dar11.wav,0,dar,3,1.24713706970215,1701188278.5224
5,5,15,Theta,1015-sin-4Hz.avi,oneeighty,sin-oneeighty-4Hz-acoustic23.wav,180,acoustic,5,1.24653506278992,1701188285.73898
5,5,16,Theta,1049-sin-4Hz.avi,zero,sin-zero-4Hz-choir15.wav,0,choir,4,2.09683895111084,1701188292.47268
