respMat_ 1,respMat_ 2,respMat_ 3,respMat_ 4,respMat_ 5,respMat_ 6,respMat_ 7,respMat_ 8,respMat_ 9,respMat_10,respMat_11,respMat_12
1,2,1,Theta,1018-sin-4Hz.avi,oneeighty,sin-oneeighty-4Hz-orch4.wav,180,orch,4,0.849642038345337,1701164472.49111
1,2,2,Theta,1025-sin-4Hz.avi,zero,sin-zero-4Hz-acoustic32.wav,0,acoustic,3,2.70633387565613,1701164478.28263
1,2,3,Theta,1061-sin-4Hz.avi,zero,sin-zero-4Hz-dar22.wav,0,dar,2,2.19678401947021,1701164485.81614
1,2,4,Theta,1033-sin-4Hz.avi,zero,sin-zero-4Hz-acoustic11.wav,0,acoustic,4,0.800765991210938,1701164493.70797
1,2,5,Theta,1052-sin-4Hz.avi,zero,sin-zero-4Hz-orch3.wav,0,orch,5,3.17575001716614,1701164498.94911
1,2,6,Theta,1010-sin-4Hz.avi,oneeighty,sin-oneeighty-4Hz-choir18.wav,180,choir,4,2.31889700889587,1701164507.56584
1,2,7,Theta,1013-sin-4Hz.avi,zero,sin-zero-4Hz-choir7.wav,0,choir,1,2.25200581550598,1701164515.63279
1,2,8,Theta,1016-sin-4Hz.avi,oneeighty,sin-oneeighty-4Hz-dar12.wav,180,dar,2,1.99611806869507,1701164523.42462
1,2,9,Theta,1051-sin-4Hz.avi,oneeighty,sin-oneeighty-4Hz-dar17.wav,180,dar,1,2.63544106483459,1701164530.64137
1,2,10,Theta,1006-sin-4Hz.avi,oneeighty,sin-oneeighty-4Hz-choir21.wav,180,choir,2,2.95692110061646,1701164539.1998
1,2,11,Theta,1004-sin-4Hz.avi,zero,sin-zero-4Hz-orch20.wav,0,orch,4,2.18059992790222,1701164548.20011
1,2,12,Theta,1037-sin-4Hz.avi,oneeighty,sin-oneeighty-4Hz-orch22.wav,180,orch,4,1.36176896095276,1701164556.26689
1,2,13,Theta,1014-sin-4Hz.avi,oneeighty,sin-oneeighty-4Hz-acoustic34.wav,180,acoustic,2,1.95744705200195,1701164562.58326
1,2,14,Theta,1048-sin-4Hz.avi,oneeighty,sin-oneeighty-4Hz-acoustic14.wav,180,acoustic,1,3.23661518096924,1701164569.00026
1,2,15,Theta,1022-sin-4Hz.avi,zero,sin-zero-4Hz-choir23.wav,0,choir,1,1.58727192878723,1701164576.63344
1,2,16,Theta,1034-sin-4Hz.avi,zero,sin-zero-4Hz-dar2.wav,0,dar,3,2.84720802307129,1701164584.52552
