respMat_ 1,respMat_ 2,respMat_ 3,respMat_ 4,respMat_ 5,respMat_ 6,respMat_ 7,respMat_ 8,respMat_ 9,respMat_10,respMat_11,respMat_12
22,5,1,Theta,1012-sin-4Hz.avi,zero,sin-zero-4Hz-acoustic34.wav,0,acoustic,4,1.40488481521606,1702380524.73965
22,5,2,Theta,1026-sin-4Hz.avi,zero,sin-zero-4Hz-choir21.wav,0,choir,3,1.33161211013794,1702380530.57292
22,5,3,Theta,1025-sin-4Hz.avi,oneeighty,sin-oneeighty-4Hz-acoustic1.wav,180,acoustic,4,1.30687117576599,1702380537.98966
22,5,4,Theta,1003-sin-4Hz.avi,zero,sin-zero-4Hz-orch24.wav,0,orch,4,2.94381904602051,1702380544.46471
22,5,5,Theta,1052-sin-4Hz.avi,oneeighty,sin-oneeighty-4Hz-dar11.wav,180,dar,4,1.24218893051147,1702380552.19833
22,5,6,Theta,1004-sin-4Hz.avi,oneeighty,sin-oneeighty-4Hz-choir15.wav,180,choir,5,0.645663976669312,1702380557.91485
22,5,7,Theta,1002-sin-4Hz.avi,zero,sin-zero-4Hz-acoustic25.wav,0,acoustic,5,0.782733201980591,1702380564.48178
22,5,8,Theta,1051-sin-4Hz.avi,zero,sin-zero-4Hz-orch22.wav,0,orch,2,0.950147867202759,1702380570.69837
22,5,9,Theta,1034-sin-4Hz.avi,oneeighty,sin-oneeighty-4Hz-orch5.wav,180,orch,3,2.68948292732239,1702380576.41505
22,5,10,Theta,1053-sin-4Hz.avi,oneeighty,sin-oneeighty-4Hz-dar10.wav,180,dar,1,1.52323198318481,1702380583.56527
22,5,11,Theta,1022-sin-4Hz.avi,oneeighty,sin-oneeighty-4Hz-acoustic7.wav,180,acoustic,2,3.08257412910461,1702380591.38186
22,5,12,Theta,1018-sin-4Hz.avi,zero,sin-zero-4Hz-choir2.wav,0,choir,2,2.53258013725281,1702380599.53193
22,5,13,Theta,1030-sin-4Hz.avi,oneeighty,sin-oneeighty-4Hz-choir7.wav,180,choir,2,1.48012614250183,1702380606.44038
22,5,14,Theta,1043-sin-4Hz.avi,zero,sin-zero-4Hz-dar17.wav,0,dar,5,0.57912802696228,1702380612.3654
22,5,15,Theta,1029-sin-4Hz.avi,zero,sin-zero-4Hz-dar13.wav,0,dar,2,1.04530382156372,1702380618.5072
22,5,16,Theta,1033-sin-4Hz.avi,oneeighty,sin-oneeighty-4Hz-orch20.wav,180,orch,1,1.72033095359802,1702380624.63219
