respMat_ 1,respMat_ 2,respMat_ 3,respMat_ 4,respMat_ 5,respMat_ 6,respMat_ 7,respMat_ 8,respMat_ 9,respMat_10,respMat_11,respMat_12
23,1,1,Theta,1016-sin-4Hz.avi,oneeighty,sin-oneeighty-4Hz-dar12.wav,180,dar,2,7.41989278793335,1702386731.91994
23,1,2,Theta,1004-sin-4Hz.avi,zero,sin-zero-4Hz-acoustic11.wav,0,acoustic,5,0.479846000671387,1702386745.62798
23,1,3,Theta,1029-sin-4Hz.avi,oneeighty,sin-oneeighty-4Hz-acoustic23.wav,180,acoustic,3,4.64609909057617,1702386752.05375
23,1,4,Theta,1033-sin-4Hz.avi,zero,sin-zero-4Hz-dar11.wav,0,dar,4,1.48863697052002,1702386761.9952
23,1,5,Theta,1024-sin-4Hz.avi,zero,sin-zero-4Hz-orch3.wav,0,orch,4,1.76216292381287,1702386768.34565
23,1,6,Theta,1030-sin-4Hz.avi,zero,sin-zero-4Hz-orch5.wav,0,orch,2,5.94824314117432,1702386775.10346
23,1,7,Theta,1053-sin-4Hz.avi,zero,sin-zero-4Hz-acoustic1.wav,0,acoustic,5,0.454203844070435,1702386787.25351
23,1,8,Theta,1026-sin-4Hz.avi,oneeighty,sin-oneeighty-4Hz-choir6.wav,180,choir,5,0.646245002746582,1702386793.84544
23,1,9,Theta,1014-sin-4Hz.avi,oneeighty,sin-oneeighty-4Hz-dar20.wav,180,dar,3,1.52869892120361,1702386798.97905
23,1,10,Theta,1037-sin-4Hz.avi,oneeighty,sin-oneeighty-4Hz-orch22.wav,180,orch,4,0.862108945846558,1702386805.45362
23,1,11,Theta,1052-sin-4Hz.avi,zero,sin-zero-4Hz-choir15.wav,0,choir,1,0.58330512046814,1702386810.61252
23,1,12,Theta,1010-sin-4Hz.avi,oneeighty,sin-oneeighty-4Hz-choir2.wav,180,choir,2,1.67608213424683,1702386815.50363
23,1,13,Theta,1066-sin-4Hz.avi,zero,sin-zero-4Hz-dar2.wav,0,dar,4,3.99427103996277,1702386822.3375
23,1,14,Theta,1023-sin-4Hz.avi,zero,sin-zero-4Hz-choir7.wav,0,choir,1,0.398317098617554,1702386831.83744
23,1,15,Theta,1048-sin-4Hz.avi,oneeighty,sin-oneeighty-4Hz-orch4.wav,180,orch,1,0.36211895942688,1702386837.5376
23,1,16,Theta,1018-sin-4Hz.avi,oneeighty,sin-oneeighty-4Hz-acoustic34.wav,180,acoustic,5,0.349197864532471,1702386842.25454
