respMat_ 1,respMat_ 2,respMat_ 3,respMat_ 4,respMat_ 5,respMat_ 6,respMat_ 7,respMat_ 8,respMat_ 9,respMat_10,respMat_11,respMat_12
13,3,1,Theta,1014-sin-4Hz.avi,oneeighty,sin-oneeighty-4Hz-choir2.wav,180,choir,4,0.454107999801636,1701793009.95924
13,3,2,Theta,1017-sin-4Hz.avi,oneeighty,sin-oneeighty-4Hz-orch4.wav,180,orch,1,0.801204204559326,1701793015.69217
13,3,3,Theta,1044-sin-4Hz.avi,zero,sin-zero-4Hz-choir15.wav,0,choir,4,1.50645184516907,1701793020.84282
13,3,4,Theta,1022-sin-4Hz.avi,zero,sin-zero-4Hz-dar2.wav,0,dar,3,0.841475963592529,1701793027.47593
13,3,5,Theta,1034-sin-4Hz.avi,zero,sin-zero-4Hz-orch20.wav,0,orch,4,0.37979793548584,1701793034.20953
13,3,6,Theta,1016-sin-4Hz.avi,oneeighty,sin-oneeighty-4Hz-dar17.wav,180,dar,1,0.477592945098877,1701793040.55972
13,3,7,Theta,1048-sin-4Hz.avi,oneeighty,sin-oneeighty-4Hz-orch24.wav,180,orch,2,0.759204864501953,1701793045.92624
13,3,8,Theta,1004-sin-4Hz.avi,zero,sin-zero-4Hz-choir23.wav,0,choir,2,1.66101884841919,1701793051.77637
13,3,9,Theta,1043-sin-4Hz.avi,oneeighty,sin-oneeighty-4Hz-acoustic34.wav,180,acoustic,5,1.24792098999023,1701793057.90145
13,3,10,Theta,1003-sin-4Hz.avi,oneeighty,sin-oneeighty-4Hz-dar13.wav,180,dar,4,2.63347721099854,1701793063.85993
13,3,11,Theta,1006-sin-4Hz.avi,oneeighty,sin-oneeighty-4Hz-choir6.wav,180,choir,3,2.04172587394714,1701793071.45968
13,3,12,Theta,1030-sin-4Hz.avi,zero,sin-zero-4Hz-dar10.wav,0,dar,1,1.39748215675354,1701793079.5599
13,3,13,Theta,1052-sin-4Hz.avi,zero,sin-zero-4Hz-acoustic1.wav,0,acoustic,5,0.656796932220459,1701793086.47668
13,3,14,Theta,1033-sin-4Hz.avi,zero,sin-zero-4Hz-orch15.wav,0,orch,3,1.50545501708984,1701793092.2519
13,3,15,Theta,1066-sin-4Hz.avi,zero,sin-zero-4Hz-acoustic7.wav,0,acoustic,5,0.706166982650757,1701793098.23529
13,3,16,Theta,1002-sin-4Hz.avi,oneeighty,sin-oneeighty-4Hz-acoustic14.wav,180,acoustic,4,1.45937299728394,1701793103.40203
