respMat_ 1,respMat_ 2,respMat_ 3,respMat_ 4,respMat_ 5,respMat_ 6,respMat_ 7,respMat_ 8,respMat_ 9,respMat_10,respMat_11,respMat_12
17,7,1,Theta,1052-sin-4Hz.avi,zero,sin-zero-4Hz-orch20.wav,0,orch,3,0.25179386138916,1701881023.58449
17,7,2,Theta,1066-sin-4Hz.avi,zero,sin-zero-4Hz-orch15.wav,0,orch,4,0.487063884735107,1701881029.4932
17,7,3,Theta,1051-sin-4Hz.avi,oneeighty,sin-oneeighty-4Hz-orch24.wav,180,orch,3,0.274435043334961,1701881036.21784
17,7,4,Theta,1004-sin-4Hz.avi,zero,sin-zero-4Hz-acoustic1.wav,0,acoustic,5,1.16848707199097,1701881042.45979
17,7,5,Theta,1029-sin-4Hz.avi,oneeighty,sin-oneeighty-4Hz-orch4.wav,180,orch,2,0.000133991241455078,1701881049.81024
17,7,6,Theta,1015-sin-4Hz.avi,oneeighty,sin-oneeighty-4Hz-acoustic14.wav,180,acoustic,5,0.921979904174805,1701881055.61826
17,7,7,Theta,1030-sin-4Hz.avi,zero,sin-zero-4Hz-acoustic32.wav,0,acoustic,2,2.10507488250732,1701881062.64321
17,7,8,Theta,1034-sin-4Hz.avi,zero,sin-zero-4Hz-choir23.wav,0,choir,3,2.13568592071533,1701881069.07661
17,7,9,Theta,1061-sin-4Hz.avi,zero,sin-zero-4Hz-dar10.wav,0,dar,1,0.47313404083252,1701881077.23516
17,7,10,Theta,1006-sin-4Hz.avi,oneeighty,sin-oneeighty-4Hz-dar20.wav,180,dar,3,0.724611043930054,1701881082.3437
17,7,11,Theta,1023-sin-4Hz.avi,zero,sin-zero-4Hz-dar11.wav,0,dar,2,0.388108015060425,1701881088.9521
17,7,12,Theta,1033-sin-4Hz.avi,zero,sin-zero-4Hz-choir15.wav,0,choir,3,1.12797403335571,1701881095.46035
17,7,13,Theta,1016-sin-4Hz.avi,oneeighty,sin-oneeighty-4Hz-dar12.wav,180,dar,2,0.267971992492676,1701881102.75234
17,7,14,Theta,1010-sin-4Hz.avi,oneeighty,sin-oneeighty-4Hz-choir2.wav,180,choir,2,2.82945704460144,1701881107.51886
17,7,15,Theta,1012-sin-4Hz.avi,oneeighty,sin-oneeighty-4Hz-choir18.wav,180,choir,3,0.293625116348267,1701881115.30264
17,7,16,Theta,1048-sin-4Hz.avi,oneeighty,sin-oneeighty-4Hz-acoustic25.wav,180,acoustic,4,1.28483080863953,1701881121.31943
