respMat_ 1,respMat_ 2,respMat_ 3,respMat_ 4,respMat_ 5,respMat_ 6,respMat_ 7,respMat_ 8,respMat_ 9,respMat_10,respMat_11,respMat_12
10,4,1,Theta,1015-sin-4Hz.avi,zero,sin-zero-4Hz-acoustic14.wav,0,acoustic,5,0.302410125732422,1701707213.8914
10,4,2,Theta,1012-sin-4Hz.avi,zero,sin-zero-4Hz-choir2.wav,0,choir,4,0.305936813354492,1701707218.5918
10,4,3,Theta,1052-sin-4Hz.avi,oneeighty,sin-oneeighty-4Hz-dar10.wav,180,dar,2,0.345458030700684,1701707224.20029
10,4,4,Theta,1044-sin-4Hz.avi,oneeighty,sin-oneeighty-4Hz-choir15.wav,180,choir,3,0.94732403755188,1701707230.35049
10,4,5,Theta,1003-sin-4Hz.avi,zero,sin-zero-4Hz-orch23.wav,0,orch,2,0.320188999176025,1701707235.63356
10,4,6,Theta,1033-sin-4Hz.avi,oneeighty,sin-oneeighty-4Hz-orch3.wav,180,orch,3,2.03109097480774,1701707241.85878
10,4,7,Theta,1051-sin-4Hz.avi,zero,sin-zero-4Hz-choir6.wav,0,choir,4,0.334836006164551,1701707249.059
10,4,8,Theta,1018-sin-4Hz.avi,zero,sin-zero-4Hz-orch22.wav,0,orch,2,0.438905000686646,1701707254.66696
10,4,9,Theta,1061-sin-4Hz.avi,oneeighty,sin-oneeighty-4Hz-acoustic1.wav,180,acoustic,5,0.3214271068573,1701707261.20042
10,4,10,Theta,1043-sin-4Hz.avi,zero,sin-zero-4Hz-dar12.wav,0,dar,3,0.327851057052612,1701707267.03403
10,4,11,Theta,1026-sin-4Hz.avi,zero,sin-zero-4Hz-dar20.wav,0,dar,5,0.610483169555664,1701707273.5674
10,4,12,Theta,1023-sin-4Hz.avi,oneeighty,sin-oneeighty-4Hz-dar2.wav,180,dar,2,0.368134021759033,1701707279.21775
10,4,13,Theta,1049-sin-4Hz.avi,oneeighty,sin-oneeighty-4Hz-acoustic7.wav,180,acoustic,4,2.49367904663086,1701707285.28421
10,4,14,Theta,1013-sin-4Hz.avi,oneeighty,sin-oneeighty-4Hz-orch20.wav,180,orch,1,0.347336769104004,1701707293.73456
10,4,15,Theta,1022-sin-4Hz.avi,oneeighty,sin-oneeighty-4Hz-choir14.wav,180,choir,5,2.66592001914978,1701707300.376
10,4,16,Theta,1037-sin-4Hz.avi,zero,sin-zero-4Hz-acoustic23.wav,0,acoustic,5,0.296941995620728,1701707308.79297
