respMat_ 1,respMat_ 2,respMat_ 3,respMat_ 4,respMat_ 5,respMat_ 6,respMat_ 7,respMat_ 8,respMat_ 9,respMat_10,respMat_11,respMat_12
20,6,1,Theta,1053-sin-4Hz.avi,oneeighty,sin-oneeighty-4Hz-acoustic7.wav,180,acoustic,5,2.77648186683655,1702286883.13435
20,6,2,Theta,1025-sin-4Hz.avi,oneeighty,sin-oneeighty-4Hz-dar22.wav,180,dar,1,3.91809797286987,1702286891.99275
20,6,3,Theta,1026-sin-4Hz.avi,zero,sin-zero-4Hz-dar12.wav,0,dar,2,0.485161066055298,1702286901.21773
20,6,4,Theta,1023-sin-4Hz.avi,oneeighty,sin-oneeighty-4Hz-orch5.wav,180,orch,2,1.34867811203003,1702286906.22621
20,6,5,Theta,1003-sin-4Hz.avi,zero,sin-zero-4Hz-choir6.wav,0,choir,2,0.426834106445312,1702286912.07606
20,6,6,Theta,1010-sin-4Hz.avi,zero,sin-zero-4Hz-acoustic25.wav,0,acoustic,4,1.37643718719482,1702286917.12648
20,6,7,Theta,1015-sin-4Hz.avi,zero,sin-zero-4Hz-orch24.wav,0,orch,3,0.426720142364502,1702286922.87618
20,6,8,Theta,1004-sin-4Hz.avi,oneeighty,sin-oneeighty-4Hz-choir15.wav,180,choir,4,3.49722719192505,1702286929.5177
20,6,9,Theta,1002-sin-4Hz.avi,zero,sin-zero-4Hz-orch23.wav,0,orch,2,1.34714508056641,1702286939.05978
20,6,10,Theta,1044-sin-4Hz.avi,oneeighty,sin-oneeighty-4Hz-orch3.wav,180,orch,4,4.1772608757019,1702286945.3017
20,6,11,Theta,1027-sin-4Hz.avi,oneeighty,sin-oneeighty-4Hz-choir14.wav,180,choir,2,0.560874223709106,1702286955.11007
20,6,12,Theta,1014-sin-4Hz.avi,zero,sin-zero-4Hz-choir18.wav,0,choir,3,0.506734848022461,1702286960.4603
20,6,13,Theta,1024-sin-4Hz.avi,oneeighty,sin-oneeighty-4Hz-dar2.wav,180,dar,3,0.390695095062256,1702286966.56032
20,6,14,Theta,1043-sin-4Hz.avi,zero,sin-zero-4Hz-acoustic14.wav,0,acoustic,4,11.2999930381775,1702286973.02707
20,6,15,Theta,1017-sin-4Hz.avi,zero,sin-zero-4Hz-dar17.wav,0,dar,4,0.343386888504028,1702286990.1437
20,6,16,Theta,1022-sin-4Hz.avi,oneeighty,sin-oneeighty-4Hz-acoustic11.wav,180,acoustic,5,0.667114019393921,1702286996.63595
