respMat_ 1,respMat_ 2,respMat_ 3,respMat_ 4,respMat_ 5,respMat_ 6,respMat_ 7,respMat_ 8,respMat_ 9,respMat_10,respMat_11,respMat_12
4,7,1,Theta,1061-sin-4Hz.avi,oneeighty,sin-oneeighty-4Hz-orch20.wav,180,orch,5,1.00496602058411,1701271791.21194
4,7,2,Theta,1034-sin-4Hz.avi,oneeighty,sin-oneeighty-4Hz-dar10.wav,180,dar,4,8.24895191192627,1701271796.91208
4,7,3,Theta,1030-sin-4Hz.avi,oneeighty,sin-oneeighty-4Hz-orch3.wav,180,orch,4,2.53009104728699,1701271810.67896
4,7,4,Theta,1048-sin-4Hz.avi,zero,sin-zero-4Hz-orch23.wav,0,orch,1,0.767204999923706,1701271818.74587
4,7,5,Theta,1033-sin-4Hz.avi,oneeighty,sin-oneeighty-4Hz-dar11.wav,180,dar,5,1.10096788406372,1701271825.00411
4,7,6,Theta,1052-sin-4Hz.avi,oneeighty,sin-oneeighty-4Hz-choir15.wav,180,choir,4,5.09998393058777,1701271832.02915
4,7,7,Theta,1027-sin-4Hz.avi,oneeighty,sin-oneeighty-4Hz-choir14.wav,180,choir,1,1.35822296142578,1701271842.97094
4,7,8,Theta,1017-sin-4Hz.avi,zero,sin-zero-4Hz-acoustic34.wav,0,acoustic,4,4.07544302940369,1701271849.8377
4,7,9,Theta,1029-sin-4Hz.avi,zero,sin-zero-4Hz-choir18.wav,0,choir,2,5.47170615196228,1701271859.9295
4,7,10,Theta,1037-sin-4Hz.avi,zero,sin-zero-4Hz-dar12.wav,0,dar,2,2.20775699615479,1701271871.32143
4,7,11,Theta,1043-sin-4Hz.avi,zero,sin-zero-4Hz-orch24.wav,0,orch,4,7.02047109603882,1701271879.00477
4,7,12,Theta,1026-sin-4Hz.avi,zero,sin-zero-4Hz-choir2.wav,0,choir,4,2.46785092353821,1701271890.4214
4,7,13,Theta,1066-sin-4Hz.avi,oneeighty,sin-oneeighty-4Hz-acoustic1.wav,180,acoustic,3,1.64622712135315,1701271897.75502
4,7,14,Theta,1014-sin-4Hz.avi,zero,sin-zero-4Hz-acoustic14.wav,0,acoustic,5,4.68786191940308,1701271904.31342
4,7,15,Theta,1013-sin-4Hz.avi,oneeighty,sin-oneeighty-4Hz-acoustic11.wav,180,acoustic,5,2.29393005371094,1701271913.95537
4,7,16,Theta,1006-sin-4Hz.avi,zero,sin-zero-4Hz-dar17.wav,0,dar,4,1.60442805290222,1701271920.59691
