respMat_ 1,respMat_ 2,respMat_ 3,respMat_ 4,respMat_ 5,respMat_ 6,respMat_ 7,respMat_ 8,respMat_ 9,respMat_10,respMat_11,respMat_12
13,5,1,Theta,1043-sin-4Hz.avi,oneeighty,sin-oneeighty-4Hz-acoustic34.wav,180,acoustic,5,0.50586199760437,1701793219.61962
13,5,2,Theta,1022-sin-4Hz.avi,zero,sin-zero-4Hz-dar2.wav,0,dar,3,0.784846067428589,1701793225.43669
13,5,3,Theta,1052-sin-4Hz.avi,zero,sin-zero-4Hz-acoustic1.wav,0,acoustic,5,1.62603902816772,1701793232.00347
13,5,4,Theta,1004-sin-4Hz.avi,zero,sin-zero-4Hz-choir23.wav,0,choir,3,2.09749388694763,1701793239.42009
13,5,5,Theta,1002-sin-4Hz.avi,oneeighty,sin-oneeighty-4Hz-acoustic14.wav,180,acoustic,5,1.42160296440125,1701793246.91197
13,5,6,Theta,1006-sin-4Hz.avi,oneeighty,sin-oneeighty-4Hz-choir6.wav,180,choir,4,1.5119960308075,1701793253.65359
13,5,7,Theta,1044-sin-4Hz.avi,zero,sin-zero-4Hz-choir15.wav,0,choir,2,5.94114398956299,1701793259.9284
13,5,8,Theta,1048-sin-4Hz.avi,oneeighty,sin-oneeighty-4Hz-orch24.wav,180,orch,3,2.20498299598694,1701793271.72863
13,5,9,Theta,1066-sin-4Hz.avi,zero,sin-zero-4Hz-acoustic7.wav,0,acoustic,4,0.921693086624146,1701793279.81189
13,5,10,Theta,1017-sin-4Hz.avi,oneeighty,sin-oneeighty-4Hz-orch4.wav,180,orch,1,0.440901041030884,1701793286.02063
13,5,11,Theta,1003-sin-4Hz.avi,oneeighty,sin-oneeighty-4Hz-dar13.wav,180,dar,4,0.642508029937744,1701793292.37898
13,5,12,Theta,1034-sin-4Hz.avi,zero,sin-zero-4Hz-orch20.wav,0,orch,3,3.82142901420593,1701793299.10419
13,5,13,Theta,1016-sin-4Hz.avi,oneeighty,sin-oneeighty-4Hz-dar17.wav,180,dar,1,1.47451186180115,1701793308.57101
13,5,14,Theta,1014-sin-4Hz.avi,oneeighty,sin-oneeighty-4Hz-choir2.wav,180,choir,5,0.402411937713623,1701793316.17112
13,5,15,Theta,1030-sin-4Hz.avi,zero,sin-zero-4Hz-dar10.wav,0,dar,1,1.4060320854187,1701793320.87965
13,5,16,Theta,1033-sin-4Hz.avi,zero,sin-zero-4Hz-orch15.wav,0,orch,4,0.890545845031738,1701793327.7791
