respMat_ 1,respMat_ 2,respMat_ 3,respMat_ 4,respMat_ 5,respMat_ 6,respMat_ 7,respMat_ 8,respMat_ 9,respMat_10,respMat_11,respMat_12
7,7,1,Theta,1003-sin-4Hz.avi,oneeighty,sin-oneeighty-4Hz-choir21.wav,180,choir,3,3.39382410049438,1701436955.36031
7,7,2,Theta,1029-sin-4Hz.avi,oneeighty,sin-oneeighty-4Hz-dar12.wav,180,dar,2,0.3215491771698,1701436964.36866
7,7,3,Theta,1043-sin-4Hz.avi,oneeighty,sin-oneeighty-4Hz-acoustic14.wav,180,acoustic,2,3.02204585075378,1701436970.85216
7,7,4,Theta,1066-sin-4Hz.avi,zero,sin-zero-4Hz-dar22.wav,0,dar,3,5.48692297935486,1701436978.22727
7,7,5,Theta,1015-sin-4Hz.avi,oneeighty,sin-oneeighty-4Hz-acoustic25.wav,180,acoustic,5,0.58597993850708,1701436988.93615
7,7,6,Theta,1048-sin-4Hz.avi,oneeighty,sin-oneeighty-4Hz-orch24.wav,180,orch,1,0.338149070739746,1701436994.73601
7,7,7,Theta,1051-sin-4Hz.avi,oneeighty,sin-oneeighty-4Hz-dar13.wav,180,dar,4,0.57673192024231,1701437000.76938
7,7,8,Theta,1025-sin-4Hz.avi,zero,sin-zero-4Hz-choir14.wav,0,choir,1,0.327365159988403,1701437007.2108
7,7,9,Theta,1022-sin-4Hz.avi,zero,sin-zero-4Hz-acoustic7.wav,0,acoustic,3,0.411387920379639,1701437013.09481
7,7,10,Theta,1033-sin-4Hz.avi,zero,sin-zero-4Hz-choir23.wav,0,choir,5,0.388728141784668,1701437018.26943
7,7,11,Theta,1013-sin-4Hz.avi,zero,sin-zero-4Hz-acoustic1.wav,0,acoustic,4,0.922241926193237,1701437023.52791
7,7,12,Theta,1037-sin-4Hz.avi,oneeighty,sin-oneeighty-4Hz-orch23.wav,180,orch,4,0.269789934158325,1701437029.04447
7,7,13,Theta,1012-sin-4Hz.avi,oneeighty,sin-oneeighty-4Hz-choir18.wav,180,choir,3,1.97013115882874,1701437033.93619
7,7,14,Theta,1027-sin-4Hz.avi,zero,sin-zero-4Hz-orch20.wav,0,orch,3,0.456579923629761,1701437041.76971
7,7,15,Theta,1024-sin-4Hz.avi,zero,sin-zero-4Hz-dar10.wav,0,dar,2,0.295883178710938,1701437046.98635
7,7,16,Theta,1044-sin-4Hz.avi,zero,sin-zero-4Hz-orch15.wav,0,orch,4,0.357980012893677,1701437051.82036
