respMat_ 1,respMat_ 2,respMat_ 3,respMat_ 4,respMat_ 5,respMat_ 6,respMat_ 7,respMat_ 8,respMat_ 9,respMat_10,respMat_11,respMat_12
9,2,1,Theta,1026-sin-4Hz.avi,oneeighty,sin-oneeighty-4Hz-orch23.wav,180,orch,3,2.87377500534058,1701687393.46944
9,2,2,Theta,1034-sin-4Hz.avi,zero,sin-zero-4Hz-orch3.wav,0,orch,4,0.82821798324585,1701687401.59495
9,2,3,Theta,1053-sin-4Hz.avi,zero,sin-zero-4Hz-acoustic11.wav,0,acoustic,2,1.82977700233459,1701687407.76152
9,2,4,Theta,1002-sin-4Hz.avi,oneeighty,sin-oneeighty-4Hz-dar13.wav,180,dar,3,5.8609631061554,1701687414.17828
9,2,5,Theta,1004-sin-4Hz.avi,zero,sin-zero-4Hz-choir23.wav,0,choir,2,0.935227870941162,1701687425.92014
9,2,6,Theta,1066-sin-4Hz.avi,zero,sin-zero-4Hz-dar2.wav,0,dar,3,1.95279288291931,1701687432.48649
9,2,7,Theta,1043-sin-4Hz.avi,oneeighty,sin-oneeighty-4Hz-dar20.wav,180,dar,4,0.3907310962677,1701687439.1366
9,2,8,Theta,1051-sin-4Hz.avi,oneeighty,sin-oneeighty-4Hz-acoustic23.wav,180,acoustic,4,0.89955997467041,1701687444.00372
9,2,9,Theta,1017-sin-4Hz.avi,oneeighty,sin-oneeighty-4Hz-choir18.wav,180,choir,4,0.630037069320679,1701687450.54525
9,2,10,Theta,1027-sin-4Hz.avi,zero,sin-zero-4Hz-orch5.wav,0,orch,3,1.52320218086243,1701687456.02016
9,2,11,Theta,1024-sin-4Hz.avi,zero,sin-zero-4Hz-choir7.wav,0,choir,3,2.62069296836853,1701687463.77063
9,2,12,Theta,1013-sin-4Hz.avi,zero,sin-zero-4Hz-dar22.wav,0,dar,4,0.327951908111572,1701687470.89539
9,2,13,Theta,1003-sin-4Hz.avi,oneeighty,sin-oneeighty-4Hz-choir2.wav,180,choir,4,1.48215413093567,1701687476.02922
9,2,14,Theta,1010-sin-4Hz.avi,oneeighty,sin-oneeighty-4Hz-acoustic14.wav,180,acoustic,5,1.32039713859558,1701687482.68709
9,2,15,Theta,1061-sin-4Hz.avi,zero,sin-zero-4Hz-acoustic32.wav,0,acoustic,4,0.628820180892944,1701687489.97062
9,2,16,Theta,1048-sin-4Hz.avi,oneeighty,sin-oneeighty-4Hz-orch24.wav,180,orch,3,5.24385404586792,1701687495.38761
