respMat_ 1,respMat_ 2,respMat_ 3,respMat_ 4,respMat_ 5,respMat_ 6,respMat_ 7,respMat_ 8,respMat_ 9,respMat_10,respMat_11,respMat_12
14,3,1,Theta,1003-sin-4Hz.avi,zero,sin-zero-4Hz-choir2.wav,0,choir,3,3.36286306381226,1701796791.40597
14,3,2,Theta,1017-sin-4Hz.avi,zero,sin-zero-4Hz-choir6.wav,0,choir,2,1.58004188537598,1701796799.78079
14,3,3,Theta,1044-sin-4Hz.avi,oneeighty,sin-oneeighty-4Hz-choir15.wav,180,choir,4,0.365134954452515,1701796806.14772
14,3,4,Theta,1051-sin-4Hz.avi,zero,sin-zero-4Hz-orch4.wav,0,orch,4,0.413450002670288,1701796812.33937
14,3,5,Theta,1033-sin-4Hz.avi,oneeighty,sin-oneeighty-4Hz-choir23.wav,180,choir,4,2.18932509422302,1701796818.33954
14,3,6,Theta,1023-sin-4Hz.avi,oneeighty,sin-oneeighty-4Hz-orch3.wav,180,orch,2,2.74009799957275,1701796825.77278
14,3,7,Theta,1066-sin-4Hz.avi,oneeighty,sin-oneeighty-4Hz-dar10.wav,180,dar,1,0.549793004989624,1701796834.73113
14,3,8,Theta,1034-sin-4Hz.avi,oneeighty,sin-oneeighty-4Hz-dar11.wav,180,dar,4,0.449458122253418,1701796840.83144
14,3,9,Theta,1002-sin-4Hz.avi,zero,sin-zero-4Hz-acoustic34.wav,0,acoustic,3,2.58878588676453,1701796847.34812
14,3,10,Theta,1037-sin-4Hz.avi,zero,sin-zero-4Hz-dar12.wav,0,dar,2,0.596153974533081,1701796854.57275
14,3,11,Theta,1027-sin-4Hz.avi,oneeighty,sin-oneeighty-4Hz-acoustic1.wav,180,acoustic,3,1.46159982681274,1701796859.72328
14,3,12,Theta,1010-sin-4Hz.avi,zero,sin-zero-4Hz-orch22.wav,0,orch,4,0.481560945510864,1701796867.42336
14,3,13,Theta,1052-sin-4Hz.avi,oneeighty,sin-oneeighty-4Hz-orch5.wav,180,orch,2,0.607208013534546,1701796873.48971
14,3,14,Theta,1013-sin-4Hz.avi,oneeighty,sin-oneeighty-4Hz-acoustic32.wav,180,acoustic,3,1.38721895217896,1701796879.58972
14,3,15,Theta,1043-sin-4Hz.avi,zero,sin-zero-4Hz-acoustic23.wav,0,acoustic,5,0.642668008804321,1701796885.99848
14,3,16,Theta,1016-sin-4Hz.avi,zero,sin-zero-4Hz-dar17.wav,0,dar,4,0.44852089881897,1701796892.84842
