respMat_ 1,respMat_ 2,respMat_ 3,respMat_ 4,respMat_ 5,respMat_ 6,respMat_ 7,respMat_ 8,respMat_ 9,respMat_10,respMat_11,respMat_12
1,1,1,Theta,1066-sin-4Hz.avi,zero,sin-zero-4Hz-orch15.wav,0,orch,4,2.22971296310425,1701164330.63137
1,1,2,Theta,1044-sin-4Hz.avi,zero,sin-zero-4Hz-acoustic7.wav,0,acoustic,4,4.01118087768555,1701164337.48974
1,1,3,Theta,1029-sin-4Hz.avi,oneeighty,sin-oneeighty-4Hz-dar13.wav,180,dar,2,2.69122982025146,1701164345.8978
1,1,4,Theta,1024-sin-4Hz.avi,zero,sin-zero-4Hz-acoustic1.wav,0,acoustic,3,3.13355898857117,1701164354.83147
1,1,5,Theta,1043-sin-4Hz.avi,oneeighty,sin-oneeighty-4Hz-orch23.wav,180,orch,2,4.02522397041321,1701164363.33173
1,1,6,Theta,1017-sin-4Hz.avi,oneeighty,sin-oneeighty-4Hz-acoustic23.wav,180,acoustic,4,1.86739921569824,1701164371.87352
1,1,7,Theta,1003-sin-4Hz.avi,oneeighty,sin-oneeighty-4Hz-orch24.wav,180,orch,1,2.92377209663391,1701164379.66521
1,1,8,Theta,1030-sin-4Hz.avi,zero,sin-zero-4Hz-choir15.wav,0,choir,2,3.24617409706116,1701164388.39868
1,1,9,Theta,1027-sin-4Hz.avi,zero,sin-zero-4Hz-orch5.wav,0,orch,3,4.97281813621521,1701164397.04008
1,1,10,Theta,1012-sin-4Hz.avi,oneeighty,sin-oneeighty-4Hz-acoustic25.wav,180,acoustic,4,2.14436793327332,1701164407.34049
1,1,11,Theta,1023-sin-4Hz.avi,zero,sin-zero-4Hz-dar11.wav,0,dar,3,2.39939308166504,1701164414.57347
1,1,12,Theta,1002-sin-4Hz.avi,oneeighty,sin-oneeighty-4Hz-choir2.wav,180,choir,4,4.42533802986145,1701164423.12369
1,1,13,Theta,1015-sin-4Hz.avi,oneeighty,sin-oneeighty-4Hz-dar20.wav,180,dar,3,2.96017909049988,1701164433.74067
1,1,14,Theta,1026-sin-4Hz.avi,oneeighty,sin-oneeighty-4Hz-choir6.wav,180,choir,4,1.95891499519348,1701164441.5741
1,1,15,Theta,1049-sin-4Hz.avi,zero,sin-zero-4Hz-dar10.wav,0,dar,2,0.731623888015747,1701164448.46521
1,1,16,Theta,1053-sin-4Hz.avi,zero,sin-zero-4Hz-choir14.wav,0,choir,1,2.35084700584412,1701164454.97398
