respMat_ 1,respMat_ 2,respMat_ 3,respMat_ 4,respMat_ 5,respMat_ 6,respMat_ 7,respMat_ 8,respMat_ 9,respMat_10,respMat_11,respMat_12
3,8,1,Theta,1051-sin-4Hz.avi,oneeighty,sin-oneeighty-4Hz-choir18.wav,180,choir,2,3.05215787887573,1701172461.79762
3,8,2,Theta,1025-sin-4Hz.avi,zero,sin-zero-4Hz-dar2.wav,0,dar,4,2.09199285507202,1701172470.00587
3,8,3,Theta,1012-sin-4Hz.avi,oneeighty,sin-oneeighty-4Hz-acoustic14.wav,180,acoustic,5,1.87105894088745,1701172476.91479
3,8,4,Theta,1002-sin-4Hz.avi,oneeighty,sin-oneeighty-4Hz-acoustic25.wav,180,acoustic,5,1.04742503166199,1701172483.7064
3,8,5,Theta,1034-sin-4Hz.avi,zero,sin-zero-4Hz-choir15.wav,0,choir,4,3.52391290664673,1701172490.79796
3,8,6,Theta,1044-sin-4Hz.avi,zero,sin-zero-4Hz-dar22.wav,0,dar,4,1.72046995162964,1701172499.08141
3,8,7,Theta,1052-sin-4Hz.avi,zero,sin-zero-4Hz-acoustic11.wav,0,acoustic,4,1.87710118293762,1701172505.56479
3,8,8,Theta,1026-sin-4Hz.avi,oneeighty,sin-oneeighty-4Hz-dar13.wav,180,dar,4,2.98910713195801,1701172512.56479
3,8,9,Theta,1043-sin-4Hz.avi,oneeighty,sin-oneeighty-4Hz-dar20.wav,180,dar,4,3.08365297317505,1701172521.79824
3,8,10,Theta,1022-sin-4Hz.avi,zero,sin-zero-4Hz-orch5.wav,0,orch,4,3.52645421028137,1701172530.52345
3,8,11,Theta,1027-sin-4Hz.avi,zero,sin-zero-4Hz-acoustic7.wav,0,acoustic,2,2.39508104324341,1701172538.99877
3,8,12,Theta,1061-sin-4Hz.avi,zero,sin-zero-4Hz-orch20.wav,0,orch,1,1.95662093162537,1701172547.16527
3,8,13,Theta,1014-sin-4Hz.avi,oneeighty,sin-oneeighty-4Hz-orch24.wav,180,orch,5,2.19791197776794,1701172554.73199
3,8,14,Theta,1029-sin-4Hz.avi,oneeighty,sin-oneeighty-4Hz-orch4.wav,180,orch,4,2.7421510219574,1701172562.92377
3,8,15,Theta,1023-sin-4Hz.avi,zero,sin-zero-4Hz-choir14.wav,0,choir,1,1.00354099273682,1701172571.3824
3,8,16,Theta,1006-sin-4Hz.avi,oneeighty,sin-oneeighty-4Hz-choir2.wav,180,choir,1,0.967315196990967,1701172577.29057
