respMat_ 1,respMat_ 2,respMat_ 3,respMat_ 4,respMat_ 5,respMat_ 6,respMat_ 7,respMat_ 8,respMat_ 9,respMat_10,respMat_11,respMat_12
11,2,1,Theta,1002-sin-4Hz.avi,oneeighty,sin-oneeighty-4Hz-acoustic14.wav,180,acoustic,4,1.53206086158752,1701774817.57047
11,2,2,Theta,1023-sin-4Hz.avi,zero,sin-zero-4Hz-acoustic32.wav,0,acoustic,3,2.7613320350647,1701774825.23726
11,2,3,Theta,1029-sin-4Hz.avi,oneeighty,sin-oneeighty-4Hz-orch23.wav,180,orch,4,0.771439075469971,1701774833.17897
11,2,4,Theta,1061-sin-4Hz.avi,zero,sin-zero-4Hz-dar22.wav,0,dar,5,0.556946039199829,1701774839.13763
11,2,5,Theta,1048-sin-4Hz.avi,oneeighty,sin-oneeighty-4Hz-choir21.wav,180,choir,2,0.680750131607056,1701774845.8457
11,2,6,Theta,1016-sin-4Hz.avi,oneeighty,sin-oneeighty-4Hz-acoustic25.wav,180,acoustic,4,0.745938062667847,1701774852.61244
11,2,7,Theta,1012-sin-4Hz.avi,oneeighty,sin-oneeighty-4Hz-choir2.wav,180,choir,5,0.390875101089478,1701774858.08756
11,2,8,Theta,1044-sin-4Hz.avi,zero,sin-zero-4Hz-orch3.wav,0,orch,4,1.44579815864563,1701774864.71259
11,2,9,Theta,1043-sin-4Hz.avi,oneeighty,sin-oneeighty-4Hz-dar13.wav,180,dar,3,0.974378108978271,1701774870.49602
11,2,10,Theta,1013-sin-4Hz.avi,zero,sin-zero-4Hz-orch20.wav,0,orch,1,2.48511099815369,1701774877.52946
11,2,11,Theta,1027-sin-4Hz.avi,zero,sin-zero-4Hz-acoustic11.wav,0,acoustic,5,0.594473838806152,1701774886.18786
11,2,12,Theta,1052-sin-4Hz.avi,zero,sin-zero-4Hz-choir7.wav,0,choir,4,0.643217086791992,1701774891.77119
11,2,13,Theta,1034-sin-4Hz.avi,zero,sin-zero-4Hz-choir15.wav,0,choir,4,1.13509678840637,1701774897.87132
11,2,14,Theta,1017-sin-4Hz.avi,oneeighty,sin-oneeighty-4Hz-orch22.wav,180,orch,2,1.01548099517822,1701774905.06306
11,2,15,Theta,1066-sin-4Hz.avi,zero,sin-zero-4Hz-dar11.wav,0,dar,4,2.90560102462769,1701774912.00482
11,2,16,Theta,1026-sin-4Hz.avi,oneeighty,sin-oneeighty-4Hz-dar20.wav,180,dar,4,1.23816800117493,1701774920.8882
