respMat_ 1,respMat_ 2,respMat_ 3,respMat_ 4,respMat_ 5,respMat_ 6,respMat_ 7,respMat_ 8,respMat_ 9,respMat_10,respMat_11,respMat_12
2,4,1,Theta,1052-sin-4Hz.avi,oneeighty,sin-oneeighty-4Hz-choir23.wav,180,choir,2,0.988477945327759,1701168599.01666
2,4,2,Theta,1017-sin-4Hz.avi,zero,sin-zero-4Hz-acoustic34.wav,0,acoustic,2,0.337254047393799,1701168605.8919
2,4,3,Theta,1004-sin-4Hz.avi,oneeighty,sin-oneeighty-4Hz-choir15.wav,180,choir,5,1.20788908004761,1701168611.53332
2,4,4,Theta,1026-sin-4Hz.avi,zero,sin-zero-4Hz-choir21.wav,0,choir,1,1.10974311828613,1701168618.57535
2,4,5,Theta,1049-sin-4Hz.avi,oneeighty,sin-oneeighty-4Hz-acoustic32.wav,180,acoustic,2,1.99954700469971,1701168624.74161
2,4,6,Theta,1053-sin-4Hz.avi,oneeighty,sin-oneeighty-4Hz-dar10.wav,180,dar,2,1.63315987586975,1701168632.69201
2,4,7,Theta,1012-sin-4Hz.avi,zero,sin-zero-4Hz-acoustic25.wav,0,acoustic,5,1.54483604431152,1701168640.30055
2,4,8,Theta,1037-sin-4Hz.avi,zero,sin-zero-4Hz-dar12.wav,0,dar,2,2.41382384300232,1701168647.97537
2,4,9,Theta,1043-sin-4Hz.avi,zero,sin-zero-4Hz-orch24.wav,0,orch,2,0.886153936386108,1701168654.95914
2,4,10,Theta,1016-sin-4Hz.avi,zero,sin-zero-4Hz-orch4.wav,0,orch,2,1.64810800552368,1701168660.91715
2,4,11,Theta,1027-sin-4Hz.avi,oneeighty,sin-oneeighty-4Hz-acoustic11.wav,180,acoustic,2,1.52057003974915,1701168667.30069
2,4,12,Theta,1061-sin-4Hz.avi,oneeighty,sin-oneeighty-4Hz-dar11.wav,180,dar,3,0.760181188583374,1701168673.30907
2,4,13,Theta,1029-sin-4Hz.avi,zero,sin-zero-4Hz-dar13.wav,0,dar,2,0.996150970458984,1701168678.40109
2,4,14,Theta,1022-sin-4Hz.avi,oneeighty,sin-oneeighty-4Hz-orch5.wav,180,orch,4,1.7125391960144,1701168684.29276
2,4,15,Theta,1006-sin-4Hz.avi,zero,sin-zero-4Hz-choir18.wav,0,choir,2,2.10932087898254,1701168692.16792
2,4,16,Theta,1030-sin-4Hz.avi,oneeighty,sin-oneeighty-4Hz-orch3.wav,180,orch,1,1.19324016571045,1701168699.06792
