respMat_ 1,respMat_ 2,respMat_ 3,respMat_ 4,respMat_ 5,respMat_ 6,respMat_ 7,respMat_ 8,respMat_ 9,respMat_10,respMat_11,respMat_12
8,7,1,Theta,1037-sin-4Hz.avi,zero,sin-zero-4Hz-acoustic23.wav,0,acoustic,4,0.395604133605957,1702557025.90871
8,7,2,Theta,1023-sin-4Hz.avi,oneeighty,sin-oneeighty-4Hz-dar11.wav,180,dar,4,2.87788891792297,1702557031.25044
8,7,3,Theta,1018-sin-4Hz.avi,zero,sin-zero-4Hz-dar13.wav,0,dar,5,6.75982093811035,1702557039.00051
8,7,4,Theta,1061-sin-4Hz.avi,oneeighty,sin-oneeighty-4Hz-choir14.wav,180,choir,3,2.39513087272644,1702557051.90921
8,7,5,Theta,1015-sin-4Hz.avi,zero,sin-zero-4Hz-choir18.wav,0,choir,3,1.47283315658569,1702557059.16751
8,7,6,Theta,1025-sin-4Hz.avi,oneeighty,sin-oneeighty-4Hz-orch20.wav,180,orch,4,5.24685192108154,1702557065.6175
8,7,7,Theta,1030-sin-4Hz.avi,oneeighty,sin-oneeighty-4Hz-dar2.wav,180,dar,2,1.44839096069336,1702557076.37595
8,7,8,Theta,1034-sin-4Hz.avi,oneeighty,sin-oneeighty-4Hz-acoustic11.wav,180,acoustic,2,1.20817184448242,1702557083.57618
8,7,9,Theta,1026-sin-4Hz.avi,zero,sin-zero-4Hz-orch4.wav,0,orch,4,1.5443549156189,1702557089.57601
8,7,10,Theta,1066-sin-4Hz.avi,oneeighty,sin-oneeighty-4Hz-choir7.wav,180,choir,1,1.59847617149353,1702557095.61787
8,7,11,Theta,1024-sin-4Hz.avi,oneeighty,sin-oneeighty-4Hz-acoustic7.wav,180,acoustic,4,1.33384585380554,1702557102.63456
8,7,12,Theta,1051-sin-4Hz.avi,zero,sin-zero-4Hz-acoustic14.wav,0,acoustic,1,1.93066787719727,1702557109.1097
8,7,13,Theta,1003-sin-4Hz.avi,zero,sin-zero-4Hz-dar12.wav,0,dar,4,3.50834608078003,1702557115.86804
8,7,14,Theta,1022-sin-4Hz.avi,oneeighty,sin-oneeighty-4Hz-orch5.wav,180,orch,2,0.606905937194824,1702557124.00149
8,7,15,Theta,1029-sin-4Hz.avi,zero,sin-zero-4Hz-orch23.wav,0,orch,2,0.337511777877808,1702557129.93487
8,7,16,Theta,1014-sin-4Hz.avi,zero,sin-zero-4Hz-choir2.wav,0,choir,3,0.434906959533691,1702557134.70148
