respMat_ 1,respMat_ 2,respMat_ 3,respMat_ 4,respMat_ 5,respMat_ 6,respMat_ 7,respMat_ 8,respMat_ 9,respMat_10,respMat_11,respMat_12
22,8,1,Theta,1043-sin-4Hz.avi,zero,sin-zero-4Hz-dar17.wav,0,dar,5,0.373690128326416,1702380845.24277
22,8,2,Theta,1022-sin-4Hz.avi,oneeighty,sin-oneeighty-4Hz-acoustic7.wav,180,acoustic,4,0.620321035385132,1702380851.87616
22,8,3,Theta,1034-sin-4Hz.avi,oneeighty,sin-oneeighty-4Hz-orch5.wav,180,orch,5,1.00482797622681,1702380857.85957
22,8,4,Theta,1018-sin-4Hz.avi,zero,sin-zero-4Hz-choir2.wav,0,choir,5,1.36217594146729,1702380863.32629
22,8,5,Theta,1033-sin-4Hz.avi,oneeighty,sin-oneeighty-4Hz-orch20.wav,180,orch,4,0.593225002288818,1702380870.14319
22,8,6,Theta,1003-sin-4Hz.avi,zero,sin-zero-4Hz-orch24.wav,0,orch,4,1.15032315254211,1702380875.61815
22,8,7,Theta,1030-sin-4Hz.avi,oneeighty,sin-oneeighty-4Hz-choir7.wav,180,choir,4,1.91135597229004,1702380881.19313
22,8,8,Theta,1025-sin-4Hz.avi,oneeighty,sin-oneeighty-4Hz-acoustic1.wav,180,acoustic,4,0.903470993041992,1702380888.98503
22,8,9,Theta,1004-sin-4Hz.avi,oneeighty,sin-oneeighty-4Hz-choir15.wav,180,choir,5,1.27086615562439,1702380895.00161
22,8,10,Theta,1012-sin-4Hz.avi,zero,sin-zero-4Hz-acoustic34.wav,0,acoustic,4,1.75467610359192,1702380902.10181
22,8,11,Theta,1026-sin-4Hz.avi,zero,sin-zero-4Hz-choir21.wav,0,choir,4,0.287217855453491,1702380908.78524
22,8,12,Theta,1002-sin-4Hz.avi,zero,sin-zero-4Hz-acoustic25.wav,0,acoustic,4,1.23520803451538,1702380913.6933
22,8,13,Theta,1051-sin-4Hz.avi,zero,sin-zero-4Hz-orch22.wav,0,orch,4,0.338559865951538,1702380921.10188
22,8,14,Theta,1053-sin-4Hz.avi,oneeighty,sin-oneeighty-4Hz-dar10.wav,180,dar,3,1.64748096466064,1702380927.37693
22,8,15,Theta,1052-sin-4Hz.avi,oneeighty,sin-oneeighty-4Hz-dar11.wav,180,dar,4,0.324404954910278,1702380933.45209
22,8,16,Theta,1029-sin-4Hz.avi,zero,sin-zero-4Hz-dar13.wav,0,dar,4,0.203229188919067,1702380938.27719
