respMat_ 1,respMat_ 2,respMat_ 3,respMat_ 4,respMat_ 5,respMat_ 6,respMat_ 7,respMat_ 8,respMat_ 9,respMat_10,respMat_11,respMat_12
15,4,1,Theta,1025-sin-4Hz.avi,zero,sin-zero-4Hz-choir15.wav,0,choir,3,1.82808780670166,1701872048.4334
15,4,2,Theta,1037-sin-4Hz.avi,oneeighty,sin-oneeighty-4Hz-dar12.wav,180,dar,2,1.61437392234802,1701872056.37513
15,4,3,Theta,1004-sin-4Hz.avi,zero,sin-zero-4Hz-acoustic7.wav,0,acoustic,5,0.371012926101685,1701872063.85849
15,4,4,Theta,1022-sin-4Hz.avi,zero,sin-zero-4Hz-dar2.wav,0,dar,1,1.06580114364624,1701872069.69189
15,4,5,Theta,1034-sin-4Hz.avi,zero,sin-zero-4Hz-dar11.wav,0,dar,5,1.07106399536133,1701872076.95037
15,4,6,Theta,1006-sin-4Hz.avi,oneeighty,sin-oneeighty-4Hz-dar13.wav,180,dar,3,2.39648413658142,1701872084.02498
15,4,7,Theta,1052-sin-4Hz.avi,zero,sin-zero-4Hz-orch15.wav,0,orch,5,0.952181100845337,1701872092.1252
15,4,8,Theta,1017-sin-4Hz.avi,oneeighty,sin-oneeighty-4Hz-acoustic23.wav,180,acoustic,5,0.934544086456299,1701872099.16683
15,4,9,Theta,1002-sin-4Hz.avi,oneeighty,sin-oneeighty-4Hz-acoustic34.wav,180,acoustic,4,0.643167972564697,1701872106.05025
15,4,10,Theta,1043-sin-4Hz.avi,oneeighty,sin-oneeighty-4Hz-choir2.wav,180,choir,2,1.69008207321167,1701872111.27528
15,4,11,Theta,1044-sin-4Hz.avi,zero,sin-zero-4Hz-choir14.wav,0,choir,4,1.44245886802673,1701872118.867
15,4,12,Theta,1053-sin-4Hz.avi,zero,sin-zero-4Hz-orch20.wav,0,orch,1,1.42525601387024,1701872125.28411
15,4,13,Theta,1051-sin-4Hz.avi,oneeighty,sin-oneeighty-4Hz-orch23.wav,180,orch,4,0.665440797805786,1701872131.08391
15,4,14,Theta,1014-sin-4Hz.avi,oneeighty,sin-oneeighty-4Hz-orch24.wav,180,orch,5,4.32795310020447,1701872137.32542
15,4,15,Theta,1026-sin-4Hz.avi,oneeighty,sin-oneeighty-4Hz-choir6.wav,180,choir,3,2.30589008331299,1701872146.06746
15,4,16,Theta,1024-sin-4Hz.avi,zero,sin-zero-4Hz-acoustic1.wav,0,acoustic,4,0.704935073852539,1701872153.30046
