respMat_ 1,respMat_ 2,respMat_ 3,respMat_ 4,respMat_ 5,respMat_ 6,respMat_ 7,respMat_ 8,respMat_ 9,respMat_10,respMat_11,respMat_12
6,2,1,Theta,1026-sin-4Hz.avi,zero,sin-zero-4Hz-orch24.wav,0,orch,3,1.75265097618103,1701349501.38562
6,2,2,Theta,1010-sin-4Hz.avi,zero,sin-zero-4Hz-choir6.wav,0,choir,2,7.30771207809448,1701349507.70264
6,2,3,Theta,1049-sin-4Hz.avi,oneeighty,sin-oneeighty-4Hz-dar10.wav,180,dar,1,2.89024186134338,1701349520.34422
6,2,4,Theta,1025-sin-4Hz.avi,oneeighty,sin-oneeighty-4Hz-orch20.wav,180,orch,4,2.87990689277649,1701349528.59462
6,2,5,Theta,1033-sin-4Hz.avi,oneeighty,sin-oneeighty-4Hz-dar2.wav,180,dar,5,2.06672406196594,1701349537.11971
6,2,6,Theta,1029-sin-4Hz.avi,zero,sin-zero-4Hz-acoustic14.wav,0,acoustic,3,6.44598197937012,1701349544.03642
6,2,7,Theta,1066-sin-4Hz.avi,oneeighty,sin-oneeighty-4Hz-choir15.wav,180,choir,3,6.33623504638672,1701349554.78636
6,2,8,Theta,1052-sin-4Hz.avi,oneeighty,sin-oneeighty-4Hz-acoustic1.wav,180,acoustic,4,2.32965612411499,1701349565.54482
6,2,9,Theta,1006-sin-4Hz.avi,zero,sin-zero-4Hz-orch22.wav,0,orch,5,3.84024620056152,1701349572.37028
6,2,10,Theta,1051-sin-4Hz.avi,zero,sin-zero-4Hz-acoustic34.wav,0,acoustic,1,4.78878498077393,1701349582.06169
6,2,11,Theta,1015-sin-4Hz.avi,zero,sin-zero-4Hz-choir21.wav,0,choir,5,5.48921799659729,1701349591.55345
6,2,12,Theta,1024-sin-4Hz.avi,oneeighty,sin-oneeighty-4Hz-orch3.wav,180,orch,5,2.43639016151428,1701349601.87
6,2,13,Theta,1017-sin-4Hz.avi,zero,sin-zero-4Hz-dar20.wav,0,dar,2,6.95712995529175,1701349609.04554
6,2,14,Theta,1027-sin-4Hz.avi,oneeighty,sin-oneeighty-4Hz-acoustic32.wav,180,acoustic,1,4.6587610244751,1701349621.69586
6,2,15,Theta,1061-sin-4Hz.avi,oneeighty,sin-oneeighty-4Hz-choir7.wav,180,choir,4,2.89904999732971,1701349632.49563
6,2,16,Theta,1012-sin-4Hz.avi,zero,sin-zero-4Hz-dar13.wav,0,dar,5,10.8935949802399,1701349641.62107
