respMat_ 1,respMat_ 2,respMat_ 3,respMat_ 4,respMat_ 5,respMat_ 6,respMat_ 7,respMat_ 8,respMat_ 9,respMat_10,respMat_11,respMat_12
10,3,1,Theta,1002-sin-4Hz.avi,zero,sin-zero-4Hz-orch4.wav,0,orch,1,2.2679009437561,1701707082.58196
10,3,2,Theta,1006-sin-4Hz.avi,zero,sin-zero-4Hz-choir18.wav,0,choir,2,1.05653285980225,1701707090.27336
10,3,3,Theta,1048-sin-4Hz.avi,zero,sin-zero-4Hz-dar13.wav,0,dar,4,0.728056907653809,1701707097.27362
10,3,4,Theta,1025-sin-4Hz.avi,oneeighty,sin-oneeighty-4Hz-acoustic11.wav,180,acoustic,2,1.70401883125305,1701707102.47372
10,3,5,Theta,1027-sin-4Hz.avi,oneeighty,sin-oneeighty-4Hz-dar11.wav,180,dar,1,0.476760149002075,1701707109.55692
10,3,6,Theta,1024-sin-4Hz.avi,oneeighty,sin-oneeighty-4Hz-dar22.wav,180,dar,4,1.96643805503845,1701707115.90724
10,3,7,Theta,1010-sin-4Hz.avi,zero,sin-zero-4Hz-choir21.wav,0,choir,3,1.83315801620483,1701707122.23258
10,3,8,Theta,1053-sin-4Hz.avi,oneeighty,sin-oneeighty-4Hz-orch5.wav,180,orch,3,0.850451946258545,1701707129.00725
10,3,9,Theta,1034-sin-4Hz.avi,oneeighty,sin-oneeighty-4Hz-acoustic32.wav,180,acoustic,5,0.825773954391479,1701707134.82396
10,3,10,Theta,1066-sin-4Hz.avi,oneeighty,sin-oneeighty-4Hz-choir23.wav,180,choir,3,2.3865430355072,1701707141.59919
10,3,11,Theta,1029-sin-4Hz.avi,zero,sin-zero-4Hz-orch24.wav,0,orch,4,2.63137006759644,1701707150.28237
10,3,12,Theta,1014-sin-4Hz.avi,zero,sin-zero-4Hz-acoustic34.wav,0,acoustic,5,0.350311040878296,1701707158.30745
10,3,13,Theta,1004-sin-4Hz.avi,oneeighty,sin-oneeighty-4Hz-orch15.wav,180,orch,4,1.8106951713562,1701707164.78307
10,3,14,Theta,1016-sin-4Hz.avi,zero,sin-zero-4Hz-dar17.wav,0,dar,4,2.07122206687927,1701707171.67453
10,3,15,Theta,1030-sin-4Hz.avi,oneeighty,sin-oneeighty-4Hz-choir7.wav,180,choir,2,0.365229845046997,1701707179.92455
10,3,16,Theta,1017-sin-4Hz.avi,zero,sin-zero-4Hz-acoustic25.wav,0,acoustic,5,0.361797094345093,1701707186.008
