respMat_ 1,respMat_ 2,respMat_ 3,respMat_ 4,respMat_ 5,respMat_ 6,respMat_ 7,respMat_ 8,respMat_ 9,respMat_10,respMat_11,respMat_12
13,1,1,Theta,1025-sin-4Hz.avi,zero,sin-zero-4Hz-choir14.wav,0,choir,3,1.29481601715088,1701792789.00649
13,1,2,Theta,1029-sin-4Hz.avi,oneeighty,sin-oneeighty-4Hz-choir18.wav,180,choir,3,1.90107798576355,1701792794.83211
13,1,3,Theta,1053-sin-4Hz.avi,zero,sin-zero-4Hz-dar22.wav,0,dar,5,1.26687693595886,1701792802.49039
13,1,4,Theta,1026-sin-4Hz.avi,oneeighty,sin-oneeighty-4Hz-orch22.wav,180,orch,4,1.47716379165649,1701792809.43213
13,1,5,Theta,1023-sin-4Hz.avi,zero,sin-zero-4Hz-orch5.wav,0,orch,3,1.79024505615234,1701792816.79903
13,1,6,Theta,1012-sin-4Hz.avi,oneeighty,sin-oneeighty-4Hz-acoustic25.wav,180,acoustic,5,1.50311684608459,1701792823.18207
13,1,7,Theta,1018-sin-4Hz.avi,oneeighty,sin-oneeighty-4Hz-choir21.wav,180,choir,4,1.34516286849976,1701792829.93206
13,1,8,Theta,1037-sin-4Hz.avi,oneeighty,sin-oneeighty-4Hz-dar12.wav,180,dar,1,2.77548408508301,1701792836.37375
13,1,9,Theta,1013-sin-4Hz.avi,zero,sin-zero-4Hz-acoustic11.wav,0,acoustic,3,2.56814002990723,1701792844.35706
13,1,10,Theta,1027-sin-4Hz.avi,zero,sin-zero-4Hz-choir7.wav,0,choir,2,2.22865581512451,1701792851.64071
13,1,11,Theta,1015-sin-4Hz.avi,oneeighty,sin-oneeighty-4Hz-orch23.wav,180,orch,1,2.41092014312744,1701792859.07424
13,1,12,Theta,1024-sin-4Hz.avi,zero,sin-zero-4Hz-acoustic32.wav,0,acoustic,5,1.28792691230774,1701792867.55731
13,1,13,Theta,1061-sin-4Hz.avi,zero,sin-zero-4Hz-dar11.wav,0,dar,5,0.801477909088135,1701792874.10778
13,1,14,Theta,1010-sin-4Hz.avi,oneeighty,sin-oneeighty-4Hz-dar20.wav,180,dar,5,0.719897985458374,1701792880.34948
13,1,15,Theta,1051-sin-4Hz.avi,oneeighty,sin-oneeighty-4Hz-acoustic23.wav,180,acoustic,1,0.759175062179565,1701792885.3661
13,1,16,Theta,1049-sin-4Hz.avi,zero,sin-zero-4Hz-orch3.wav,0,orch,5,0.927119016647339,1701792891.96632
