respMat_ 1,respMat_ 2,respMat_ 3,respMat_ 4,respMat_ 5,respMat_ 6,respMat_ 7,respMat_ 8,respMat_ 9,respMat_10,respMat_11,respMat_12
6,5,1,Theta,1049-sin-4Hz.avi,oneeighty,sin-oneeighty-4Hz-dar10.wav,180,dar,2,5.31079292297363,1701350113.47683
6,5,2,Theta,1010-sin-4Hz.avi,zero,sin-zero-4Hz-choir6.wav,0,choir,1,5.14214205741882,1701350123.29349
6,5,3,Theta,1051-sin-4Hz.avi,zero,sin-zero-4Hz-acoustic34.wav,0,acoustic,2,8.14034485816956,1701350133.33525
6,5,4,Theta,1012-sin-4Hz.avi,zero,sin-zero-4Hz-dar13.wav,0,dar,4,3.94060897827148,1701350146.31902
6,5,5,Theta,1061-sin-4Hz.avi,oneeighty,sin-oneeighty-4Hz-choir7.wav,180,choir,5,2.62724804878235,1701350156.35246
6,5,6,Theta,1066-sin-4Hz.avi,oneeighty,sin-oneeighty-4Hz-choir15.wav,180,choir,3,8.62400507926941,1701350165.0277
6,5,7,Theta,1017-sin-4Hz.avi,zero,sin-zero-4Hz-dar20.wav,0,dar,1,2.56308913230896,1701350178.75266
6,5,8,Theta,1029-sin-4Hz.avi,zero,sin-zero-4Hz-acoustic14.wav,0,acoustic,2,5.07021403312683,1701350186.86955
6,5,9,Theta,1026-sin-4Hz.avi,zero,sin-zero-4Hz-orch24.wav,0,orch,1,3.05262184143066,1701350197.91114
6,5,10,Theta,1015-sin-4Hz.avi,zero,sin-zero-4Hz-choir21.wav,0,choir,1,3.22506809234619,1701350206.79469
6,5,11,Theta,1052-sin-4Hz.avi,oneeighty,sin-oneeighty-4Hz-acoustic1.wav,180,acoustic,4,3.47129392623901,1701350216.03648
6,5,12,Theta,1006-sin-4Hz.avi,zero,sin-zero-4Hz-orch22.wav,0,orch,2,2.65275001525879,1701350224.50304
6,5,13,Theta,1033-sin-4Hz.avi,oneeighty,sin-oneeighty-4Hz-dar2.wav,180,dar,5,1.45042109489441,1701350231.96139
6,5,14,Theta,1027-sin-4Hz.avi,oneeighty,sin-oneeighty-4Hz-acoustic32.wav,180,acoustic,3,6.87402391433716,1701350238.96982
6,5,15,Theta,1024-sin-4Hz.avi,oneeighty,sin-oneeighty-4Hz-orch3.wav,180,orch,5,1.77083992958069,1701350251.545
6,5,16,Theta,1025-sin-4Hz.avi,oneeighty,sin-oneeighty-4Hz-orch20.wav,180,orch,3,10.1113910675049,1701350259.02846
