respMat_ 1,respMat_ 2,respMat_ 3,respMat_ 4,respMat_ 5,respMat_ 6,respMat_ 7,respMat_ 8,respMat_ 9,respMat_10,respMat_11,respMat_12
21,1,1,Theta,1022-sin-4Hz.avi,zero,sin-zero-4Hz-acoustic11.wav,0,acoustic,3,2.57991409301758,1702294796.03452
21,1,2,Theta,1037-sin-4Hz.avi,oneeighty,sin-oneeighty-4Hz-dar17.wav,180,dar,2,2.72763681411743,1702294804.33481
21,1,3,Theta,1052-sin-4Hz.avi,zero,sin-zero-4Hz-dar22.wav,0,dar,4,1.14692807197571,1702294811.85145
21,1,4,Theta,1017-sin-4Hz.avi,oneeighty,sin-oneeighty-4Hz-dar20.wav,180,dar,3,2.71736192703247,1702294817.99297
21,1,5,Theta,1034-sin-4Hz.avi,zero,sin-zero-4Hz-acoustic7.wav,0,acoustic,4,2.89815878868103,1702294825.06026
21,1,6,Theta,1048-sin-4Hz.avi,oneeighty,sin-oneeighty-4Hz-orch4.wav,180,orch,1,0.600053071975708,1702294832.31839
21,1,7,Theta,1023-sin-4Hz.avi,zero,sin-zero-4Hz-orch15.wav,0,orch,3,1.94882392883301,1702294837.59352
21,1,8,Theta,1025-sin-4Hz.avi,zero,sin-zero-4Hz-dar2.wav,0,dar,4,1.60784387588501,1702294845.51848
21,1,9,Theta,1012-sin-4Hz.avi,oneeighty,sin-oneeighty-4Hz-choir6.wav,180,choir,5,2.60538411140442,1702294851.78506
21,1,10,Theta,1018-sin-4Hz.avi,oneeighty,sin-oneeighty-4Hz-choir21.wav,180,choir,1,0.448338985443115,1702294859.30186
21,1,11,Theta,1053-sin-4Hz.avi,zero,sin-zero-4Hz-choir23.wav,0,choir,2,0.569284915924072,1702294865.08505
21,1,12,Theta,1004-sin-4Hz.avi,zero,sin-zero-4Hz-choir14.wav,0,choir,4,2.42076396942139,1702294870.19354
21,1,13,Theta,1043-sin-4Hz.avi,oneeighty,sin-oneeighty-4Hz-orch23.wav,180,orch,3,3.3001868724823,1702294877.20216
21,1,14,Theta,1002-sin-4Hz.avi,oneeighty,sin-oneeighty-4Hz-acoustic25.wav,180,acoustic,5,0.892819881439209,1702294886.18552
21,1,15,Theta,1027-sin-4Hz.avi,zero,sin-zero-4Hz-orch20.wav,0,orch,3,4.4871928691864,1702294892.9273
21,1,16,Theta,1014-sin-4Hz.avi,oneeighty,sin-oneeighty-4Hz-acoustic23.wav,180,acoustic,3,1.33378100395203,1702294902.56075
