respMat_ 1,respMat_ 2,respMat_ 3,respMat_ 4,respMat_ 5,respMat_ 6,respMat_ 7,respMat_ 8,respMat_ 9,respMat_10,respMat_11,respMat_12
20,5,1,Theta,1048-sin-4Hz.avi,zero,sin-zero-4Hz-dar20.wav,0,dar,2,1.28297185897827,1702286775.29966
20,5,2,Theta,1018-sin-4Hz.avi,zero,sin-zero-4Hz-acoustic23.wav,0,acoustic,5,0.4826340675354,1702286781.10802
20,5,3,Theta,1052-sin-4Hz.avi,oneeighty,sin-oneeighty-4Hz-orch20.wav,180,orch,5,0.744082927703857,1702286786.97457
20,5,4,Theta,1034-sin-4Hz.avi,oneeighty,sin-oneeighty-4Hz-dar10.wav,180,dar,1,0.68874716758728,1702286793.9579
20,5,5,Theta,1049-sin-4Hz.avi,oneeighty,sin-oneeighty-4Hz-choir23.wav,180,choir,1,1.98494410514832,1702286799.74973
20,5,6,Theta,1061-sin-4Hz.avi,oneeighty,sin-oneeighty-4Hz-choir7.wav,180,choir,1,0.479033946990967,1702286807.79965
20,5,7,Theta,1016-sin-4Hz.avi,zero,sin-zero-4Hz-orch22.wav,0,orch,1,0.584707975387573,1702286814.1579
20,5,8,Theta,1051-sin-4Hz.avi,zero,sin-zero-4Hz-orch4.wav,0,orch,5,1.6029269695282,1702286819.09182
20,5,9,Theta,1006-sin-4Hz.avi,zero,sin-zero-4Hz-choir2.wav,0,choir,1,3.46364593505859,1702286826.17511
20,5,10,Theta,1029-sin-4Hz.avi,zero,sin-zero-4Hz-choir21.wav,0,choir,4,1.60801005363464,1702286834.55875
20,5,11,Theta,1033-sin-4Hz.avi,oneeighty,sin-oneeighty-4Hz-dar11.wav,180,dar,5,0.814920902252197,1702286840.99989
20,5,12,Theta,1030-sin-4Hz.avi,oneeighty,sin-oneeighty-4Hz-orch15.wav,180,orch,3,1.88612198829651,1702286847.20863
20,5,13,Theta,1066-sin-4Hz.avi,oneeighty,sin-oneeighty-4Hz-acoustic32.wav,180,acoustic,1,0.894230842590332,1702286853.80056
20,5,14,Theta,1012-sin-4Hz.avi,zero,sin-zero-4Hz-acoustic34.wav,0,acoustic,4,0.570765018463135,1702286860.28402
20,5,15,Theta,1013-sin-4Hz.avi,oneeighty,sin-oneeighty-4Hz-acoustic1.wav,180,acoustic,5,0.465605974197388,1702286866.30921
20,5,16,Theta,1037-sin-4Hz.avi,zero,sin-zero-4Hz-dar13.wav,0,dar,3,3.97893881797791,1702286871.67588
