respMat_ 1,respMat_ 2,respMat_ 3,respMat_ 4,respMat_ 5,respMat_ 6,respMat_ 7,respMat_ 8,respMat_ 9,respMat_10,respMat_11,respMat_12
19,7,1,Theta,1006-sin-4Hz.avi,oneeighty,sin-oneeighty-4Hz-acoustic34.wav,180,acoustic,2,1.35286593437195,1702052924.84695
19,7,2,Theta,1053-sin-4Hz.avi,zero,sin-zero-4Hz-orch5.wav,0,orch,1,0.915944814682007,1702052931.15557
19,7,3,Theta,1024-sin-4Hz.avi,zero,sin-zero-4Hz-dar2.wav,0,dar,4,1.00823092460632,1702052937.44743
19,7,4,Theta,1017-sin-4Hz.avi,oneeighty,sin-oneeighty-4Hz-dar12.wav,180,dar,1,1.39911198616028,1702052942.88056
19,7,5,Theta,1027-sin-4Hz.avi,zero,sin-zero-4Hz-acoustic11.wav,0,acoustic,2,0.937947034835815,1702052949.00568
19,7,6,Theta,1030-sin-4Hz.avi,zero,sin-zero-4Hz-orch3.wav,0,orch,1,2.16440415382385,1702052954.54731
19,7,7,Theta,1013-sin-4Hz.avi,zero,sin-zero-4Hz-choir14.wav,0,choir,1,1.80002498626709,1702052962.65575
19,7,8,Theta,1012-sin-4Hz.avi,oneeighty,sin-oneeighty-4Hz-choir18.wav,180,choir,4,1.14992189407349,1702052970.10584
19,7,9,Theta,1043-sin-4Hz.avi,oneeighty,sin-oneeighty-4Hz-orch22.wav,180,orch,2,0.924340009689331,1702052977.5474
19,7,10,Theta,1016-sin-4Hz.avi,oneeighty,sin-oneeighty-4Hz-acoustic23.wav,180,acoustic,1,0.864450931549072,1702052983.83123
19,7,11,Theta,1003-sin-4Hz.avi,oneeighty,sin-oneeighty-4Hz-orch24.wav,180,orch,3,3.8066349029541,1702052989.68916
19,7,12,Theta,1066-sin-4Hz.avi,zero,sin-zero-4Hz-dar11.wav,0,dar,2,0.74446702003479,1702052997.83932
19,7,13,Theta,1018-sin-4Hz.avi,oneeighty,sin-oneeighty-4Hz-dar13.wav,180,dar,4,2.43560910224915,1702053003.34816
19,7,14,Theta,1014-sin-4Hz.avi,oneeighty,sin-oneeighty-4Hz-choir2.wav,180,choir,2,0.509202003479004,1702053011.70662
19,7,15,Theta,1061-sin-4Hz.avi,zero,sin-zero-4Hz-choir23.wav,0,choir,1,3.49987316131592,1702053016.74794
19,7,16,Theta,1004-sin-4Hz.avi,zero,sin-zero-4Hz-acoustic1.wav,0,acoustic,5,4.82529401779175,1702053024.81455
