respMat_ 1,respMat_ 2,respMat_ 3,respMat_ 4,respMat_ 5,respMat_ 6,respMat_ 7,respMat_ 8,respMat_ 9,respMat_10,respMat_11,respMat_12
19,1,1,Theta,1003-sin-4Hz.avi,oneeighty,sin-oneeighty-4Hz-orch24.wav,180,orch,5,2.18309998512268,1702052160.27061
19,1,2,Theta,1004-sin-4Hz.avi,zero,sin-zero-4Hz-acoustic1.wav,0,acoustic,4,1.84861993789673,1702052168.23707
19,1,3,Theta,1013-sin-4Hz.avi,zero,sin-zero-4Hz-choir14.wav,0,choir,2,1.41205501556396,1702052175.34563
19,1,4,Theta,1018-sin-4Hz.avi,oneeighty,sin-oneeighty-4Hz-dar13.wav,180,dar,5,2.43988800048828,1702052181.64575
19,1,5,Theta,1030-sin-4Hz.avi,zero,sin-zero-4Hz-orch3.wav,0,orch,1,1.08199310302734,1702052189.99584
19,1,6,Theta,1066-sin-4Hz.avi,zero,sin-zero-4Hz-dar11.wav,0,dar,3,2.79548096656799,1702052197.16243
19,1,7,Theta,1012-sin-4Hz.avi,oneeighty,sin-oneeighty-4Hz-choir18.wav,180,choir,4,1.28976893424988,1702052204.79593
19,1,8,Theta,1043-sin-4Hz.avi,oneeighty,sin-oneeighty-4Hz-orch22.wav,180,orch,2,1.05215501785278,1702052210.53771
19,1,9,Theta,1027-sin-4Hz.avi,zero,sin-zero-4Hz-acoustic11.wav,0,acoustic,1,1.41610908508301,1702052217.62966
19,1,10,Theta,1006-sin-4Hz.avi,oneeighty,sin-oneeighty-4Hz-acoustic34.wav,180,acoustic,1,0.772028923034668,1702052223.53778
19,1,11,Theta,1061-sin-4Hz.avi,zero,sin-zero-4Hz-choir23.wav,0,choir,1,0.731916904449463,1702052228.93784
19,1,12,Theta,1053-sin-4Hz.avi,zero,sin-zero-4Hz-orch5.wav,0,orch,2,1.8253390789032,1702052234.59652
19,1,13,Theta,1014-sin-4Hz.avi,oneeighty,sin-oneeighty-4Hz-choir2.wav,180,choir,3,1.33295607566833,1702052241.29679
19,1,14,Theta,1017-sin-4Hz.avi,oneeighty,sin-oneeighty-4Hz-dar12.wav,180,dar,1,0.486336946487427,1702052247.07174
19,1,15,Theta,1016-sin-4Hz.avi,oneeighty,sin-oneeighty-4Hz-acoustic23.wav,180,acoustic,4,2.48811006546021,1702052253.62976
19,1,16,Theta,1024-sin-4Hz.avi,zero,sin-zero-4Hz-dar2.wav,0,dar,5,1.89869213104248,1702052262.36329
