respMat_ 1,respMat_ 2,respMat_ 3,respMat_ 4,respMat_ 5,respMat_ 6,respMat_ 7,respMat_ 8,respMat_ 9,respMat_10,respMat_11,respMat_12
15,5,1,Theta,1037-sin-4Hz.avi,oneeighty,sin-oneeighty-4Hz-dar12.wav,180,dar,3,9.59681797027588,1701872172.39259
15,5,2,Theta,1053-sin-4Hz.avi,zero,sin-zero-4Hz-orch20.wav,0,orch,1,0.901968955993652,1701872187.3593
15,5,3,Theta,1043-sin-4Hz.avi,oneeighty,sin-oneeighty-4Hz-choir2.wav,180,choir,3,2.74337410926819,1701872194.52606
15,5,4,Theta,1002-sin-4Hz.avi,oneeighty,sin-oneeighty-4Hz-acoustic34.wav,180,acoustic,4,1.21615099906921,1701872202.10124
15,5,5,Theta,1044-sin-4Hz.avi,zero,sin-zero-4Hz-choir14.wav,0,choir,5,1.70034503936768,1701872209.20103
15,5,6,Theta,1025-sin-4Hz.avi,zero,sin-zero-4Hz-choir15.wav,0,choir,2,1.62857890129089,1701872216.18481
15,5,7,Theta,1004-sin-4Hz.avi,zero,sin-zero-4Hz-acoustic7.wav,0,acoustic,5,0.788796901702881,1701872222.38452
15,5,8,Theta,1051-sin-4Hz.avi,oneeighty,sin-oneeighty-4Hz-orch23.wav,180,orch,4,1.47243690490723,1701872227.49287
15,5,9,Theta,1034-sin-4Hz.avi,zero,sin-zero-4Hz-dar11.wav,0,dar,5,1.38554215431213,1701872234.45963
15,5,10,Theta,1026-sin-4Hz.avi,oneeighty,sin-oneeighty-4Hz-choir6.wav,180,choir,2,2.18186807632446,1701872241.34332
15,5,11,Theta,1006-sin-4Hz.avi,oneeighty,sin-oneeighty-4Hz-dar13.wav,180,dar,3,1.41704607009888,1701872248.0602
15,5,12,Theta,1017-sin-4Hz.avi,oneeighty,sin-oneeighty-4Hz-acoustic23.wav,180,acoustic,5,1.68634104728699,1701872255.327
15,5,13,Theta,1014-sin-4Hz.avi,oneeighty,sin-oneeighty-4Hz-orch24.wav,180,orch,5,2.46783900260925,1701872261.98532
15,5,14,Theta,1052-sin-4Hz.avi,zero,sin-zero-4Hz-orch15.wav,0,orch,5,1.80163812637329,1701872269.85162
15,5,15,Theta,1022-sin-4Hz.avi,zero,sin-zero-4Hz-dar2.wav,0,dar,1,1.0277099609375,1701872276.19342
15,5,16,Theta,1024-sin-4Hz.avi,zero,sin-zero-4Hz-acoustic1.wav,0,acoustic,4,1.24519610404968,1701872281.56003
