respMat_ 1,respMat_ 2,respMat_ 3,respMat_ 4,respMat_ 5,respMat_ 6,respMat_ 7,respMat_ 8,respMat_ 9,respMat_10,respMat_11,respMat_12
18,6,1,Theta,1012-sin-4Hz.avi,zero,sin-zero-4Hz-acoustic25.wav,0,acoustic,5,1.12298798561096,1702049239.08692
18,6,2,Theta,1061-sin-4Hz.avi,oneeighty,sin-oneeighty-4Hz-acoustic7.wav,180,acoustic,5,0.431503772735596,1702049246.17839
18,6,3,Theta,1034-sin-4Hz.avi,oneeighty,sin-oneeighty-4Hz-dar11.wav,180,dar,5,0.553229808807373,1702049252.72872
18,6,4,Theta,1033-sin-4Hz.avi,oneeighty,sin-oneeighty-4Hz-dar22.wav,180,dar,4,3.73772382736206,1702049258.72823
18,6,5,Theta,1022-sin-4Hz.avi,oneeighty,sin-oneeighty-4Hz-orch5.wav,180,orch,3,0.381092071533203,1702049267.82885
18,6,6,Theta,1003-sin-4Hz.avi,zero,sin-zero-4Hz-acoustic34.wav,0,acoustic,4,0.398500919342041,1702049272.80346
18,6,7,Theta,1053-sin-4Hz.avi,oneeighty,sin-oneeighty-4Hz-choir7.wav,180,choir,2,1.97782397270203,1702049277.51213
18,6,8,Theta,1029-sin-4Hz.avi,zero,sin-zero-4Hz-choir18.wav,0,choir,4,0.895045042037964,1702049283.98691
18,6,9,Theta,1043-sin-4Hz.avi,zero,sin-zero-4Hz-choir2.wav,0,choir,3,1.88907694816589,1702049290.7209
18,6,10,Theta,1030-sin-4Hz.avi,oneeighty,sin-oneeighty-4Hz-orch15.wav,180,orch,2,1.26851391792297,1702049298.63749
18,6,11,Theta,1013-sin-4Hz.avi,oneeighty,sin-oneeighty-4Hz-acoustic32.wav,180,acoustic,2,6.08810615539551,1702049305.54586
18,6,12,Theta,1037-sin-4Hz.avi,zero,sin-zero-4Hz-dar13.wav,0,dar,2,7.73526692390442,1702049315.96272
18,6,13,Theta,1018-sin-4Hz.avi,zero,sin-zero-4Hz-orch22.wav,0,orch,2,1.134192943573,1702049328.38782
18,6,14,Theta,1052-sin-4Hz.avi,oneeighty,sin-oneeighty-4Hz-choir15.wav,180,choir,4,0.317986965179443,1702049335.18807
18,6,15,Theta,1048-sin-4Hz.avi,zero,sin-zero-4Hz-dar20.wav,0,dar,4,2.24521899223328,1702049340.20483
18,6,16,Theta,1017-sin-4Hz.avi,zero,sin-zero-4Hz-orch4.wav,0,orch,5,2.7071681022644,1702049347.4549
