respMat_ 1,respMat_ 2,respMat_ 3,respMat_ 4,respMat_ 5,respMat_ 6,respMat_ 7,respMat_ 8,respMat_ 9,respMat_10,respMat_11,respMat_12
21,8,1,Theta,1003-sin-4Hz.avi,oneeighty,sin-oneeighty-4Hz-orch24.wav,180,orch,4,2.10242891311646,1702295688.94334
21,8,2,Theta,1010-sin-4Hz.avi,oneeighty,sin-oneeighty-4Hz-dar13.wav,180,dar,3,1.07109093666077,1702295695.52668
21,8,3,Theta,1061-sin-4Hz.avi,zero,sin-zero-4Hz-dar11.wav,0,dar,4,0.714143037796021,1702295702.25163
21,8,4,Theta,1013-sin-4Hz.avi,zero,sin-zero-4Hz-choir7.wav,0,choir,3,2.21252202987671,1702295709.18525
21,8,5,Theta,1044-sin-4Hz.avi,zero,sin-zero-4Hz-acoustic1.wav,0,acoustic,3,2.60436511039734,1702295717.19339
21,8,6,Theta,1049-sin-4Hz.avi,zero,sin-zero-4Hz-dar10.wav,0,dar,4,0.428184032440186,1702295725.19359
21,8,7,Theta,1024-sin-4Hz.avi,zero,sin-zero-4Hz-acoustic32.wav,0,acoustic,3,0.551286935806274,1702295730.31849
21,8,8,Theta,1066-sin-4Hz.avi,zero,sin-zero-4Hz-choir15.wav,0,choir,4,0.440809011459351,1702295736.28496
21,8,9,Theta,1016-sin-4Hz.avi,oneeighty,sin-oneeighty-4Hz-orch22.wav,180,orch,3,5.82528805732727,1702295741.86044
21,8,10,Theta,1030-sin-4Hz.avi,zero,sin-zero-4Hz-orch3.wav,0,orch,2,0.692489147186279,1702295752.57726
21,8,11,Theta,1029-sin-4Hz.avi,oneeighty,sin-oneeighty-4Hz-dar12.wav,180,dar,4,0.485093832015991,1702295757.76066
21,8,12,Theta,1026-sin-4Hz.avi,oneeighty,sin-oneeighty-4Hz-choir2.wav,180,choir,4,1.88836598396301,1702295763.47739
21,8,13,Theta,1033-sin-4Hz.avi,zero,sin-zero-4Hz-orch5.wav,0,orch,2,0.274112939834595,1702295769.82764
21,8,14,Theta,1015-sin-4Hz.avi,oneeighty,sin-oneeighty-4Hz-acoustic34.wav,180,acoustic,3,1.8066418170929,1702295775.31908
21,8,15,Theta,1006-sin-4Hz.avi,oneeighty,sin-oneeighty-4Hz-choir18.wav,180,choir,4,0.683543920516968,1702295781.9942
21,8,16,Theta,1051-sin-4Hz.avi,oneeighty,sin-oneeighty-4Hz-acoustic14.wav,180,acoustic,2,2.84874200820923,1702295788.06899
