respMat_ 1,respMat_ 2,respMat_ 3,respMat_ 4,respMat_ 5,respMat_ 6,respMat_ 7,respMat_ 8,respMat_ 9,respMat_10,respMat_11,respMat_12
22,2,1,Theta,1015-sin-4Hz.avi,zero,sin-zero-4Hz-choir6.wav,0,choir,4,0.914311170578003,1702380209.08633
22,2,2,Theta,1013-sin-4Hz.avi,oneeighty,sin-oneeighty-4Hz-choir14.wav,180,choir,2,1.2653660774231,1702380214.5114
22,2,3,Theta,1027-sin-4Hz.avi,oneeighty,sin-oneeighty-4Hz-acoustic32.wav,180,acoustic,4,2.64918899536133,1702380221.11146
22,2,4,Theta,1010-sin-4Hz.avi,zero,sin-zero-4Hz-dar20.wav,0,dar,4,0.906203031539917,1702380229.28653
22,2,5,Theta,1024-sin-4Hz.avi,oneeighty,sin-oneeighty-4Hz-dar22.wav,180,dar,4,1.97241401672363,1702380235.22818
22,2,6,Theta,1066-sin-4Hz.avi,oneeighty,sin-oneeighty-4Hz-dar2.wav,180,dar,4,2.23590302467346,1702380243.23667
22,2,7,Theta,1023-sin-4Hz.avi,oneeighty,sin-oneeighty-4Hz-acoustic11.wav,180,acoustic,2,0.259932994842529,1702380251.43668
22,2,8,Theta,1049-sin-4Hz.avi,oneeighty,sin-oneeighty-4Hz-orch15.wav,180,orch,2,0.727306127548218,1702380256.34525
22,2,9,Theta,1017-sin-4Hz.avi,zero,sin-zero-4Hz-choir18.wav,0,choir,4,1.51323580741882,1702380262.69535
22,2,10,Theta,1016-sin-4Hz.avi,zero,sin-zero-4Hz-orch4.wav,0,orch,1,0.0692698955535889,1702380269.99528
22,2,11,Theta,1037-sin-4Hz.avi,zero,sin-zero-4Hz-acoustic23.wav,0,acoustic,5,1.38149404525757,1702380274.58709
22,2,12,Theta,1014-sin-4Hz.avi,zero,sin-zero-4Hz-dar12.wav,0,dar,1,1.66940188407898,1702380280.98715
22,2,13,Theta,1048-sin-4Hz.avi,zero,sin-zero-4Hz-orch23.wav,0,orch,1,0.314913034439087,1702380288.45379
22,2,14,Theta,1006-sin-4Hz.avi,zero,sin-zero-4Hz-acoustic14.wav,0,acoustic,4,1.38333511352539,1702380294.53723
22,2,15,Theta,1061-sin-4Hz.avi,oneeighty,sin-oneeighty-4Hz-orch3.wav,180,orch,1,1.250972032547,1702380301.64565
22,2,16,Theta,1044-sin-4Hz.avi,oneeighty,sin-oneeighty-4Hz-choir23.wav,180,choir,5,0.629645109176636,1702380307.57898
