respMat_ 1,respMat_ 2,respMat_ 3,respMat_ 4,respMat_ 5,respMat_ 6,respMat_ 7,respMat_ 8,respMat_ 9,respMat_10,respMat_11,respMat_12
9,8,1,Theta,1025-sin-4Hz.avi,zero,sin-zero-4Hz-acoustic7.wav,0,acoustic,4,0.717876195907593,1701688005.41868
9,8,2,Theta,1015-sin-4Hz.avi,oneeighty,sin-oneeighty-4Hz-orch22.wav,180,orch,4,0.127888917922974,1701688010.56862
9,8,3,Theta,1030-sin-4Hz.avi,zero,sin-zero-4Hz-dar10.wav,0,dar,2,1.5874559879303,1701688015.26908
9,8,4,Theta,1029-sin-4Hz.avi,oneeighty,sin-oneeighty-4Hz-acoustic34.wav,180,acoustic,5,0.536171913146973,1701688021.76037
9,8,5,Theta,1018-sin-4Hz.avi,oneeighty,sin-oneeighty-4Hz-orch4.wav,180,orch,2,1.56606101989746,1701688027.40247
9,8,6,Theta,1044-sin-4Hz.avi,zero,sin-zero-4Hz-orch20.wav,0,orch,5,0.109761953353882,1701688034.81085
9,8,7,Theta,1014-sin-4Hz.avi,oneeighty,sin-oneeighty-4Hz-choir6.wav,180,choir,4,1.95504999160767,1701688041.07754
9,8,8,Theta,1022-sin-4Hz.avi,zero,sin-zero-4Hz-dar11.wav,0,dar,5,0.431306123733521,1701688047.76932
9,8,9,Theta,1049-sin-4Hz.avi,zero,sin-zero-4Hz-choir14.wav,0,choir,2,0.161329984664917,1701688053.11129
9,8,10,Theta,1052-sin-4Hz.avi,zero,sin-zero-4Hz-choir15.wav,0,choir,4,0.581934928894043,1701688058.99464
9,8,11,Theta,1012-sin-4Hz.avi,oneeighty,sin-oneeighty-4Hz-choir21.wav,180,choir,4,0.193441152572632,1701688065.51116
9,8,12,Theta,1023-sin-4Hz.avi,zero,sin-zero-4Hz-acoustic1.wav,0,acoustic,2,0.290938854217529,1701688070.67769
9,8,13,Theta,1006-sin-4Hz.avi,oneeighty,sin-oneeighty-4Hz-dar12.wav,180,dar,1,0.112517118453979,1701688076.93612
9,8,14,Theta,1033-sin-4Hz.avi,zero,sin-zero-4Hz-orch15.wav,0,orch,4,0.340097188949585,1701688082.03653
9,8,15,Theta,1037-sin-4Hz.avi,oneeighty,sin-oneeighty-4Hz-dar17.wav,180,dar,4,0.65882396697998,1701688087.66987
9,8,16,Theta,1016-sin-4Hz.avi,oneeighty,sin-oneeighty-4Hz-acoustic25.wav,180,acoustic,4,0.205951929092407,1701688093.38671
