respMat_ 1,respMat_ 2,respMat_ 3,respMat_ 4,respMat_ 5,respMat_ 6,respMat_ 7,respMat_ 8,respMat_ 9,respMat_10,respMat_11,respMat_12
16,1,1,Theta,1006-sin-4Hz.avi,zero,sin-zero-4Hz-dar13.wav,0,dar,2,1.33900880813599,1701875538.76236
16,1,2,Theta,1030-sin-4Hz.avi,oneeighty,sin-oneeighty-4Hz-orch15.wav,180,orch,2,1.18696403503418,1701875546.16231
16,1,3,Theta,1014-sin-4Hz.avi,zero,sin-zero-4Hz-orch22.wav,0,orch,3,0.37703013420105,1701875553.00417
16,1,4,Theta,1053-sin-4Hz.avi,oneeighty,sin-oneeighty-4Hz-choir7.wav,180,choir,2,0.412384986877441,1701875558.92079
16,1,5,Theta,1023-sin-4Hz.avi,oneeighty,sin-oneeighty-4Hz-orch20.wav,180,orch,2,0.601514101028442,1701875564.58788
16,1,6,Theta,1015-sin-4Hz.avi,zero,sin-zero-4Hz-acoustic14.wav,0,acoustic,4,1.21692991256714,1701875569.60448
16,1,7,Theta,1022-sin-4Hz.avi,oneeighty,sin-oneeighty-4Hz-acoustic32.wav,180,acoustic,2,0.420346975326538,1701875576.72112
16,1,8,Theta,1026-sin-4Hz.avi,zero,sin-zero-4Hz-orch24.wav,0,orch,3,0.44565486907959,1701875581.87973
16,1,9,Theta,1012-sin-4Hz.avi,zero,sin-zero-4Hz-choir18.wav,0,choir,2,0.498633146286011,1701875587.76298
16,1,10,Theta,1037-sin-4Hz.avi,zero,sin-zero-4Hz-choir2.wav,0,choir,1,0.238187074661255,1701875594.07141
16,1,11,Theta,1044-sin-4Hz.avi,oneeighty,sin-oneeighty-4Hz-acoustic7.wav,180,acoustic,3,0.411332130432129,1701875599.33817
16,1,12,Theta,1049-sin-4Hz.avi,oneeighty,sin-oneeighty-4Hz-dar10.wav,180,dar,2,1.93971705436707,1701875605.12178
16,1,13,Theta,1048-sin-4Hz.avi,zero,sin-zero-4Hz-acoustic23.wav,0,acoustic,4,3.77309918403625,1701875612.0885
16,1,14,Theta,1052-sin-4Hz.avi,oneeighty,sin-oneeighty-4Hz-dar11.wav,180,dar,2,2.00859594345093,1701875620.79698
16,1,15,Theta,1029-sin-4Hz.avi,zero,sin-zero-4Hz-dar17.wav,0,dar,1,0.355048179626465,1701875628.73864
16,1,16,Theta,1004-sin-4Hz.avi,oneeighty,sin-oneeighty-4Hz-choir15.wav,180,choir,4,0.526801109313965,1701875634.03889
