respMat_ 1,respMat_ 2,respMat_ 3,respMat_ 4,respMat_ 5,respMat_ 6,respMat_ 7,respMat_ 8,respMat_ 9,respMat_10,respMat_11,respMat_12
3,2,1,Theta,1029-sin-4Hz.avi,oneeighty,sin-oneeighty-4Hz-orch4.wav,180,orch,4,2.5460729598999,1701171622.25543
3,2,2,Theta,1044-sin-4Hz.avi,zero,sin-zero-4Hz-dar22.wav,0,dar,2,3.31380200386047,1701171631.07179
3,2,3,Theta,1026-sin-4Hz.avi,oneeighty,sin-oneeighty-4Hz-dar13.wav,180,dar,2,5.27615594863892,1701171640.61358
3,2,4,Theta,1014-sin-4Hz.avi,oneeighty,sin-oneeighty-4Hz-orch24.wav,180,orch,4,2.3462119102478,1701171651.44731
3,2,5,Theta,1022-sin-4Hz.avi,zero,sin-zero-4Hz-orch5.wav,0,orch,3,3.9530200958252,1701171658.2726
3,2,6,Theta,1051-sin-4Hz.avi,oneeighty,sin-oneeighty-4Hz-choir18.wav,180,choir,1,2.24649405479431,1701171666.73111
3,2,7,Theta,1052-sin-4Hz.avi,zero,sin-zero-4Hz-acoustic11.wav,0,acoustic,5,6.13769388198853,1701171675.06405
3,2,8,Theta,1012-sin-4Hz.avi,oneeighty,sin-oneeighty-4Hz-acoustic14.wav,180,acoustic,5,2.95289516448975,1701171686.47275
3,2,9,Theta,1023-sin-4Hz.avi,zero,sin-zero-4Hz-choir14.wav,0,choir,1,1.77616715431213,1701171694.68956
3,2,10,Theta,1027-sin-4Hz.avi,zero,sin-zero-4Hz-acoustic7.wav,0,acoustic,2,3.77629590034485,1701171701.68131
3,2,11,Theta,1061-sin-4Hz.avi,zero,sin-zero-4Hz-orch20.wav,0,orch,2,2.95703315734863,1701171711.55652
3,2,12,Theta,1002-sin-4Hz.avi,oneeighty,sin-oneeighty-4Hz-acoustic25.wav,180,acoustic,5,2.351891040802,1701171719.48973
3,2,13,Theta,1043-sin-4Hz.avi,oneeighty,sin-oneeighty-4Hz-dar20.wav,180,dar,3,5.53187489509583,1701171727.18985
3,2,14,Theta,1006-sin-4Hz.avi,oneeighty,sin-oneeighty-4Hz-choir2.wav,180,choir,1,2.78094792366028,1701171738.16461
3,2,15,Theta,1025-sin-4Hz.avi,zero,sin-zero-4Hz-dar2.wav,0,dar,3,4.9143180847168,1701171746.01526
3,2,16,Theta,1034-sin-4Hz.avi,zero,sin-zero-4Hz-choir15.wav,0,choir,2,2.98076415061951,1701171756.95681
