respMat_ 1,respMat_ 2,respMat_ 3,respMat_ 4,respMat_ 5,respMat_ 6,respMat_ 7,respMat_ 8,respMat_ 9,respMat_10,respMat_11,respMat_12
16,8,1,Theta,1051-sin-4Hz.avi,zero,sin-zero-4Hz-orch23.wav,0,orch,2,0.310387134552002,1701876277.29753
16,8,2,Theta,1066-sin-4Hz.avi,oneeighty,sin-oneeighty-4Hz-orch3.wav,180,orch,1,0.648813009262085,1701876282.03112
16,8,3,Theta,1016-sin-4Hz.avi,zero,sin-zero-4Hz-acoustic34.wav,0,acoustic,1,0.364696979522705,1701876288.73125
16,8,4,Theta,1061-sin-4Hz.avi,oneeighty,sin-oneeighty-4Hz-acoustic1.wav,180,acoustic,4,3.05014801025391,1701876294.39782
16,8,5,Theta,1013-sin-4Hz.avi,oneeighty,sin-oneeighty-4Hz-dar22.wav,180,dar,4,0.537979125976562,1701876301.99803
16,8,6,Theta,1024-sin-4Hz.avi,oneeighty,sin-oneeighty-4Hz-choir14.wav,180,choir,3,4.35102105140686,1701876307.67298
16,8,7,Theta,1018-sin-4Hz.avi,zero,sin-zero-4Hz-dar20.wav,0,dar,1,0.184561967849731,1701876316.83143
16,8,8,Theta,1043-sin-4Hz.avi,zero,sin-zero-4Hz-choir6.wav,0,choir,1,0.251764059066772,1701876321.94821
16,8,9,Theta,1025-sin-4Hz.avi,oneeighty,sin-oneeighty-4Hz-orch5.wav,180,orch,1,0.359158039093018,1701876327.66487
16,8,10,Theta,1027-sin-4Hz.avi,oneeighty,sin-oneeighty-4Hz-dar2.wav,180,dar,1,0.448170900344849,1701876333.63986
16,8,11,Theta,1034-sin-4Hz.avi,oneeighty,sin-oneeighty-4Hz-acoustic11.wav,180,acoustic,4,1.07712483406067,1701876338.51493
16,8,12,Theta,1010-sin-4Hz.avi,zero,sin-zero-4Hz-orch4.wav,0,orch,1,0.218548059463501,1701876344.97351
16,8,13,Theta,1003-sin-4Hz.avi,zero,sin-zero-4Hz-acoustic25.wav,0,acoustic,3,0.258665084838867,1701876350.96534
16,8,14,Theta,1002-sin-4Hz.avi,zero,sin-zero-4Hz-choir21.wav,0,choir,1,0.167340040206909,1701876356.84872
16,8,15,Theta,1033-sin-4Hz.avi,oneeighty,sin-oneeighty-4Hz-choir23.wav,180,choir,1,0.260248184204102,1701876361.92383
16,8,16,Theta,1017-sin-4Hz.avi,zero,sin-zero-4Hz-dar12.wav,0,dar,1,0.235903978347778,1701876368.33219
