respMat_ 1,respMat_ 2,respMat_ 3,respMat_ 4,respMat_ 5,respMat_ 6,respMat_ 7,respMat_ 8,respMat_ 9,respMat_10,respMat_11,respMat_12
6,8,1,Theta,1053-sin-4Hz.avi,oneeighty,sin-oneeighty-4Hz-choir23.wav,180,choir,5,2.69457316398621,1701350703.74182
6,8,2,Theta,1016-sin-4Hz.avi,zero,sin-zero-4Hz-orch4.wav,0,orch,1,3.65240097045898,1701350711.39199
6,8,3,Theta,1018-sin-4Hz.avi,zero,sin-zero-4Hz-acoustic25.wav,0,acoustic,5,2.53469204902649,1701350721.32572
6,8,4,Theta,1043-sin-4Hz.avi,zero,sin-zero-4Hz-dar12.wav,0,dar,1,3.60802388191223,1701350728.4924
6,8,5,Theta,1002-sin-4Hz.avi,zero,sin-zero-4Hz-choir2.wav,0,choir,1,2.341961145401,1701350736.94247
6,8,6,Theta,1022-sin-4Hz.avi,oneeighty,sin-oneeighty-4Hz-acoustic11.wav,180,acoustic,5,2.47410011291504,1701350745.03429
6,8,7,Theta,1048-sin-4Hz.avi,zero,sin-zero-4Hz-choir18.wav,0,choir,1,2.1655740737915,1701350752.75089
6,8,8,Theta,1003-sin-4Hz.avi,zero,sin-zero-4Hz-dar17.wav,0,dar,2,3.08926916122437,1701350760.85119
6,8,9,Theta,1034-sin-4Hz.avi,oneeighty,sin-oneeighty-4Hz-acoustic7.wav,180,acoustic,2,4.82794499397278,1701350768.39253
6,8,10,Theta,1030-sin-4Hz.avi,oneeighty,sin-oneeighty-4Hz-dar22.wav,180,dar,2,10.4445378780365,1701350778.56795
6,8,11,Theta,1014-sin-4Hz.avi,zero,sin-zero-4Hz-orch23.wav,0,orch,1,2.67232799530029,1701350794.86816
6,8,12,Theta,1013-sin-4Hz.avi,oneeighty,sin-oneeighty-4Hz-dar11.wav,180,dar,5,2.02845501899719,1701350802.37604
6,8,13,Theta,1023-sin-4Hz.avi,oneeighty,sin-oneeighty-4Hz-orch5.wav,180,orch,1,2.34358596801758,1701350810.68493
6,8,14,Theta,1044-sin-4Hz.avi,oneeighty,sin-oneeighty-4Hz-orch15.wav,180,orch,1,5.06898808479309,1701350818.74352
6,8,15,Theta,1037-sin-4Hz.avi,zero,sin-zero-4Hz-acoustic23.wav,0,acoustic,3,4.70358490943909,1701350830.08495
6,8,16,Theta,1004-sin-4Hz.avi,oneeighty,sin-oneeighty-4Hz-choir14.wav,180,choir,1,2.82006621360779,1701350839.56846
