respMat_ 1,respMat_ 2,respMat_ 3,respMat_ 4,respMat_ 5,respMat_ 6,respMat_ 7,respMat_ 8,respMat_ 9,respMat_10,respMat_11,respMat_12
12,2,1,Theta,1018-sin-4Hz.avi,zero,sin-zero-4Hz-orch23.wav,0,orch,3,3.454745054245,1701785933.86237
12,2,2,Theta,1006-sin-4Hz.avi,zero,sin-zero-4Hz-dar17.wav,0,dar,3,1.05297183990479,1701785943.51211
12,2,3,Theta,1025-sin-4Hz.avi,oneeighty,sin-oneeighty-4Hz-orch5.wav,180,orch,2,1.40724086761475,1701785949.25396
12,2,4,Theta,1016-sin-4Hz.avi,zero,sin-zero-4Hz-acoustic25.wav,0,acoustic,3,0.525949001312256,1701785956.27924
12,2,5,Theta,1066-sin-4Hz.avi,oneeighty,sin-oneeighty-4Hz-dar11.wav,180,dar,5,1.0132839679718,1701785962.49594
12,2,6,Theta,1051-sin-4Hz.avi,zero,sin-zero-4Hz-acoustic34.wav,0,acoustic,1,1.08557510375977,1701785969.28748
12,2,7,Theta,1053-sin-4Hz.avi,oneeighty,sin-oneeighty-4Hz-acoustic7.wav,180,acoustic,4,0.781775951385498,1701785974.67938
12,2,8,Theta,1015-sin-4Hz.avi,zero,sin-zero-4Hz-orch22.wav,0,orch,5,2.55829095840454,1701785980.87079
12,2,9,Theta,1044-sin-4Hz.avi,oneeighty,sin-oneeighty-4Hz-orch20.wav,180,orch,4,0.229491949081421,1701785988.47959
12,2,10,Theta,1024-sin-4Hz.avi,oneeighty,sin-oneeighty-4Hz-dar2.wav,180,dar,4,2.00921297073364,1701785994.58802
12,2,11,Theta,1026-sin-4Hz.avi,zero,sin-zero-4Hz-dar13.wav,0,dar,4,0.788856983184814,1701786002.0962
12,2,12,Theta,1004-sin-4Hz.avi,oneeighty,sin-oneeighty-4Hz-acoustic1.wav,180,acoustic,5,0.692685127258301,1701786008.70437
12,2,13,Theta,1002-sin-4Hz.avi,zero,sin-zero-4Hz-choir2.wav,0,choir,2,0.000114917755126953,1701786013.72925
12,2,14,Theta,1034-sin-4Hz.avi,oneeighty,sin-oneeighty-4Hz-choir7.wav,180,choir,2,1.61846017837524,1701786019.95465
12,2,15,Theta,1012-sin-4Hz.avi,zero,sin-zero-4Hz-choir21.wav,0,choir,2,0.466094017028809,1701786026.96299
12,2,16,Theta,1049-sin-4Hz.avi,oneeighty,sin-oneeighty-4Hz-choir23.wav,180,choir,2,0.389366865158081,1701786032.87972
