respMat_ 1,respMat_ 2,respMat_ 3,respMat_ 4,respMat_ 5,respMat_ 6,respMat_ 7,respMat_ 8,respMat_ 9,respMat_10,respMat_11,respMat_12
18,3,1,Theta,1022-sin-4Hz.avi,oneeighty,sin-oneeighty-4Hz-orch5.wav,180,orch,3,1.0632917881012,1702048808.49018
18,3,2,Theta,1061-sin-4Hz.avi,oneeighty,sin-oneeighty-4Hz-acoustic7.wav,180,acoustic,5,1.34333419799805,1702048813.89
18,3,3,Theta,1003-sin-4Hz.avi,zero,sin-zero-4Hz-acoustic34.wav,0,acoustic,3,1.36709809303284,1702048821.29041
18,3,4,Theta,1012-sin-4Hz.avi,zero,sin-zero-4Hz-acoustic25.wav,0,acoustic,5,0.335738897323608,1702048827.87366
18,3,5,Theta,1052-sin-4Hz.avi,oneeighty,sin-oneeighty-4Hz-choir15.wav,180,choir,4,0.849498987197876,1702048834.22392
18,3,6,Theta,1053-sin-4Hz.avi,oneeighty,sin-oneeighty-4Hz-choir7.wav,180,choir,3,3.49274396896362,1702048839.94879
18,3,7,Theta,1048-sin-4Hz.avi,zero,sin-zero-4Hz-dar20.wav,0,dar,4,4.7523992061615,1702048847.85701
18,3,8,Theta,1017-sin-4Hz.avi,zero,sin-zero-4Hz-orch4.wav,0,orch,5,0.353844165802002,1702048857.8076
18,3,9,Theta,1029-sin-4Hz.avi,zero,sin-zero-4Hz-choir18.wav,0,choir,3,0.775146961212158,1702048863.48235
18,3,10,Theta,1033-sin-4Hz.avi,oneeighty,sin-oneeighty-4Hz-dar22.wav,180,dar,4,0.391967058181763,1702048869.65746
18,3,11,Theta,1034-sin-4Hz.avi,oneeighty,sin-oneeighty-4Hz-dar11.wav,180,dar,4,0.307024955749512,1702048875.98249
18,3,12,Theta,1030-sin-4Hz.avi,oneeighty,sin-oneeighty-4Hz-orch15.wav,180,orch,2,0.791661024093628,1702048881.06578
18,3,13,Theta,1013-sin-4Hz.avi,oneeighty,sin-oneeighty-4Hz-acoustic32.wav,180,acoustic,4,0.487460136413574,1702048887.06601
18,3,14,Theta,1018-sin-4Hz.avi,zero,sin-zero-4Hz-orch22.wav,0,orch,2,0.27514386177063,1702048892.17434
18,3,15,Theta,1037-sin-4Hz.avi,zero,sin-zero-4Hz-dar13.wav,0,dar,3,0.600672006607056,1702048897.83284
18,3,16,Theta,1043-sin-4Hz.avi,zero,sin-zero-4Hz-choir2.wav,0,choir,2,1.47699308395386,1702048904.12448
