respMat_ 1,respMat_ 2,respMat_ 3,respMat_ 4,respMat_ 5,respMat_ 6,respMat_ 7,respMat_ 8,respMat_ 9,respMat_10,respMat_11,respMat_12
17,4,1,Theta,1014-sin-4Hz.avi,oneeighty,sin-oneeighty-4Hz-acoustic34.wav,180,acoustic,5,0.394881010055542,1701880674.89729
17,4,2,Theta,1037-sin-4Hz.avi,oneeighty,sin-oneeighty-4Hz-orch22.wav,180,orch,2,3.51917600631714,1701880681.18099
17,4,3,Theta,1043-sin-4Hz.avi,oneeighty,sin-oneeighty-4Hz-choir21.wav,180,choir,3,4.50014710426331,1701880690.03995
17,4,4,Theta,1025-sin-4Hz.avi,zero,sin-zero-4Hz-orch3.wav,0,orch,3,2.11559295654297,1701880699.65646
17,4,5,Theta,1053-sin-4Hz.avi,zero,sin-zero-4Hz-orch5.wav,0,orch,3,2.27139496803284,1701880706.7648
17,4,6,Theta,1049-sin-4Hz.avi,zero,sin-zero-4Hz-dar2.wav,0,dar,3,3.08020210266113,1701880714.5479
17,4,7,Theta,1017-sin-4Hz.avi,oneeighty,sin-oneeighty-4Hz-dar13.wav,180,dar,3,2.74305200576782,1701880723.36508
17,4,8,Theta,1003-sin-4Hz.avi,oneeighty,sin-oneeighty-4Hz-acoustic23.wav,180,acoustic,4,0.839264869689941,1701880731.9569
17,4,9,Theta,1024-sin-4Hz.avi,zero,sin-zero-4Hz-choir14.wav,0,choir,4,1.97350692749023,1701880737.39872
17,4,10,Theta,1027-sin-4Hz.avi,zero,sin-zero-4Hz-choir7.wav,0,choir,4,2.22983908653259,1701880745.19035
17,4,11,Theta,1002-sin-4Hz.avi,oneeighty,sin-oneeighty-4Hz-choir6.wav,180,choir,2,0.288095951080322,1701880753.53211
17,4,12,Theta,1013-sin-4Hz.avi,zero,sin-zero-4Hz-acoustic7.wav,0,acoustic,4,0.892529964447021,1701880758.83166
17,4,13,Theta,1026-sin-4Hz.avi,oneeighty,sin-oneeighty-4Hz-dar17.wav,180,dar,4,1.72580313682556,1701880765.79035
17,4,14,Theta,1044-sin-4Hz.avi,zero,sin-zero-4Hz-dar22.wav,0,dar,4,0.573308944702148,1701880773.00673
17,4,15,Theta,1022-sin-4Hz.avi,zero,sin-zero-4Hz-acoustic11.wav,0,acoustic,4,0.781282186508179,1701880778.60692
17,4,16,Theta,1018-sin-4Hz.avi,oneeighty,sin-oneeighty-4Hz-orch23.wav,180,orch,2,0.51285982131958,1701880784.71531
