respMat_ 1,respMat_ 2,respMat_ 3,respMat_ 4,respMat_ 5,respMat_ 6,respMat_ 7,respMat_ 8,respMat_ 9,respMat_10,respMat_11,respMat_12
4,8,1,Theta,1018-sin-4Hz.avi,zero,sin-zero-4Hz-choir21.wav,0,choir,1,5.84049201011658,1701271932.48885
4,8,2,Theta,1002-sin-4Hz.avi,zero,sin-zero-4Hz-orch22.wav,0,orch,2,1.88575387001038,1701271944.15554
4,8,3,Theta,1051-sin-4Hz.avi,zero,sin-zero-4Hz-acoustic25.wav,0,acoustic,4,2.19387793540955,1701271951.04741
4,8,4,Theta,1049-sin-4Hz.avi,oneeighty,sin-oneeighty-4Hz-orch5.wav,180,orch,2,3.33679604530334,1701271958.27251
4,8,5,Theta,1024-sin-4Hz.avi,oneeighty,sin-oneeighty-4Hz-choir7.wav,180,choir,1,1.5211980342865,1701271966.26415
4,8,6,Theta,1012-sin-4Hz.avi,zero,sin-zero-4Hz-orch4.wav,0,orch,5,4.58368301391602,1701271973.29764
4,8,7,Theta,1010-sin-4Hz.avi,zero,sin-zero-4Hz-choir6.wav,0,choir,4,0.637072086334229,1701271982.76435
4,8,8,Theta,1044-sin-4Hz.avi,oneeighty,sin-oneeighty-4Hz-acoustic32.wav,180,acoustic,2,1.46693682670593,1701271988.01441
4,8,9,Theta,1004-sin-4Hz.avi,oneeighty,sin-oneeighty-4Hz-dar22.wav,180,dar,5,4.43840384483337,1701271995.33106
4,8,10,Theta,1053-sin-4Hz.avi,oneeighty,sin-oneeighty-4Hz-choir23.wav,180,choir,1,1.4560010433197,1701272004.68137
4,8,11,Theta,1025-sin-4Hz.avi,oneeighty,sin-oneeighty-4Hz-orch15.wav,180,orch,3,3.70464587211609,1701272011.26475
4,8,12,Theta,1022-sin-4Hz.avi,oneeighty,sin-oneeighty-4Hz-dar2.wav,180,dar,3,1.60070991516113,1701272020.26478
4,8,13,Theta,1016-sin-4Hz.avi,zero,sin-zero-4Hz-dar13.wav,0,dar,4,2.45722317695618,1701272028.04821
4,8,14,Theta,1003-sin-4Hz.avi,zero,sin-zero-4Hz-dar20.wav,0,dar,4,6.35843801498413,1701272036.51509
4,8,15,Theta,1023-sin-4Hz.avi,oneeighty,sin-oneeighty-4Hz-acoustic7.wav,180,acoustic,2,5.31756901741028,1701272048.93197
4,8,16,Theta,1015-sin-4Hz.avi,zero,sin-zero-4Hz-acoustic23.wav,0,acoustic,5,1.6961030960083,1701272060.07344
