respMat_ 1,respMat_ 2,respMat_ 3,respMat_ 4,respMat_ 5,respMat_ 6,respMat_ 7,respMat_ 8,respMat_ 9,respMat_10,respMat_11,respMat_12
24,8,1,Theta,1022-sin-4Hz.avi,oneeighty,sin-oneeighty-4Hz-orch3.wav,180,orch,4,0.867559194564819,1702462771.43494
24,8,2,Theta,1003-sin-4Hz.avi,zero,sin-zero-4Hz-choir18.wav,0,choir,3,0.370028018951416,1702462776.87655
24,8,3,Theta,1033-sin-4Hz.avi,oneeighty,sin-oneeighty-4Hz-choir14.wav,180,choir,5,0.414700031280518,1702462782.75184
24,8,4,Theta,1029-sin-4Hz.avi,zero,sin-zero-4Hz-acoustic23.wav,0,acoustic,5,0.423408031463623,1702462787.73519
24,8,5,Theta,1016-sin-4Hz.avi,zero,sin-zero-4Hz-dar20.wav,0,dar,4,1.62421798706055,1702462793.51039
24,8,6,Theta,1002-sin-4Hz.avi,zero,sin-zero-4Hz-orch23.wav,0,orch,1,0.473894119262695,1702462801.07674
24,8,7,Theta,1048-sin-4Hz.avi,zero,sin-zero-4Hz-dar12.wav,0,dar,1,0.275946855545044,1702462807.81867
24,8,8,Theta,1012-sin-4Hz.avi,zero,sin-zero-4Hz-choir2.wav,0,choir,2,0.409992933273315,1702462812.46862
24,8,9,Theta,1030-sin-4Hz.avi,oneeighty,sin-oneeighty-4Hz-acoustic7.wav,180,acoustic,4,0.000303030014038086,1702462818.99358
24,8,10,Theta,1013-sin-4Hz.avi,oneeighty,sin-oneeighty-4Hz-acoustic11.wav,180,acoustic,5,0.398108005523682,1702462824.56047
24,8,11,Theta,1052-sin-4Hz.avi,oneeighty,sin-oneeighty-4Hz-choir15.wav,180,choir,3,0.574497938156128,1702462829.34408
24,8,12,Theta,1015-sin-4Hz.avi,zero,sin-zero-4Hz-orch4.wav,0,orch,4,0.282064914703369,1702462835.46051
24,8,13,Theta,1017-sin-4Hz.avi,zero,sin-zero-4Hz-acoustic25.wav,0,acoustic,5,0.283585071563721,1702462841.21906
24,8,14,Theta,1034-sin-4Hz.avi,oneeighty,sin-oneeighty-4Hz-dar11.wav,180,dar,2,0.510832071304321,1702462847.53576
24,8,15,Theta,1049-sin-4Hz.avi,oneeighty,sin-oneeighty-4Hz-dar2.wav,180,dar,2,0.853305101394653,1702462853.97735
24,8,16,Theta,1004-sin-4Hz.avi,oneeighty,sin-oneeighty-4Hz-orch5.wav,180,orch,4,0.578322887420654,1702462860.84428
