respMat_ 1,respMat_ 2,respMat_ 3,respMat_ 4,respMat_ 5,respMat_ 6,respMat_ 7,respMat_ 8,respMat_ 9,respMat_10,respMat_11,respMat_12
21,2,1,Theta,1016-sin-4Hz.avi,oneeighty,sin-oneeighty-4Hz-orch22.wav,180,orch,2,1.18060898780823,1702294914.18574
21,2,2,Theta,1010-sin-4Hz.avi,oneeighty,sin-oneeighty-4Hz-dar13.wav,180,dar,4,1.8520610332489,1702294920.20247
21,2,3,Theta,1049-sin-4Hz.avi,zero,sin-zero-4Hz-dar10.wav,0,dar,3,2.34900712966919,1702294927.97732
21,2,4,Theta,1051-sin-4Hz.avi,oneeighty,sin-oneeighty-4Hz-acoustic14.wav,180,acoustic,2,3.9215669631958,1702294936.26083
21,2,5,Theta,1024-sin-4Hz.avi,zero,sin-zero-4Hz-acoustic32.wav,0,acoustic,3,1.10393095016479,1702294945.89443
21,2,6,Theta,1030-sin-4Hz.avi,zero,sin-zero-4Hz-orch3.wav,0,orch,2,0.922417879104614,1702294953.22802
21,2,7,Theta,1029-sin-4Hz.avi,oneeighty,sin-oneeighty-4Hz-dar12.wav,180,dar,4,3.71514892578125,1702294960.4032
21,2,8,Theta,1066-sin-4Hz.avi,zero,sin-zero-4Hz-choir15.wav,0,choir,4,3.13464307785034,1702294968.51972
21,2,9,Theta,1044-sin-4Hz.avi,zero,sin-zero-4Hz-acoustic1.wav,0,acoustic,3,2.80598902702332,1702294977.93636
21,2,10,Theta,1006-sin-4Hz.avi,oneeighty,sin-oneeighty-4Hz-choir18.wav,180,choir,4,5.44095706939697,1702294986.85333
21,2,11,Theta,1015-sin-4Hz.avi,oneeighty,sin-oneeighty-4Hz-acoustic34.wav,180,acoustic,2,2.97407507896423,1702294996.72831
21,2,12,Theta,1013-sin-4Hz.avi,zero,sin-zero-4Hz-choir7.wav,0,choir,2,0.902876138687134,1702295005.31147
21,2,13,Theta,1033-sin-4Hz.avi,zero,sin-zero-4Hz-orch5.wav,0,orch,2,1.99855208396912,1702295010.71177
21,2,14,Theta,1061-sin-4Hz.avi,zero,sin-zero-4Hz-dar11.wav,0,dar,4,3.12873792648315,1702295017.45362
21,2,15,Theta,1003-sin-4Hz.avi,oneeighty,sin-oneeighty-4Hz-orch24.wav,180,orch,5,1.20563697814941,1702295025.93682
21,2,16,Theta,1026-sin-4Hz.avi,oneeighty,sin-oneeighty-4Hz-choir2.wav,180,choir,4,1.68012189865112,1702295032.66231
