respMat_ 1,respMat_ 2,respMat_ 3,respMat_ 4,respMat_ 5,respMat_ 6,respMat_ 7,respMat_ 8,respMat_ 9,respMat_10,respMat_11,respMat_12
14,4,1,Theta,1015-sin-4Hz.avi,zero,sin-zero-4Hz-acoustic25.wav,0,acoustic,3,1.80398392677307,1701796908.94899
14,4,2,Theta,1004-sin-4Hz.avi,oneeighty,sin-oneeighty-4Hz-dar22.wav,180,dar,2,0.356312990188599,1701796915.14864
14,4,3,Theta,1014-sin-4Hz.avi,zero,sin-zero-4Hz-dar13.wav,0,dar,3,1.84450197219849,1701796921.74044
14,4,4,Theta,1006-sin-4Hz.avi,zero,sin-zero-4Hz-acoustic14.wav,0,acoustic,3,1.95017910003662,1701796929.89084
14,4,5,Theta,1049-sin-4Hz.avi,oneeighty,sin-oneeighty-4Hz-dar2.wav,180,dar,1,0.476431131362915,1701796936.93247
14,4,6,Theta,1024-sin-4Hz.avi,oneeighty,sin-oneeighty-4Hz-choir7.wav,180,choir,2,0.396835088729858,1701796943.52416
14,4,7,Theta,1018-sin-4Hz.avi,zero,sin-zero-4Hz-orch24.wav,0,orch,2,1.23245596885681,1701796949.44054
14,4,8,Theta,1053-sin-4Hz.avi,oneeighty,sin-oneeighty-4Hz-choir14.wav,180,choir,4,0.598374128341675,1701796955.48268
14,4,9,Theta,1025-sin-4Hz.avi,oneeighty,sin-oneeighty-4Hz-orch15.wav,180,orch,3,1.0239999294281,1701796961.441
14,4,10,Theta,1030-sin-4Hz.avi,oneeighty,sin-oneeighty-4Hz-acoustic11.wav,180,acoustic,3,0.914100170135498,1701796967.58287
14,4,11,Theta,1048-sin-4Hz.avi,zero,sin-zero-4Hz-choir18.wav,0,choir,2,3.49917721748352,1701796974.5658
14,4,12,Theta,1029-sin-4Hz.avi,zero,sin-zero-4Hz-choir21.wav,0,choir,1,1.27171301841736,1701796982.44133
14,4,13,Theta,1022-sin-4Hz.avi,oneeighty,sin-oneeighty-4Hz-orch20.wav,180,orch,4,1.05495500564575,1701796988.65809
14,4,14,Theta,1026-sin-4Hz.avi,zero,sin-zero-4Hz-dar20.wav,0,dar,4,0.364392995834351,1701796995.92469
14,4,15,Theta,1061-sin-4Hz.avi,oneeighty,sin-oneeighty-4Hz-acoustic7.wav,180,acoustic,4,0.653203010559082,1701797000.7078
14,4,16,Theta,1012-sin-4Hz.avi,zero,sin-zero-4Hz-orch23.wav,0,orch,4,0.841219902038574,1701797007.60785
