respMat_ 1,respMat_ 2,respMat_ 3,respMat_ 4,respMat_ 5,respMat_ 6,respMat_ 7,respMat_ 8,respMat_ 9,respMat_10,respMat_11,respMat_12
20,8,1,Theta,1052-sin-4Hz.avi,oneeighty,sin-oneeighty-4Hz-orch20.wav,180,orch,4,0.526648044586182,1702287132.72836
20,8,2,Theta,1061-sin-4Hz.avi,oneeighty,sin-oneeighty-4Hz-choir7.wav,180,choir,1,0.853228092193604,1702287138.96177
20,8,3,Theta,1033-sin-4Hz.avi,oneeighty,sin-oneeighty-4Hz-dar11.wav,180,dar,5,0.475876092910767,1702287145.78718
20,8,4,Theta,1018-sin-4Hz.avi,zero,sin-zero-4Hz-acoustic23.wav,0,acoustic,5,0.530658006668091,1702287150.82032
20,8,5,Theta,1006-sin-4Hz.avi,zero,sin-zero-4Hz-choir2.wav,0,choir,1,0.424710035324097,1702287157.26226
20,8,6,Theta,1029-sin-4Hz.avi,zero,sin-zero-4Hz-choir21.wav,0,choir,3,1.34546303749084,1702287162.8535
20,8,7,Theta,1037-sin-4Hz.avi,zero,sin-zero-4Hz-dar13.wav,0,dar,3,2.1064829826355,1702287170.02847
20,8,8,Theta,1048-sin-4Hz.avi,zero,sin-zero-4Hz-dar20.wav,0,dar,2,0.255740880966187,1702287177.49519
20,8,9,Theta,1013-sin-4Hz.avi,oneeighty,sin-oneeighty-4Hz-acoustic1.wav,180,acoustic,5,1.15109300613403,1702287182.69583
20,8,10,Theta,1016-sin-4Hz.avi,zero,sin-zero-4Hz-orch22.wav,0,orch,1,0.668029069900513,1702287188.5869
20,8,11,Theta,1034-sin-4Hz.avi,oneeighty,sin-oneeighty-4Hz-dar10.wav,180,dar,1,1.76944899559021,1702287194.84546
20,8,12,Theta,1066-sin-4Hz.avi,oneeighty,sin-oneeighty-4Hz-acoustic32.wav,180,acoustic,1,5.293133020401,1702287202.34577
20,8,13,Theta,1051-sin-4Hz.avi,zero,sin-zero-4Hz-orch4.wav,0,orch,5,1.23852205276489,1702287212.70437
20,8,14,Theta,1030-sin-4Hz.avi,oneeighty,sin-oneeighty-4Hz-orch15.wav,180,orch,2,0.958166837692261,1702287219.91274
20,8,15,Theta,1049-sin-4Hz.avi,oneeighty,sin-oneeighty-4Hz-choir23.wav,180,choir,1,1.3583128452301,1702287226.90457
20,8,16,Theta,1012-sin-4Hz.avi,zero,sin-zero-4Hz-acoustic34.wav,0,acoustic,4,1.38944792747498,1702287232.7294
