respMat_ 1,respMat_ 2,respMat_ 3,respMat_ 4,respMat_ 5,respMat_ 6,respMat_ 7,respMat_ 8,respMat_ 9,respMat_10,respMat_11,respMat_12
23,2,1,Theta,1027-sin-4Hz.avi,zero,sin-zero-4Hz-choir23.wav,0,choir,1,0.382152080535889,1702386857.22956
23,2,2,Theta,1017-sin-4Hz.avi,oneeighty,sin-oneeighty-4Hz-dar17.wav,180,dar,4,1.19080185890198,1702386862.0211
23,2,3,Theta,1022-sin-4Hz.avi,zero,sin-zero-4Hz-acoustic32.wav,0,acoustic,5,0.633081912994385,1702386869.15478
23,2,4,Theta,1034-sin-4Hz.avi,zero,sin-zero-4Hz-orch20.wav,0,orch,1,2.37950491905212,1702386875.10428
23,2,5,Theta,1003-sin-4Hz.avi,oneeighty,sin-oneeighty-4Hz-acoustic25.wav,180,acoustic,5,1.90568685531616,1702386882.93822
23,2,6,Theta,1013-sin-4Hz.avi,zero,sin-zero-4Hz-choir14.wav,0,choir,2,3.64820885658264,1702386890.37949
23,2,7,Theta,1002-sin-4Hz.avi,oneeighty,sin-oneeighty-4Hz-orch24.wav,180,orch,2,1.91947197914124,1702386899.78835
23,2,8,Theta,1049-sin-4Hz.avi,zero,sin-zero-4Hz-dar10.wav,0,dar,1,0.368840932846069,1702386907.14681
23,2,9,Theta,1043-sin-4Hz.avi,oneeighty,sin-oneeighty-4Hz-choir18.wav,180,choir,2,1.33314800262451,1702386912.24653
23,2,10,Theta,1025-sin-4Hz.avi,zero,sin-zero-4Hz-acoustic7.wav,0,acoustic,5,1.52507209777832,1702386918.03855
23,2,11,Theta,1044-sin-4Hz.avi,zero,sin-zero-4Hz-orch15.wav,0,orch,3,1.12364101409912,1702386925.48015
23,2,12,Theta,1006-sin-4Hz.avi,oneeighty,sin-oneeighty-4Hz-dar13.wav,180,dar,2,1.67859315872192,1702386932.79705
23,2,13,Theta,1061-sin-4Hz.avi,zero,sin-zero-4Hz-dar22.wav,0,dar,4,1.55125308036804,1702386938.78044
23,2,14,Theta,1051-sin-4Hz.avi,oneeighty,sin-oneeighty-4Hz-acoustic14.wav,180,acoustic,5,2.69558691978455,1702386945.17205
23,2,15,Theta,1012-sin-4Hz.avi,oneeighty,sin-oneeighty-4Hz-choir21.wav,180,choir,3,1.29184794425964,1702386953.07184
23,2,16,Theta,1015-sin-4Hz.avi,oneeighty,sin-oneeighty-4Hz-orch23.wav,180,orch,3,3.08549904823303,1702386959.02234
