respMat_ 1,respMat_ 2,respMat_ 3,respMat_ 4,respMat_ 5,respMat_ 6,respMat_ 7,respMat_ 8,respMat_ 9,respMat_10,respMat_11,respMat_12
7,1,1,Theta,1017-sin-4Hz.avi,oneeighty,sin-oneeighty-4Hz-dar20.wav,180,dar,2,2.78687310218811,1701436219.9195
7,1,2,Theta,1002-sin-4Hz.avi,oneeighty,sin-oneeighty-4Hz-choir6.wav,180,choir,3,1.57190585136414,1701436227.08646
7,1,3,Theta,1030-sin-4Hz.avi,zero,sin-zero-4Hz-acoustic11.wav,0,acoustic,5,2.28415083885193,1701436234.87019
7,1,4,Theta,1053-sin-4Hz.avi,zero,sin-zero-4Hz-choir15.wav,0,choir,3,0.854351043701172,1701436243.21196
7,1,5,Theta,1004-sin-4Hz.avi,zero,sin-zero-4Hz-dar2.wav,0,dar,4,0.983508110046387,1701436249.59488
7,1,6,Theta,1006-sin-4Hz.avi,oneeighty,sin-oneeighty-4Hz-acoustic23.wav,180,acoustic,3,2.12981605529785,1701436255.93648
7,1,7,Theta,1016-sin-4Hz.avi,oneeighty,sin-oneeighty-4Hz-choir2.wav,180,choir,2,1.00086712837219,1701436263.35344
7,1,8,Theta,1049-sin-4Hz.avi,zero,sin-zero-4Hz-orch3.wav,0,orch,4,0.930230855941772,1701436269.90406
7,1,9,Theta,1052-sin-4Hz.avi,zero,sin-zero-4Hz-orch5.wav,0,orch,4,1.30357217788696,1701436276.18671
7,1,10,Theta,1061-sin-4Hz.avi,zero,sin-zero-4Hz-choir7.wav,0,choir,2,1.13952708244324,1701436281.88678
7,1,11,Theta,1026-sin-4Hz.avi,oneeighty,sin-oneeighty-4Hz-orch22.wav,180,orch,5,1.08782696723938,1701436288.1785
7,1,12,Theta,1034-sin-4Hz.avi,zero,sin-zero-4Hz-dar11.wav,0,dar,3,2.38756585121155,1701436295.47074
7,1,13,Theta,1014-sin-4Hz.avi,oneeighty,sin-oneeighty-4Hz-orch4.wav,180,orch,2,0.38948392868042,1701436303.42079
7,1,14,Theta,1023-sin-4Hz.avi,zero,sin-zero-4Hz-acoustic32.wav,0,acoustic,3,1.68800497055054,1701436308.57045
7,1,15,Theta,1018-sin-4Hz.avi,oneeighty,sin-oneeighty-4Hz-dar17.wav,180,dar,5,2.75025987625122,1701436314.99604
7,1,16,Theta,1010-sin-4Hz.avi,oneeighty,sin-oneeighty-4Hz-acoustic34.wav,180,acoustic,3,0.617794990539551,1701436323.72073
