respMat_ 1,respMat_ 2,respMat_ 3,respMat_ 4,respMat_ 5,respMat_ 6,respMat_ 7,respMat_ 8,respMat_ 9,respMat_10,respMat_11,respMat_12
18,8,1,Theta,1024-sin-4Hz.avi,oneeighty,sin-oneeighty-4Hz-acoustic11.wav,180,acoustic,5,0.333378076553345,1702049617.73218
18,8,2,Theta,1006-sin-4Hz.avi,zero,sin-zero-4Hz-orch24.wav,0,orch,2,2.11667013168335,1702049624.15696
18,8,3,Theta,1044-sin-4Hz.avi,oneeighty,sin-oneeighty-4Hz-orch20.wav,180,orch,2,2.67517614364624,1702049630.99037
18,8,4,Theta,1015-sin-4Hz.avi,zero,sin-zero-4Hz-orch23.wav,0,orch,3,7.60835099220276,1702049639.46517
18,8,5,Theta,1051-sin-4Hz.avi,zero,sin-zero-4Hz-acoustic14.wav,0,acoustic,4,0.350996017456055,1702049653.29854
18,8,6,Theta,1014-sin-4Hz.avi,zero,sin-zero-4Hz-dar12.wav,0,dar,1,0.726935863494873,1702049658.68259
18,8,7,Theta,1025-sin-4Hz.avi,oneeighty,sin-oneeighty-4Hz-dar10.wav,180,dar,4,7.95704793930054,1702049665.13246
18,8,8,Theta,1066-sin-4Hz.avi,oneeighty,sin-oneeighty-4Hz-dar2.wav,180,dar,5,1.01425385475159,1702049678.90747
18,8,9,Theta,1016-sin-4Hz.avi,zero,sin-zero-4Hz-choir6.wav,0,choir,4,1.02005887031555,1702049684.5494
18,8,10,Theta,1004-sin-4Hz.avi,oneeighty,sin-oneeighty-4Hz-choir23.wav,180,choir,1,1.64506793022156,1702049690.9323
18,8,11,Theta,1023-sin-4Hz.avi,oneeighty,sin-oneeighty-4Hz-choir14.wav,180,choir,2,2.42645788192749,1702049698.39096
18,8,12,Theta,1026-sin-4Hz.avi,zero,sin-zero-4Hz-acoustic23.wav,0,acoustic,5,0.219095945358276,1702049706.77433
18,8,13,Theta,1002-sin-4Hz.avi,zero,sin-zero-4Hz-choir21.wav,0,choir,1,0.975046157836914,1702049712.06633
18,8,14,Theta,1027-sin-4Hz.avi,oneeighty,sin-oneeighty-4Hz-orch3.wav,180,orch,2,0.646821975708008,1702049718.47457
18,8,15,Theta,1010-sin-4Hz.avi,zero,sin-zero-4Hz-dar17.wav,0,dar,5,1.21917605400085,1702049724.36623
18,8,16,Theta,1049-sin-4Hz.avi,oneeighty,sin-oneeighty-4Hz-acoustic1.wav,180,acoustic,4,1.64255785942078,1702049731.17477
