respMat_ 1,respMat_ 2,respMat_ 3,respMat_ 4,respMat_ 5,respMat_ 6,respMat_ 7,respMat_ 8,respMat_ 9,respMat_10,respMat_11,respMat_12
13,6,1,Theta,1027-sin-4Hz.avi,zero,sin-zero-4Hz-choir7.wav,0,choir,3,1.99847197532654,1701793336.07913
13,6,2,Theta,1023-sin-4Hz.avi,zero,sin-zero-4Hz-orch5.wav,0,orch,3,1.77755093574524,1701793343.19608
13,6,3,Theta,1029-sin-4Hz.avi,oneeighty,sin-oneeighty-4Hz-choir18.wav,180,choir,2,1.00644493103027,1701793350.46319
13,6,4,Theta,1010-sin-4Hz.avi,oneeighty,sin-oneeighty-4Hz-dar20.wav,180,dar,4,2.41585612297058,1701793357.22986
13,6,5,Theta,1013-sin-4Hz.avi,zero,sin-zero-4Hz-acoustic11.wav,0,acoustic,4,0.800505876541138,1701793365.0212
13,6,6,Theta,1024-sin-4Hz.avi,zero,sin-zero-4Hz-acoustic32.wav,0,acoustic,4,0.740400075912476,1701793372.12124
13,6,7,Theta,1015-sin-4Hz.avi,oneeighty,sin-oneeighty-4Hz-orch23.wav,180,orch,3,1.93968510627747,1701793378.93802
13,6,8,Theta,1049-sin-4Hz.avi,zero,sin-zero-4Hz-orch3.wav,0,orch,4,0.726416110992432,1701793386.26332
13,6,9,Theta,1012-sin-4Hz.avi,oneeighty,sin-oneeighty-4Hz-acoustic25.wav,180,acoustic,5,0.450752019882202,1701793391.54694
13,6,10,Theta,1061-sin-4Hz.avi,zero,sin-zero-4Hz-dar11.wav,0,dar,4,1.16632294654846,1701793398.25539
13,6,11,Theta,1051-sin-4Hz.avi,oneeighty,sin-oneeighty-4Hz-acoustic23.wav,180,acoustic,1,0.421993017196655,1701793405.06375
13,6,12,Theta,1025-sin-4Hz.avi,zero,sin-zero-4Hz-choir14.wav,0,choir,3,1.06309008598328,1701793410.64665
13,6,13,Theta,1053-sin-4Hz.avi,zero,sin-zero-4Hz-dar22.wav,0,dar,5,0.419162034988403,1701793416.73058
13,6,14,Theta,1026-sin-4Hz.avi,oneeighty,sin-oneeighty-4Hz-orch22.wav,180,orch,2,1.28280711174011,1701793422.13894
13,6,15,Theta,1037-sin-4Hz.avi,oneeighty,sin-oneeighty-4Hz-dar12.wav,180,dar,4,0.772624015808105,1701793429.2891
13,6,16,Theta,1018-sin-4Hz.avi,oneeighty,sin-oneeighty-4Hz-choir21.wav,180,choir,4,1.61565017700195,1701793434.62207
