respMat_ 1,respMat_ 2,respMat_ 3,respMat_ 4,respMat_ 5,respMat_ 6,respMat_ 7,respMat_ 8,respMat_ 9,respMat_10,respMat_11,respMat_12
1,5,1,Theta,1024-sin-4Hz.avi,zero,sin-zero-4Hz-acoustic1.wav,0,acoustic,3,3.01763010025024,1701347047.86459
1,5,2,Theta,1015-sin-4Hz.avi,oneeighty,sin-oneeighty-4Hz-dar20.wav,180,dar,1,2.95271301269531,1701347056.08947
1,5,3,Theta,1012-sin-4Hz.avi,oneeighty,sin-oneeighty-4Hz-acoustic25.wav,180,acoustic,5,0.708924055099487,1701347064.57333
1,5,4,Theta,1030-sin-4Hz.avi,zero,sin-zero-4Hz-choir15.wav,0,choir,2,1.30884289741516,1701347071.57324
1,5,5,Theta,1044-sin-4Hz.avi,zero,sin-zero-4Hz-acoustic7.wav,0,acoustic,2,2.9565110206604,1701347077.18951
1,5,6,Theta,1017-sin-4Hz.avi,oneeighty,sin-oneeighty-4Hz-acoustic23.wav,180,acoustic,3,0.743094921112061,1701347085.11489
1,5,7,Theta,1053-sin-4Hz.avi,zero,sin-zero-4Hz-choir14.wav,0,choir,2,1.01233720779419,1701347090.38166
1,5,8,Theta,1023-sin-4Hz.avi,zero,sin-zero-4Hz-dar11.wav,0,dar,4,1.05873894691467,1701347097.42321
1,5,9,Theta,1049-sin-4Hz.avi,zero,sin-zero-4Hz-dar10.wav,0,dar,3,3.26694107055664,1701347102.81493
1,5,10,Theta,1002-sin-4Hz.avi,oneeighty,sin-oneeighty-4Hz-choir2.wav,180,choir,3,0.994313955307007,1701347111.82356
1,5,11,Theta,1003-sin-4Hz.avi,oneeighty,sin-oneeighty-4Hz-orch24.wav,180,orch,3,1.72690987586975,1701347118.70689
1,5,12,Theta,1066-sin-4Hz.avi,zero,sin-zero-4Hz-orch15.wav,0,orch,3,1.29804706573486,1701347124.83175
1,5,13,Theta,1029-sin-4Hz.avi,oneeighty,sin-oneeighty-4Hz-dar13.wav,180,dar,5,0.543609142303467,1701347131.09016
1,5,14,Theta,1027-sin-4Hz.avi,zero,sin-zero-4Hz-orch5.wav,0,orch,2,0.642360925674438,1701347137.21535
1,5,15,Theta,1026-sin-4Hz.avi,oneeighty,sin-oneeighty-4Hz-choir6.wav,180,choir,3,2.26698303222656,1701347143.79868
1,5,16,Theta,1043-sin-4Hz.avi,oneeighty,sin-oneeighty-4Hz-orch23.wav,180,orch,3,3.73315382003784,1701347151.94846
