respMat_ 1,respMat_ 2,respMat_ 3,respMat_ 4,respMat_ 5,respMat_ 6,respMat_ 7,respMat_ 8,respMat_ 9,respMat_10,respMat_11,respMat_12
17,1,1,Theta,1016-sin-4Hz.avi,oneeighty,sin-oneeighty-4Hz-dar12.wav,180,dar,1,2.51063394546509,1702475022.47848
17,1,2,Theta,1052-sin-4Hz.avi,zero,sin-zero-4Hz-orch20.wav,0,orch,4,0.910030841827393,1702475030.09507
17,1,3,Theta,1006-sin-4Hz.avi,oneeighty,sin-oneeighty-4Hz-dar20.wav,180,dar,3,2.3588011264801,1702475035.47828
17,1,4,Theta,1034-sin-4Hz.avi,zero,sin-zero-4Hz-choir23.wav,0,choir,5,1.61807799339294,1702475043.59505
17,1,5,Theta,1048-sin-4Hz.avi,oneeighty,sin-oneeighty-4Hz-acoustic25.wav,180,acoustic,5,0.633128881454468,1702475049.60392
17,1,6,Theta,1023-sin-4Hz.avi,zero,sin-zero-4Hz-dar11.wav,0,dar,3,2.02335095405579,1702475056.26166
17,1,7,Theta,1033-sin-4Hz.avi,zero,sin-zero-4Hz-choir15.wav,0,choir,5,1.03884100914001,1702475064.46218
17,1,8,Theta,1015-sin-4Hz.avi,oneeighty,sin-oneeighty-4Hz-acoustic14.wav,180,acoustic,2,1.5132110118866,1702475071.60396
17,1,9,Theta,1029-sin-4Hz.avi,oneeighty,sin-oneeighty-4Hz-orch4.wav,180,orch,1,1.40955805778503,1702475078.79551
17,1,10,Theta,1061-sin-4Hz.avi,zero,sin-zero-4Hz-dar10.wav,0,dar,1,1.56421995162964,1702475084.72082
17,1,11,Theta,1030-sin-4Hz.avi,zero,sin-zero-4Hz-acoustic32.wav,0,acoustic,3,4.38742399215698,1702475092.53768
17,1,12,Theta,1066-sin-4Hz.avi,zero,sin-zero-4Hz-orch15.wav,0,orch,3,2.84020018577576,1702475103.22095
17,1,13,Theta,1010-sin-4Hz.avi,oneeighty,sin-oneeighty-4Hz-choir2.wav,180,choir,1,0.364057064056396,1702475111.12109
17,1,14,Theta,1051-sin-4Hz.avi,oneeighty,sin-oneeighty-4Hz-orch24.wav,180,orch,3,1.03879618644714,1702475115.87055
17,1,15,Theta,1012-sin-4Hz.avi,oneeighty,sin-oneeighty-4Hz-choir18.wav,180,choir,4,0.665904998779297,1702475122.97927
17,1,16,Theta,1004-sin-4Hz.avi,zero,sin-zero-4Hz-acoustic1.wav,0,acoustic,3,2.94258809089661,1702475128.86276
