respMat_ 1,respMat_ 2,respMat_ 3,respMat_ 4,respMat_ 5,respMat_ 6,respMat_ 7,respMat_ 8,respMat_ 9,respMat_10,respMat_11,respMat_12
13,5,1,Theta,1043-sin-4Hz.avi,oneeighty,sin-oneeighty-4Hz-acoustic34.wav,180,acoustic,5,0.366178035736084,1702311933.5683
13,5,2,Theta,1022-sin-4Hz.avi,zero,sin-zero-4Hz-dar2.wav,0,dar,3,1.72280597686768,1702311939.65181
13,5,3,Theta,1052-sin-4Hz.avi,zero,sin-zero-4Hz-acoustic1.wav,0,acoustic,5,0.209900140762329,1702311947.46878
13,5,4,Theta,1004-sin-4Hz.avi,zero,sin-zero-4Hz-choir23.wav,0,choir,2,0.394443035125732,1702311953.4603
13,5,5,Theta,1002-sin-4Hz.avi,oneeighty,sin-oneeighty-4Hz-acoustic14.wav,180,acoustic,5,0.353065967559814,1702311959.88573
13,5,6,Theta,1006-sin-4Hz.avi,oneeighty,sin-oneeighty-4Hz-choir6.wav,180,choir,4,0.796072959899902,1702311965.2189
13,5,7,Theta,1044-sin-4Hz.avi,zero,sin-zero-4Hz-choir15.wav,0,choir,5,0.433534860610962,1702311970.47747
13,5,8,Theta,1048-sin-4Hz.avi,oneeighty,sin-oneeighty-4Hz-orch24.wav,180,orch,4,0.328613996505737,1702311976.69459
13,5,9,Theta,1066-sin-4Hz.avi,zero,sin-zero-4Hz-acoustic7.wav,0,acoustic,5,0.307409048080444,1702311983.01971
13,5,10,Theta,1017-sin-4Hz.avi,oneeighty,sin-oneeighty-4Hz-orch4.wav,180,orch,2,0.844738960266113,1702311989.18653
13,5,11,Theta,1003-sin-4Hz.avi,oneeighty,sin-oneeighty-4Hz-dar13.wav,180,dar,5,0.287646055221558,1702311994.9277
13,5,12,Theta,1034-sin-4Hz.avi,zero,sin-zero-4Hz-orch20.wav,0,orch,5,0.0163960456848145,1702312000.89493
13,5,13,Theta,1016-sin-4Hz.avi,oneeighty,sin-oneeighty-4Hz-dar17.wav,180,dar,5,0.310106992721558,1702312006.3614
13,5,14,Theta,1014-sin-4Hz.avi,oneeighty,sin-oneeighty-4Hz-choir2.wav,180,choir,5,0.378849029541016,1702312012.03668
13,5,15,Theta,1030-sin-4Hz.avi,zero,sin-zero-4Hz-dar10.wav,0,dar,1,2.34555697441101,1702312017.86209
13,5,16,Theta,1033-sin-4Hz.avi,zero,sin-zero-4Hz-orch15.wav,0,orch,5,1.15409708023071,1702312025.4536
