respMat_ 1,respMat_ 2,respMat_ 3,respMat_ 4,respMat_ 5,respMat_ 6,respMat_ 7,respMat_ 8,respMat_ 9,respMat_10,respMat_11,respMat_12
3,4,1,Theta,1014-sin-4Hz.avi,oneeighty,sin-oneeighty-4Hz-orch24.wav,180,orch,4,0.244839906692505,1701693924.45247
3,4,2,Theta,1022-sin-4Hz.avi,zero,sin-zero-4Hz-orch5.wav,0,orch,3,0.243436098098755,1701693930.29389
3,4,3,Theta,1006-sin-4Hz.avi,oneeighty,sin-oneeighty-4Hz-choir2.wav,180,choir,2,0.325100183486938,1701693936.6443
3,4,4,Theta,1027-sin-4Hz.avi,zero,sin-zero-4Hz-acoustic7.wav,0,acoustic,4,0.332901954650879,1701693942.04429
3,4,5,Theta,1061-sin-4Hz.avi,zero,sin-zero-4Hz-orch20.wav,0,orch,3,0.253731966018677,1701693946.82755
3,4,6,Theta,1012-sin-4Hz.avi,oneeighty,sin-oneeighty-4Hz-acoustic14.wav,180,acoustic,5,2.53478193283081,1701693951.79451
3,4,7,Theta,1026-sin-4Hz.avi,oneeighty,sin-oneeighty-4Hz-dar13.wav,180,dar,3,6.48107004165649,1701693960.53619
3,4,8,Theta,1044-sin-4Hz.avi,zero,sin-zero-4Hz-dar22.wav,0,dar,3,0.944875001907349,1701693972.13636
3,4,9,Theta,1029-sin-4Hz.avi,oneeighty,sin-oneeighty-4Hz-orch4.wav,180,orch,4,0.258486986160278,1701693979.09482
3,4,10,Theta,1034-sin-4Hz.avi,zero,sin-zero-4Hz-choir15.wav,0,choir,5,0.258762121200562,1701693984.48647
3,4,11,Theta,1023-sin-4Hz.avi,zero,sin-zero-4Hz-choir14.wav,0,choir,1,0.412248134613037,1701693990.65299
3,4,12,Theta,1052-sin-4Hz.avi,zero,sin-zero-4Hz-acoustic11.wav,0,acoustic,4,0.313369989395142,1701693996.7197
3,4,13,Theta,1051-sin-4Hz.avi,oneeighty,sin-oneeighty-4Hz-choir18.wav,180,choir,1,0.369490146636963,1701694002.11974
3,4,14,Theta,1002-sin-4Hz.avi,oneeighty,sin-oneeighty-4Hz-acoustic25.wav,180,acoustic,5,0.504158973693848,1701694008.14498
3,4,15,Theta,1043-sin-4Hz.avi,oneeighty,sin-oneeighty-4Hz-dar20.wav,180,dar,4,0.535358905792236,1701694013.37787
3,4,16,Theta,1025-sin-4Hz.avi,zero,sin-zero-4Hz-dar2.wav,0,dar,3,1.62938785552979,1701694019.21182
