respMat_ 1,respMat_ 2,respMat_ 3,respMat_ 4,respMat_ 5,respMat_ 6,respMat_ 7,respMat_ 8,respMat_ 9,respMat_10,respMat_11,respMat_12
11,8,1,Theta,1023-sin-4Hz.avi,zero,sin-zero-4Hz-acoustic32.wav,0,acoustic,3,3.26648092269897,1702290271.06239
11,8,2,Theta,1017-sin-4Hz.avi,oneeighty,sin-oneeighty-4Hz-orch22.wav,180,orch,3,2.17481112480164,1702290280.34608
11,8,3,Theta,1002-sin-4Hz.avi,oneeighty,sin-oneeighty-4Hz-acoustic14.wav,180,acoustic,5,0.362580060958862,1702290288.44632
11,8,4,Theta,1061-sin-4Hz.avi,zero,sin-zero-4Hz-dar22.wav,0,dar,4,0.303576946258545,1702290294.72934
11,8,5,Theta,1043-sin-4Hz.avi,oneeighty,sin-oneeighty-4Hz-dar13.wav,180,dar,3,2.31402182579041,1702290300.86292
11,8,6,Theta,1012-sin-4Hz.avi,oneeighty,sin-oneeighty-4Hz-choir2.wav,180,choir,2,0.445147037506104,1702290308.77976
11,8,7,Theta,1044-sin-4Hz.avi,zero,sin-zero-4Hz-orch3.wav,0,orch,3,1.6222870349884,1702290314.75462
11,8,8,Theta,1034-sin-4Hz.avi,zero,sin-zero-4Hz-choir15.wav,0,choir,4,1.50009202957153,1702290321.40481
11,8,9,Theta,1027-sin-4Hz.avi,zero,sin-zero-4Hz-acoustic11.wav,0,acoustic,5,0.34517502784729,1702290327.47173
11,8,10,Theta,1029-sin-4Hz.avi,oneeighty,sin-oneeighty-4Hz-orch23.wav,180,orch,1,0.468540906906128,1702290333.98838
11,8,11,Theta,1066-sin-4Hz.avi,zero,sin-zero-4Hz-dar11.wav,0,dar,2,0.438768863677979,1702290339.73015
11,8,12,Theta,1052-sin-4Hz.avi,zero,sin-zero-4Hz-choir7.wav,0,choir,2,2.5460991859436,1702290344.64685
11,8,13,Theta,1026-sin-4Hz.avi,oneeighty,sin-oneeighty-4Hz-dar20.wav,180,dar,4,0.827497959136963,1702290352.01344
11,8,14,Theta,1048-sin-4Hz.avi,oneeighty,sin-oneeighty-4Hz-choir21.wav,180,choir,2,0.93364691734314,1702290358.35532
11,8,15,Theta,1016-sin-4Hz.avi,oneeighty,sin-oneeighty-4Hz-acoustic25.wav,180,acoustic,4,0.286495923995972,1702290365.33848
11,8,16,Theta,1013-sin-4Hz.avi,zero,sin-zero-4Hz-orch20.wav,0,orch,2,0.378744840621948,1702290370.22222
