respMat_ 1,respMat_ 2,respMat_ 3,respMat_ 4,respMat_ 5,respMat_ 6,respMat_ 7,respMat_ 8,respMat_ 9,respMat_10,respMat_11,respMat_12
7,2,1,Theta,1003-sin-4Hz.avi,oneeighty,sin-oneeighty-4Hz-choir21.wav,180,choir,2,0.0603229999542236,1701942208.78978
7,2,2,Theta,1066-sin-4Hz.avi,zero,sin-zero-4Hz-dar22.wav,0,dar,1,0.000120878219604492,1701942213.28136
7,2,3,Theta,1025-sin-4Hz.avi,zero,sin-zero-4Hz-choir14.wav,0,choir,2,2.16941094398499,1701942217.6567
7,2,4,Theta,1029-sin-4Hz.avi,oneeighty,sin-oneeighty-4Hz-dar12.wav,180,dar,2,1.38550996780396,1701942225.4486
7,2,5,Theta,1013-sin-4Hz.avi,zero,sin-zero-4Hz-acoustic1.wav,0,acoustic,4,5.01502084732056,1701942231.70708
7,2,6,Theta,1048-sin-4Hz.avi,oneeighty,sin-oneeighty-4Hz-orch24.wav,180,orch,1,0.352510929107666,1701942241.66569
7,2,7,Theta,1027-sin-4Hz.avi,zero,sin-zero-4Hz-orch20.wav,0,orch,2,0.780680894851685,1701942247.57342
7,2,8,Theta,1022-sin-4Hz.avi,zero,sin-zero-4Hz-acoustic7.wav,0,acoustic,5,4.07845902442932,1701942252.7238
7,2,9,Theta,1033-sin-4Hz.avi,zero,sin-zero-4Hz-choir23.wav,0,choir,3,8.14926600456238,1701942261.34085
7,2,10,Theta,1044-sin-4Hz.avi,zero,sin-zero-4Hz-orch15.wav,0,orch,4,1.01955890655518,1701942275.38256
7,2,11,Theta,1043-sin-4Hz.avi,oneeighty,sin-oneeighty-4Hz-acoustic14.wav,180,acoustic,5,1.02547192573547,1701942281.84066
7,2,12,Theta,1051-sin-4Hz.avi,oneeighty,sin-oneeighty-4Hz-dar13.wav,180,dar,3,1.24221897125244,1701942288.42401
7,2,13,Theta,1037-sin-4Hz.avi,oneeighty,sin-oneeighty-4Hz-orch23.wav,180,orch,3,1.5291588306427,1701942295.64094
7,2,14,Theta,1024-sin-4Hz.avi,zero,sin-zero-4Hz-dar10.wav,0,dar,3,0.466622829437256,1701942302.39946
7,2,15,Theta,1012-sin-4Hz.avi,oneeighty,sin-oneeighty-4Hz-choir18.wav,180,choir,4,0.820369958877563,1701942307.56588
7,2,16,Theta,1015-sin-4Hz.avi,oneeighty,sin-oneeighty-4Hz-acoustic25.wav,180,acoustic,5,0.019230842590332,1701942313.18291
