respMat_ 1,respMat_ 2,respMat_ 3,respMat_ 4,respMat_ 5,respMat_ 6,respMat_ 7,respMat_ 8,respMat_ 9,respMat_10,respMat_11,respMat_12
16,3,1,Theta,1044-sin-4Hz.avi,oneeighty,sin-oneeighty-4Hz-acoustic7.wav,180,acoustic,5,0.50745701789856,1702473918.03208
16,3,2,Theta,1015-sin-4Hz.avi,zero,sin-zero-4Hz-acoustic14.wav,0,acoustic,5,0.423303127288818,1702473924.13223
16,3,3,Theta,1049-sin-4Hz.avi,oneeighty,sin-oneeighty-4Hz-dar10.wav,180,dar,2,0.289407014846802,1702473930.07422
16,3,4,Theta,1026-sin-4Hz.avi,zero,sin-zero-4Hz-orch24.wav,0,orch,4,0.99717116355896,1702473936.58237
16,3,5,Theta,1029-sin-4Hz.avi,zero,sin-zero-4Hz-dar17.wav,0,dar,2,0.748098134994507,1702473943.19951
16,3,6,Theta,1037-sin-4Hz.avi,zero,sin-zero-4Hz-choir2.wav,0,choir,2,0.41886305809021,1702473950.23272
16,3,7,Theta,1014-sin-4Hz.avi,zero,sin-zero-4Hz-orch22.wav,0,orch,3,1.04217791557312,1702473956.2496
16,3,8,Theta,1048-sin-4Hz.avi,zero,sin-zero-4Hz-acoustic23.wav,0,acoustic,4,0.230039119720459,1702473962.75754
16,3,9,Theta,1012-sin-4Hz.avi,zero,sin-zero-4Hz-choir18.wav,0,choir,1,0.5575270652771,1702473967.96608
16,3,10,Theta,1004-sin-4Hz.avi,oneeighty,sin-oneeighty-4Hz-choir15.wav,180,choir,3,0.461225986480713,1702473973.18244
16,3,11,Theta,1030-sin-4Hz.avi,oneeighty,sin-oneeighty-4Hz-orch15.wav,180,orch,3,1.00528287887573,1702473978.97438
16,3,12,Theta,1006-sin-4Hz.avi,zero,sin-zero-4Hz-dar13.wav,0,dar,1,0.239686012268066,1702473984.50792
16,3,13,Theta,1023-sin-4Hz.avi,oneeighty,sin-oneeighty-4Hz-orch20.wav,180,orch,5,0.329668045043945,1702473991.05797
16,3,14,Theta,1053-sin-4Hz.avi,oneeighty,sin-oneeighty-4Hz-choir7.wav,180,choir,1,0.413321018218994,1702473997.16634
16,3,15,Theta,1022-sin-4Hz.avi,oneeighty,sin-oneeighty-4Hz-acoustic32.wav,180,acoustic,4,0.368016004562378,1702474003.29168
16,3,16,Theta,1052-sin-4Hz.avi,oneeighty,sin-oneeighty-4Hz-dar11.wav,180,dar,4,0.45612096786499,1702474009.6995
