respMat_ 1,respMat_ 2,respMat_ 3,respMat_ 4,respMat_ 5,respMat_ 6,respMat_ 7,respMat_ 8,respMat_ 9,respMat_10,respMat_11,respMat_12
16,7,1,Theta,1004-sin-4Hz.avi,oneeighty,sin-oneeighty-4Hz-choir15.wav,180,choir,2,0.549400091171265,1702474351.47866
16,7,2,Theta,1030-sin-4Hz.avi,oneeighty,sin-oneeighty-4Hz-orch15.wav,180,orch,1,0.303538084030151,1702474357.62854
16,7,3,Theta,1012-sin-4Hz.avi,zero,sin-zero-4Hz-choir18.wav,0,choir,1,0.422376871109009,1702474363.04569
16,7,4,Theta,1053-sin-4Hz.avi,oneeighty,sin-oneeighty-4Hz-choir7.wav,180,choir,1,0.378932952880859,1702474369.32918
16,7,5,Theta,1029-sin-4Hz.avi,zero,sin-zero-4Hz-dar17.wav,0,dar,1,0.316173076629639,1702474374.4959
16,7,6,Theta,1014-sin-4Hz.avi,zero,sin-zero-4Hz-orch22.wav,0,orch,4,0.308990001678467,1702474379.28709
16,7,7,Theta,1044-sin-4Hz.avi,oneeighty,sin-oneeighty-4Hz-acoustic7.wav,180,acoustic,5,0.52805495262146,1702474385.59606
16,7,8,Theta,1023-sin-4Hz.avi,oneeighty,sin-oneeighty-4Hz-orch20.wav,180,orch,5,0.296746015548706,1702474391.77938
16,7,9,Theta,1006-sin-4Hz.avi,zero,sin-zero-4Hz-dar13.wav,0,dar,1,0.270400047302246,1702474397.03774
16,7,10,Theta,1015-sin-4Hz.avi,zero,sin-zero-4Hz-acoustic14.wav,0,acoustic,4,0.38804817199707,1702474402.6961
16,7,11,Theta,1049-sin-4Hz.avi,oneeighty,sin-oneeighty-4Hz-dar10.wav,180,dar,1,0.302390098571777,1702474408.2377
16,7,12,Theta,1037-sin-4Hz.avi,zero,sin-zero-4Hz-choir2.wav,0,choir,2,1.1290500164032,1702474412.97908
16,7,13,Theta,1022-sin-4Hz.avi,oneeighty,sin-oneeighty-4Hz-acoustic32.wav,180,acoustic,4,0.508074998855591,1702474419.48807
16,7,14,Theta,1026-sin-4Hz.avi,zero,sin-zero-4Hz-orch24.wav,0,orch,3,0.419996976852417,1702474425.09614
16,7,15,Theta,1052-sin-4Hz.avi,oneeighty,sin-oneeighty-4Hz-dar11.wav,180,dar,4,0.358894109725952,1702474431.42923
16,7,16,Theta,1048-sin-4Hz.avi,zero,sin-zero-4Hz-acoustic23.wav,0,acoustic,4,0.260175943374634,1702474436.88798
