respMat_ 1,respMat_ 2,respMat_ 3,respMat_ 4,respMat_ 5,respMat_ 6,respMat_ 7,respMat_ 8,respMat_ 9,respMat_10,respMat_11,respMat_12
22,4,1,Theta,1024-sin-4Hz.avi,oneeighty,sin-oneeighty-4Hz-dar22.wav,180,dar,3,0.625767946243286,1705328529.37981
22,4,2,Theta,1048-sin-4Hz.avi,zero,sin-zero-4Hz-orch23.wav,0,orch,2,1.08215403556824,1705328534.57153
22,4,3,Theta,1017-sin-4Hz.avi,zero,sin-zero-4Hz-choir18.wav,0,choir,3,1.17619299888611,1705328541.6134
22,4,4,Theta,1023-sin-4Hz.avi,oneeighty,sin-oneeighty-4Hz-acoustic11.wav,180,acoustic,3,5.1446259021759,1705328547.40495
22,4,5,Theta,1027-sin-4Hz.avi,oneeighty,sin-oneeighty-4Hz-acoustic32.wav,180,acoustic,3,1.03349590301514,1705328557.58005
22,4,6,Theta,1016-sin-4Hz.avi,zero,sin-zero-4Hz-orch4.wav,0,orch,3,2.1653790473938,1705328564.48012
22,4,7,Theta,1037-sin-4Hz.avi,zero,sin-zero-4Hz-acoustic23.wav,0,acoustic,4,0.574082136154175,1705328571.4635
22,4,8,Theta,1015-sin-4Hz.avi,zero,sin-zero-4Hz-choir6.wav,0,choir,3,0.617483854293823,1705328577.77206
22,4,9,Theta,1014-sin-4Hz.avi,zero,sin-zero-4Hz-dar12.wav,0,dar,1,0.391170978546143,1705328583.63039
22,4,10,Theta,1066-sin-4Hz.avi,oneeighty,sin-oneeighty-4Hz-dar2.wav,180,dar,1,0.729872941970825,1705328589.96364
22,4,11,Theta,1010-sin-4Hz.avi,zero,sin-zero-4Hz-dar20.wav,0,dar,2,0.466353178024292,1705328595.34715
22,4,12,Theta,1061-sin-4Hz.avi,oneeighty,sin-oneeighty-4Hz-orch3.wav,180,orch,2,1.47374200820923,1705328601.76374
22,4,13,Theta,1013-sin-4Hz.avi,oneeighty,sin-oneeighty-4Hz-choir14.wav,180,choir,3,0.846421957015991,1705328609.04714
22,4,14,Theta,1044-sin-4Hz.avi,oneeighty,sin-oneeighty-4Hz-choir23.wav,180,choir,3,0.402750015258789,1705328614.7388
22,4,15,Theta,1006-sin-4Hz.avi,zero,sin-zero-4Hz-acoustic14.wav,0,acoustic,3,2.40555000305176,1705328621.2639
22,4,16,Theta,1049-sin-4Hz.avi,oneeighty,sin-oneeighty-4Hz-orch15.wav,180,orch,3,1.95874905586243,1705328628.43062
