respMat_ 1,respMat_ 2,respMat_ 3,respMat_ 4,respMat_ 5,respMat_ 6,respMat_ 7,respMat_ 8,respMat_ 9,respMat_10,respMat_11,respMat_12
14,6,1,Theta,1066-sin-4Hz.avi,oneeighty,sin-oneeighty-4Hz-dar10.wav,180,dar,1,1.15677404403687,1702391072.09434
14,6,2,Theta,1034-sin-4Hz.avi,oneeighty,sin-oneeighty-4Hz-dar11.wav,180,dar,2,2.39243698120117,1702391077.80269
14,6,3,Theta,1010-sin-4Hz.avi,zero,sin-zero-4Hz-orch22.wav,0,orch,2,3.70598411560059,1702391085.35313
14,6,4,Theta,1017-sin-4Hz.avi,zero,sin-zero-4Hz-choir6.wav,0,choir,4,3.02184700965881,1702391093.65329
14,6,5,Theta,1037-sin-4Hz.avi,zero,sin-zero-4Hz-dar12.wav,0,dar,2,4.54033303260803,1702391101.68678
14,6,6,Theta,1044-sin-4Hz.avi,oneeighty,sin-oneeighty-4Hz-choir15.wav,180,choir,2,0.39643406867981,1702391112.08665
14,6,7,Theta,1016-sin-4Hz.avi,zero,sin-zero-4Hz-dar17.wav,0,dar,3,2.08818316459656,1702391116.98694
14,6,8,Theta,1023-sin-4Hz.avi,oneeighty,sin-oneeighty-4Hz-orch3.wav,180,orch,1,0.441384077072144,1702391124.36174
14,6,9,Theta,1027-sin-4Hz.avi,oneeighty,sin-oneeighty-4Hz-acoustic1.wav,180,acoustic,2,0.627401828765869,1702391130.70373
14,6,10,Theta,1051-sin-4Hz.avi,zero,sin-zero-4Hz-orch4.wav,0,orch,4,1.79987907409668,1702391137.59525
14,6,11,Theta,1052-sin-4Hz.avi,oneeighty,sin-oneeighty-4Hz-orch5.wav,180,orch,3,5.11353802680969,1702391144.55363
14,6,12,Theta,1033-sin-4Hz.avi,oneeighty,sin-oneeighty-4Hz-choir23.wav,180,choir,1,0.805188179016113,1702391155.05396
14,6,13,Theta,1003-sin-4Hz.avi,zero,sin-zero-4Hz-choir2.wav,0,choir,3,1.87500905990601,1702391162.11214
14,6,14,Theta,1013-sin-4Hz.avi,oneeighty,sin-oneeighty-4Hz-acoustic32.wav,180,acoustic,5,1.67669105529785,1702391169.86246
14,6,15,Theta,1002-sin-4Hz.avi,zero,sin-zero-4Hz-acoustic34.wav,0,acoustic,2,6.1414167881012,1702391177.44573
14,6,16,Theta,1043-sin-4Hz.avi,zero,sin-zero-4Hz-acoustic23.wav,0,acoustic,4,2.87559199333191,1702391187.8956
