respMat_ 1,respMat_ 2,respMat_ 3,respMat_ 4,respMat_ 5,respMat_ 6,respMat_ 7,respMat_ 8,respMat_ 9,respMat_10,respMat_11,respMat_12
13,8,1,Theta,1049-sin-4Hz.avi,zero,sin-zero-4Hz-orch3.wav,0,orch,3,0.853377103805542,1702312237.91663
13,8,2,Theta,1012-sin-4Hz.avi,oneeighty,sin-oneeighty-4Hz-acoustic25.wav,180,acoustic,5,0.342183113098145,1702312243.29187
13,8,3,Theta,1037-sin-4Hz.avi,oneeighty,sin-oneeighty-4Hz-dar12.wav,180,dar,5,0.323002099990845,1702312248.57508
13,8,4,Theta,1010-sin-4Hz.avi,oneeighty,sin-oneeighty-4Hz-dar20.wav,180,dar,5,0.375059843063354,1702312253.46706
13,8,5,Theta,1015-sin-4Hz.avi,oneeighty,sin-oneeighty-4Hz-orch23.wav,180,orch,5,0.349820137023926,1702312258.90034
13,8,6,Theta,1013-sin-4Hz.avi,zero,sin-zero-4Hz-acoustic11.wav,0,acoustic,5,0.397270917892456,1702312264.51693
13,8,7,Theta,1026-sin-4Hz.avi,oneeighty,sin-oneeighty-4Hz-orch22.wav,180,orch,5,0.458773851394653,1702312269.97551
13,8,8,Theta,1053-sin-4Hz.avi,zero,sin-zero-4Hz-dar22.wav,0,dar,5,0.31824803352356,1702312276.29202
13,8,9,Theta,1029-sin-4Hz.avi,oneeighty,sin-oneeighty-4Hz-choir18.wav,180,choir,1,0.309862852096558,1702312282.89252
13,8,10,Theta,1025-sin-4Hz.avi,zero,sin-zero-4Hz-choir14.wav,0,choir,1,0.548526048660278,1702312287.72591
13,8,11,Theta,1061-sin-4Hz.avi,zero,sin-zero-4Hz-dar11.wav,0,dar,5,0.269871950149536,1702312292.6926
13,8,12,Theta,1023-sin-4Hz.avi,zero,sin-zero-4Hz-orch5.wav,0,orch,1,0.468803882598877,1702312297.91772
13,8,13,Theta,1027-sin-4Hz.avi,zero,sin-zero-4Hz-choir7.wav,0,choir,1,0.321091175079346,1702312302.80147
13,8,14,Theta,1018-sin-4Hz.avi,oneeighty,sin-oneeighty-4Hz-choir21.wav,180,choir,5,0.380347013473511,1702312308.72627
13,8,15,Theta,1024-sin-4Hz.avi,zero,sin-zero-4Hz-acoustic32.wav,0,acoustic,5,0.321203947067261,1702312314.60943
13,8,16,Theta,1051-sin-4Hz.avi,oneeighty,sin-oneeighty-4Hz-acoustic23.wav,180,acoustic,1,8.79764556884766e-05,1702312319.92638
