respMat_ 1,respMat_ 2,respMat_ 3,respMat_ 4,respMat_ 5,respMat_ 6,respMat_ 7,respMat_ 8,respMat_ 9,respMat_10,respMat_11,respMat_12
23,6,1,Theta,1034-sin-4Hz.avi,zero,sin-zero-4Hz-orch20.wav,0,orch,3,7.29560852050781e-05,1705330390.68641
23,6,2,Theta,1027-sin-4Hz.avi,zero,sin-zero-4Hz-choir23.wav,0,choir,4,0.312816858291626,1705330396.74465
23,6,3,Theta,1051-sin-4Hz.avi,oneeighty,sin-oneeighty-4Hz-acoustic14.wav,180,acoustic,4,0.299001932144165,1705330401.68641
23,6,4,Theta,1061-sin-4Hz.avi,zero,sin-zero-4Hz-dar22.wav,0,dar,5,0.24541711807251,1705330407.02
23,6,5,Theta,1006-sin-4Hz.avi,oneeighty,sin-oneeighty-4Hz-dar13.wav,180,dar,2,0.286105155944824,1705330411.60332
23,6,6,Theta,1002-sin-4Hz.avi,oneeighty,sin-oneeighty-4Hz-orch24.wav,180,orch,3,0.369782209396362,1705330417.31162
23,6,7,Theta,1025-sin-4Hz.avi,zero,sin-zero-4Hz-acoustic7.wav,0,acoustic,4,0.343347072601318,1705330422.97001
23,6,8,Theta,1012-sin-4Hz.avi,oneeighty,sin-oneeighty-4Hz-choir21.wav,180,choir,4,0.253029108047485,1705330429.42833
23,6,9,Theta,1043-sin-4Hz.avi,oneeighty,sin-oneeighty-4Hz-choir18.wav,180,choir,4,0.274923086166382,1705330434.07844
23,6,10,Theta,1015-sin-4Hz.avi,oneeighty,sin-oneeighty-4Hz-orch23.wav,180,orch,2,0.307249069213867,1705330440.27006
23,6,11,Theta,1003-sin-4Hz.avi,oneeighty,sin-oneeighty-4Hz-acoustic25.wav,180,acoustic,5,0.32227611541748,1705330445.29504
23,6,12,Theta,1013-sin-4Hz.avi,zero,sin-zero-4Hz-choir14.wav,0,choir,3,1.00737500190735,1705330450.96198
23,6,13,Theta,1049-sin-4Hz.avi,zero,sin-zero-4Hz-dar10.wav,0,dar,2,0.405341148376465,1705330458.01197
23,6,14,Theta,1017-sin-4Hz.avi,oneeighty,sin-oneeighty-4Hz-dar17.wav,180,dar,4,0.266556024551392,1705330464.27875
23,6,15,Theta,1044-sin-4Hz.avi,zero,sin-zero-4Hz-orch15.wav,0,orch,4,0.281605958938599,1705330469.70372
23,6,16,Theta,1022-sin-4Hz.avi,zero,sin-zero-4Hz-acoustic32.wav,0,acoustic,4,0.319258213043213,1705330475.362
