respMat_ 1,respMat_ 2,respMat_ 3,respMat_ 4,respMat_ 5,respMat_ 6,respMat_ 7,respMat_ 8,respMat_ 9,respMat_10,respMat_11,respMat_12
10,3,1,Theta,1002-sin-4Hz.avi,zero,sin-zero-4Hz-orch4.wav,0,orch,2,0.642266988754272,1701960473.84677
10,3,2,Theta,1006-sin-4Hz.avi,zero,sin-zero-4Hz-choir18.wav,0,choir,1,0.280294895172119,1701960480.70495
10,3,3,Theta,1048-sin-4Hz.avi,zero,sin-zero-4Hz-dar13.wav,0,dar,4,0.531639099121094,1701960487.01348
10,3,4,Theta,1025-sin-4Hz.avi,oneeighty,sin-oneeighty-4Hz-acoustic11.wav,180,acoustic,3,0.137776136398315,1701960491.85529
10,3,5,Theta,1027-sin-4Hz.avi,oneeighty,sin-oneeighty-4Hz-dar11.wav,180,dar,3,0.853418111801147,1701960496.75565
10,3,6,Theta,1024-sin-4Hz.avi,oneeighty,sin-oneeighty-4Hz-dar22.wav,180,dar,5,0.245082855224609,1701960503.76402
10,3,7,Theta,1010-sin-4Hz.avi,zero,sin-zero-4Hz-choir21.wav,0,choir,3,0.226118087768555,1701960508.43896
10,3,8,Theta,1053-sin-4Hz.avi,oneeighty,sin-oneeighty-4Hz-orch5.wav,180,orch,4,0.627879858016968,1701960513.79725
10,3,9,Theta,1034-sin-4Hz.avi,oneeighty,sin-oneeighty-4Hz-acoustic32.wav,180,acoustic,5,1.3957188129425,1701960520.00538
10,3,10,Theta,1066-sin-4Hz.avi,oneeighty,sin-oneeighty-4Hz-choir23.wav,180,choir,1,0.841156959533691,1701960526.25594
10,3,11,Theta,1029-sin-4Hz.avi,zero,sin-zero-4Hz-orch24.wav,0,orch,5,0.332890033721924,1701960533.16422
10,3,12,Theta,1014-sin-4Hz.avi,zero,sin-zero-4Hz-acoustic34.wav,0,acoustic,5,0.284980058670044,1701960538.36417
10,3,13,Theta,1004-sin-4Hz.avi,oneeighty,sin-oneeighty-4Hz-orch15.wav,180,orch,5,0.366681098937988,1701960544.52249
10,3,14,Theta,1016-sin-4Hz.avi,zero,sin-zero-4Hz-dar17.wav,0,dar,4,0.205949068069458,1701960550.13944
10,3,15,Theta,1030-sin-4Hz.avi,oneeighty,sin-oneeighty-4Hz-choir7.wav,180,choir,2,0.306585073471069,1701960555.41454
10,3,16,Theta,1017-sin-4Hz.avi,zero,sin-zero-4Hz-acoustic25.wav,0,acoustic,5,0.250232934951782,1701960561.82299
