respMat_ 1,respMat_ 2,respMat_ 3,respMat_ 4,respMat_ 5,respMat_ 6,respMat_ 7,respMat_ 8,respMat_ 9,respMat_10,respMat_11,respMat_12
1,4,1,Theta,1002-sin-4Hz.avi,oneeighty,sin-oneeighty-4Hz-choir2.wav,180,choir,2,3.0469799041748,1701346911.35615
1,4,2,Theta,1017-sin-4Hz.avi,oneeighty,sin-oneeighty-4Hz-acoustic23.wav,180,acoustic,3,0.997215032577515,1701346920.60586
1,4,3,Theta,1053-sin-4Hz.avi,zero,sin-zero-4Hz-choir14.wav,0,choir,1,0.479465961456299,1701346926.35556
1,4,4,Theta,1015-sin-4Hz.avi,oneeighty,sin-oneeighty-4Hz-dar20.wav,180,dar,3,1.8288049697876,1701346932.41419
1,4,5,Theta,1023-sin-4Hz.avi,zero,sin-zero-4Hz-dar11.wav,0,dar,4,1.16867709159851,1701346938.91426
1,4,6,Theta,1026-sin-4Hz.avi,oneeighty,sin-oneeighty-4Hz-choir6.wav,180,choir,2,3.02739691734314,1701346945.24747
1,4,7,Theta,1003-sin-4Hz.avi,oneeighty,sin-oneeighty-4Hz-orch24.wav,180,orch,3,0.844454050064087,1701346954.02241
1,4,8,Theta,1030-sin-4Hz.avi,zero,sin-zero-4Hz-choir15.wav,0,choir,1,0.564882040023804,1701346960.20594
1,4,9,Theta,1044-sin-4Hz.avi,zero,sin-zero-4Hz-acoustic7.wav,0,acoustic,1,0.421550989151001,1701346966.98922
1,4,10,Theta,1066-sin-4Hz.avi,zero,sin-zero-4Hz-orch15.wav,0,orch,3,2.07759499549866,1701346972.38908
1,4,11,Theta,1043-sin-4Hz.avi,oneeighty,sin-oneeighty-4Hz-orch23.wav,180,orch,2,1.24800610542297,1701346979.52264
1,4,12,Theta,1027-sin-4Hz.avi,zero,sin-zero-4Hz-orch5.wav,0,orch,1,0.92264199256897,1701346985.44796
1,4,13,Theta,1012-sin-4Hz.avi,oneeighty,sin-oneeighty-4Hz-acoustic25.wav,180,acoustic,5,0.58890700340271,1701346991.39772
1,4,14,Theta,1049-sin-4Hz.avi,zero,sin-zero-4Hz-dar10.wav,0,dar,1,0.582864046096802,1701346997.33967
1,4,15,Theta,1029-sin-4Hz.avi,oneeighty,sin-oneeighty-4Hz-dar13.wav,180,dar,3,0.862080097198486,1701347003.15637
1,4,16,Theta,1024-sin-4Hz.avi,zero,sin-zero-4Hz-acoustic1.wav,0,acoustic,3,1.19286298751831,1701347008.88962
