respMat_ 1,respMat_ 2,respMat_ 3,respMat_ 4,respMat_ 5,respMat_ 6,respMat_ 7,respMat_ 8,respMat_ 9,respMat_10,respMat_11,respMat_12
4,1,1,Theta,1052-sin-4Hz.avi,oneeighty,sin-oneeighty-4Hz-choir15.wav,180,choir,5,1.24779486656189,1701179966.84335
4,1,2,Theta,1013-sin-4Hz.avi,oneeighty,sin-oneeighty-4Hz-acoustic11.wav,180,acoustic,4,1.11677885055542,1701179974.31855
4,1,3,Theta,1029-sin-4Hz.avi,zero,sin-zero-4Hz-choir18.wav,0,choir,1,0.922329902648926,1701179980.76879
4,1,4,Theta,1006-sin-4Hz.avi,zero,sin-zero-4Hz-dar17.wav,0,dar,3,1.38740396499634,1701179986.15977
4,1,5,Theta,1037-sin-4Hz.avi,zero,sin-zero-4Hz-dar12.wav,0,dar,2,0.408723831176758,1701179992.21044
4,1,6,Theta,1048-sin-4Hz.avi,zero,sin-zero-4Hz-orch23.wav,0,orch,3,4.14216089248657,1701179997.06885
4,1,7,Theta,1043-sin-4Hz.avi,zero,sin-zero-4Hz-orch24.wav,0,orch,3,1.04496812820435,1701180005.70198
4,1,8,Theta,1034-sin-4Hz.avi,oneeighty,sin-oneeighty-4Hz-dar10.wav,180,dar,2,2.4938530921936,1701180011.48516
4,1,9,Theta,1014-sin-4Hz.avi,zero,sin-zero-4Hz-acoustic14.wav,0,acoustic,5,1.01326990127563,1701180019.28572
4,1,10,Theta,1030-sin-4Hz.avi,oneeighty,sin-oneeighty-4Hz-orch3.wav,180,orch,3,2.83409881591797,1701180025.57688
4,1,11,Theta,1026-sin-4Hz.avi,zero,sin-zero-4Hz-choir2.wav,0,choir,4,1.02365517616272,1701180034.63531
4,1,12,Theta,1017-sin-4Hz.avi,zero,sin-zero-4Hz-acoustic34.wav,0,acoustic,5,1.07471013069153,1701180041.14416
4,1,13,Theta,1027-sin-4Hz.avi,oneeighty,sin-oneeighty-4Hz-choir14.wav,180,choir,1,1.71738696098328,1701180047.87757
4,1,14,Theta,1066-sin-4Hz.avi,oneeighty,sin-oneeighty-4Hz-acoustic1.wav,180,acoustic,5,2.73262405395508,1701180054.49432
4,1,15,Theta,1033-sin-4Hz.avi,oneeighty,sin-oneeighty-4Hz-dar11.wav,180,dar,4,1.28540205955505,1701180063.28553
4,1,16,Theta,1061-sin-4Hz.avi,oneeighty,sin-oneeighty-4Hz-orch20.wav,180,orch,4,1.56277418136597,1701180070.33611
