respMat_ 1,respMat_ 2,respMat_ 3,respMat_ 4,respMat_ 5,respMat_ 6,respMat_ 7,respMat_ 8,respMat_ 9,respMat_10,respMat_11,respMat_12
6,6,1,Theta,1048-sin-4Hz.avi,zero,sin-zero-4Hz-choir18.wav,0,choir,2,0.322834968566895,1701883670.74508
6,6,2,Theta,1037-sin-4Hz.avi,zero,sin-zero-4Hz-acoustic23.wav,0,acoustic,4,8.392333984375e-05,1701883676.453
6,6,3,Theta,1023-sin-4Hz.avi,oneeighty,sin-oneeighty-4Hz-orch5.wav,180,orch,2,0.380267858505249,1701883682.70372
6,6,4,Theta,1013-sin-4Hz.avi,oneeighty,sin-oneeighty-4Hz-dar11.wav,180,dar,1,0.30466890335083,1701883687.59536
6,6,5,Theta,1016-sin-4Hz.avi,zero,sin-zero-4Hz-orch4.wav,0,orch,3,0.000265121459960938,1701883693.16178
6,6,6,Theta,1018-sin-4Hz.avi,zero,sin-zero-4Hz-acoustic25.wav,0,acoustic,4,1.13308906555176,1701883699.27887
6,6,7,Theta,1002-sin-4Hz.avi,zero,sin-zero-4Hz-choir2.wav,0,choir,1,0.400706052780151,1701883706.39536
6,6,8,Theta,1034-sin-4Hz.avi,oneeighty,sin-oneeighty-4Hz-acoustic7.wav,180,acoustic,5,0.321704864501953,1701883711.37026
6,6,9,Theta,1030-sin-4Hz.avi,oneeighty,sin-oneeighty-4Hz-dar22.wav,180,dar,2,0.354060173034668,1701883716.55404
6,6,10,Theta,1014-sin-4Hz.avi,zero,sin-zero-4Hz-orch23.wav,0,orch,4,0.628751993179321,1701883721.49538
6,6,11,Theta,1003-sin-4Hz.avi,zero,sin-zero-4Hz-dar17.wav,0,dar,3,0.343829154968262,1701883727.81226
6,6,12,Theta,1053-sin-4Hz.avi,oneeighty,sin-oneeighty-4Hz-choir23.wav,180,choir,1,0.376073122024536,1701883733.20406
6,6,13,Theta,1043-sin-4Hz.avi,zero,sin-zero-4Hz-dar12.wav,0,dar,1,0.240088939666748,1701883739.80404
6,6,14,Theta,1022-sin-4Hz.avi,oneeighty,sin-oneeighty-4Hz-acoustic11.wav,180,acoustic,4,0.415863037109375,1701883746.01231
6,6,15,Theta,1004-sin-4Hz.avi,oneeighty,sin-oneeighty-4Hz-choir14.wav,180,choir,2,0.487606048583984,1701883751.81256
6,6,16,Theta,1044-sin-4Hz.avi,oneeighty,sin-oneeighty-4Hz-orch15.wav,180,orch,3,0.20121693611145,1701883757.3629
