respMat_ 1,respMat_ 2,respMat_ 3,respMat_ 4,respMat_ 5,respMat_ 6,respMat_ 7,respMat_ 8,respMat_ 9,respMat_10,respMat_11,respMat_12
21,6,1,Theta,1024-sin-4Hz.avi,zero,sin-zero-4Hz-acoustic32.wav,0,acoustic,3,0.279922008514404,1705326124.81676
21,6,2,Theta,1026-sin-4Hz.avi,oneeighty,sin-oneeighty-4Hz-choir2.wav,180,choir,5,0.860442876815796,1705326129.90022
21,6,3,Theta,1029-sin-4Hz.avi,oneeighty,sin-oneeighty-4Hz-dar12.wav,180,dar,3,2.18448209762573,1705326136.00008
21,6,4,Theta,1044-sin-4Hz.avi,zero,sin-zero-4Hz-acoustic1.wav,0,acoustic,5,0.375703811645508,1705326143.8249
21,6,5,Theta,1033-sin-4Hz.avi,zero,sin-zero-4Hz-orch5.wav,0,orch,5,0.505731105804443,1705326149.56682
21,6,6,Theta,1016-sin-4Hz.avi,oneeighty,sin-oneeighty-4Hz-orch22.wav,180,orch,1,3.10479998588562,1705326154.58369
21,6,7,Theta,1061-sin-4Hz.avi,zero,sin-zero-4Hz-dar11.wav,0,dar,5,0.325676918029785,1705326162.0668
21,6,8,Theta,1049-sin-4Hz.avi,zero,sin-zero-4Hz-dar10.wav,0,dar,3,2.11395287513733,1705326166.75851
21,6,9,Theta,1030-sin-4Hz.avi,zero,sin-zero-4Hz-orch3.wav,0,orch,5,0.663255214691162,1705326174.22523
21,6,10,Theta,1051-sin-4Hz.avi,oneeighty,sin-oneeighty-4Hz-acoustic14.wav,180,acoustic,5,0.360870838165283,1705326180.1756
21,6,11,Theta,1013-sin-4Hz.avi,zero,sin-zero-4Hz-choir7.wav,0,choir,3,1.81208300590515,1705326185.89234
21,6,12,Theta,1010-sin-4Hz.avi,oneeighty,sin-oneeighty-4Hz-dar13.wav,180,dar,1,0.530128002166748,1705326192.95031
21,6,13,Theta,1015-sin-4Hz.avi,oneeighty,sin-oneeighty-4Hz-acoustic34.wav,180,acoustic,5,0.316842079162598,1705326199.6756
21,6,14,Theta,1066-sin-4Hz.avi,zero,sin-zero-4Hz-choir15.wav,0,choir,5,1.85588097572327,1705326204.79251
21,6,15,Theta,1006-sin-4Hz.avi,oneeighty,sin-oneeighty-4Hz-choir18.wav,180,choir,5,0.515860080718994,1705326212.10052
21,6,16,Theta,1003-sin-4Hz.avi,oneeighty,sin-oneeighty-4Hz-orch24.wav,180,orch,5,0.368823766708374,1705326217.17554
