respMat_ 1,respMat_ 2,respMat_ 3,respMat_ 4,respMat_ 5,respMat_ 6,respMat_ 7,respMat_ 8,respMat_ 9,respMat_10,respMat_11,respMat_12
4,8,1,Theta,1018-sin-4Hz.avi,zero,sin-zero-4Hz-choir21.wav,0,choir,5,0.271180868148804,1701180841.03467
4,8,2,Theta,1002-sin-4Hz.avi,zero,sin-zero-4Hz-orch22.wav,0,orch,3,0.283066987991333,1701180847.13474
4,8,3,Theta,1051-sin-4Hz.avi,zero,sin-zero-4Hz-acoustic25.wav,0,acoustic,5,0.653540849685669,1701180852.0763
4,8,4,Theta,1049-sin-4Hz.avi,oneeighty,sin-oneeighty-4Hz-orch5.wav,180,orch,4,0.556002855300903,1701180857.11783
4,8,5,Theta,1024-sin-4Hz.avi,oneeighty,sin-oneeighty-4Hz-choir7.wav,180,choir,4,0.353362798690796,1701180862.37645
4,8,6,Theta,1012-sin-4Hz.avi,zero,sin-zero-4Hz-orch4.wav,0,orch,4,0.560237884521484,1701180867.40159
4,8,7,Theta,1010-sin-4Hz.avi,zero,sin-zero-4Hz-choir6.wav,0,choir,3,1.80034685134888,1701180872.80145
4,8,8,Theta,1044-sin-4Hz.avi,oneeighty,sin-oneeighty-4Hz-acoustic32.wav,180,acoustic,4,1.40589809417725,1701180879.25989
4,8,9,Theta,1004-sin-4Hz.avi,oneeighty,sin-oneeighty-4Hz-dar22.wav,180,dar,5,0.394036054611206,1701180886.75175
4,8,10,Theta,1053-sin-4Hz.avi,oneeighty,sin-oneeighty-4Hz-choir23.wav,180,choir,4,0.38159704208374,1701180891.4682
4,8,11,Theta,1025-sin-4Hz.avi,oneeighty,sin-oneeighty-4Hz-orch15.wav,180,orch,2,1.00001883506775,1701180897.80977
4,8,12,Theta,1022-sin-4Hz.avi,oneeighty,sin-oneeighty-4Hz-dar2.wav,180,dar,3,2.36647200584412,1701180903.64329
4,8,13,Theta,1016-sin-4Hz.avi,zero,sin-zero-4Hz-dar13.wav,0,dar,4,2.59212112426758,1701180912.20164
4,8,14,Theta,1003-sin-4Hz.avi,zero,sin-zero-4Hz-dar20.wav,0,dar,4,0.306924104690552,1701180920.53483
4,8,15,Theta,1023-sin-4Hz.avi,oneeighty,sin-oneeighty-4Hz-acoustic7.wav,180,acoustic,3,2.03922390937805,1701180925.61847
4,8,16,Theta,1015-sin-4Hz.avi,zero,sin-zero-4Hz-acoustic23.wav,0,acoustic,5,2.45848202705383,1701180933.93525
