respMat_ 1,respMat_ 2,respMat_ 3,respMat_ 4,respMat_ 5,respMat_ 6,respMat_ 7,respMat_ 8,respMat_ 9,respMat_10,respMat_11,respMat_12
12,8,1,Theta,1052-sin-4Hz.avi,oneeighty,sin-oneeighty-4Hz-choir15.wav,180,choir,4,0.562726020812988,1702308982.58419
12,8,2,Theta,1023-sin-4Hz.avi,oneeighty,sin-oneeighty-4Hz-dar10.wav,180,dar,2,1.57534313201904,1702308989.2676
12,8,3,Theta,1010-sin-4Hz.avi,zero,sin-zero-4Hz-dar12.wav,0,dar,4,1.92112302780151,1702308997.01778
12,8,4,Theta,1037-sin-4Hz.avi,zero,sin-zero-4Hz-dar20.wav,0,dar,4,0.231778860092163,1702309004.05114
12,8,5,Theta,1014-sin-4Hz.avi,zero,sin-zero-4Hz-orch24.wav,0,orch,4,1.39416599273682,1702309010.39273
12,8,6,Theta,1043-sin-4Hz.avi,zero,sin-zero-4Hz-orch4.wav,0,orch,2,3.00783801078796,1702309018.04308
12,8,7,Theta,1030-sin-4Hz.avi,oneeighty,sin-oneeighty-4Hz-orch3.wav,180,orch,2,2.40701389312744,1702309025.66787
12,8,8,Theta,1033-sin-4Hz.avi,oneeighty,sin-oneeighty-4Hz-dar22.wav,180,dar,5,0.273972034454346,1702309033.59295
12,8,9,Theta,1029-sin-4Hz.avi,zero,sin-zero-4Hz-choir18.wav,0,choir,1,2.09402680397034,1702309039.69288
12,8,10,Theta,1003-sin-4Hz.avi,zero,sin-zero-4Hz-acoustic14.wav,0,acoustic,4,0.339598178863525,1702309047.14327
12,8,11,Theta,1061-sin-4Hz.avi,oneeighty,sin-oneeighty-4Hz-acoustic11.wav,180,acoustic,2,2.76361107826233,1702309052.14322
12,8,12,Theta,1027-sin-4Hz.avi,oneeighty,sin-oneeighty-4Hz-choir14.wav,180,choir,1,0.284718990325928,1702309060.71831
12,8,13,Theta,1022-sin-4Hz.avi,oneeighty,sin-oneeighty-4Hz-acoustic32.wav,180,acoustic,5,0.367393016815186,1702309066.04341
12,8,14,Theta,1017-sin-4Hz.avi,zero,sin-zero-4Hz-choir6.wav,0,choir,3,6.07110500335693,1702309072.45174
12,8,15,Theta,1013-sin-4Hz.avi,oneeighty,sin-oneeighty-4Hz-orch15.wav,180,orch,4,14.023197889328,1702309084.64352
12,8,16,Theta,1048-sin-4Hz.avi,zero,sin-zero-4Hz-acoustic23.wav,0,acoustic,5,0.416932106018066,1702309104.60205
