respMat_ 1,respMat_ 2,respMat_ 3,respMat_ 4,respMat_ 5,respMat_ 6,respMat_ 7,respMat_ 8,respMat_ 9,respMat_10,respMat_11,respMat_12
16,1,1,Theta,1006-sin-4Hz.avi,zero,sin-zero-4Hz-dar13.wav,0,dar,2,1.52511119842529,1702473704.45441
16,1,2,Theta,1030-sin-4Hz.avi,oneeighty,sin-oneeighty-4Hz-orch15.wav,180,orch,2,1.1513078212738,1702473710.78008
16,1,3,Theta,1014-sin-4Hz.avi,zero,sin-zero-4Hz-orch22.wav,0,orch,4,0.508265972137451,1702473717.85526
16,1,4,Theta,1053-sin-4Hz.avi,oneeighty,sin-oneeighty-4Hz-choir7.wav,180,choir,1,0.377953052520752,1702473723.92146
16,1,5,Theta,1023-sin-4Hz.avi,oneeighty,sin-oneeighty-4Hz-orch20.wav,180,orch,4,0.325028896331787,1702473730.64644
16,1,6,Theta,1015-sin-4Hz.avi,zero,sin-zero-4Hz-acoustic14.wav,0,acoustic,4,0.681050062179565,1702473735.7464
16,1,7,Theta,1022-sin-4Hz.avi,oneeighty,sin-oneeighty-4Hz-acoustic32.wav,180,acoustic,5,0.332662105560303,1702473741.05496
16,1,8,Theta,1026-sin-4Hz.avi,zero,sin-zero-4Hz-orch24.wav,0,orch,2,1.13779187202454,1702473747.32163
16,1,9,Theta,1012-sin-4Hz.avi,zero,sin-zero-4Hz-choir18.wav,0,choir,1,0.483689069747925,1702473752.87184
16,1,10,Theta,1037-sin-4Hz.avi,zero,sin-zero-4Hz-choir2.wav,0,choir,1,0.522439002990723,1702473759.10503
16,1,11,Theta,1044-sin-4Hz.avi,oneeighty,sin-oneeighty-4Hz-acoustic7.wav,180,acoustic,5,0.584120988845825,1702473764.54737
16,1,12,Theta,1049-sin-4Hz.avi,oneeighty,sin-oneeighty-4Hz-dar10.wav,180,dar,1,0.534739971160889,1702473770.99673
16,1,13,Theta,1048-sin-4Hz.avi,zero,sin-zero-4Hz-acoustic23.wav,0,acoustic,4,1.11574983596802,1702473776.46371
16,1,14,Theta,1052-sin-4Hz.avi,oneeighty,sin-oneeighty-4Hz-dar11.wav,180,dar,5,0.338943958282471,1702473783.4805
16,1,15,Theta,1029-sin-4Hz.avi,zero,sin-zero-4Hz-dar17.wav,0,dar,1,0.649769067764282,1702473788.9139
16,1,16,Theta,1004-sin-4Hz.avi,oneeighty,sin-oneeighty-4Hz-choir15.wav,180,choir,2,0.60596489906311,1702473794.60549
