respMat_ 1,respMat_ 2,respMat_ 3,respMat_ 4,respMat_ 5,respMat_ 6,respMat_ 7,respMat_ 8,respMat_ 9,respMat_10,respMat_11,respMat_12
22,8,1,Theta,1043-sin-4Hz.avi,zero,sin-zero-4Hz-dar17.wav,0,dar,3,0.300631999969482,1705329001.99191
22,8,2,Theta,1022-sin-4Hz.avi,oneeighty,sin-oneeighty-4Hz-acoustic7.wav,180,acoustic,4,2.41289210319519,1705329006.98362
22,8,3,Theta,1034-sin-4Hz.avi,oneeighty,sin-oneeighty-4Hz-orch5.wav,180,orch,2,0.314918041229248,1705329014.63367
22,8,4,Theta,1018-sin-4Hz.avi,zero,sin-zero-4Hz-choir2.wav,0,choir,3,0.501415014266968,1705329020.76709
22,8,5,Theta,1033-sin-4Hz.avi,oneeighty,sin-oneeighty-4Hz-orch20.wav,180,orch,3,2.09168696403503,1705329026.4088
22,8,6,Theta,1003-sin-4Hz.avi,zero,sin-zero-4Hz-orch24.wav,0,orch,4,1.56758999824524,1705329033.10888
22,8,7,Theta,1030-sin-4Hz.avi,oneeighty,sin-oneeighty-4Hz-choir7.wav,180,choir,3,1.04423093795776,1705329039.7922
22,8,8,Theta,1025-sin-4Hz.avi,oneeighty,sin-oneeighty-4Hz-acoustic1.wav,180,acoustic,3,0.472053050994873,1705329046.49239
22,8,9,Theta,1004-sin-4Hz.avi,oneeighty,sin-oneeighty-4Hz-choir15.wav,180,choir,4,0.351814985275269,1705329052.50071
22,8,10,Theta,1012-sin-4Hz.avi,zero,sin-zero-4Hz-acoustic34.wav,0,acoustic,4,1.9847149848938,1705329058.67569
22,8,11,Theta,1026-sin-4Hz.avi,zero,sin-zero-4Hz-choir21.wav,0,choir,4,0.318323850631714,1705329065.33407
22,8,12,Theta,1002-sin-4Hz.avi,zero,sin-zero-4Hz-acoustic25.wav,0,acoustic,4,1.60963201522827,1705329071.05075
22,8,13,Theta,1051-sin-4Hz.avi,zero,sin-zero-4Hz-orch22.wav,0,orch,3,0.342985868453979,1705329077.91738
22,8,14,Theta,1053-sin-4Hz.avi,oneeighty,sin-oneeighty-4Hz-dar10.wav,180,dar,1,0.809093952178955,1705329084.45923
22,8,15,Theta,1052-sin-4Hz.avi,oneeighty,sin-oneeighty-4Hz-dar11.wav,180,dar,4,1.22310590744019,1705329089.70923
22,8,16,Theta,1029-sin-4Hz.avi,zero,sin-zero-4Hz-dar13.wav,0,dar,3,0.37405800819397,1705329095.53426
