respMat_ 1,respMat_ 2,respMat_ 3,respMat_ 4,respMat_ 5,respMat_ 6,respMat_ 7,respMat_ 8,respMat_ 9,respMat_10,respMat_11,respMat_12
19,1,1,Theta,1003-sin-4Hz.avi,oneeighty,sin-oneeighty-4Hz-orch24.wav,180,orch,2,0.657539844512939,1702564792.63625
19,1,2,Theta,1004-sin-4Hz.avi,zero,sin-zero-4Hz-acoustic1.wav,0,acoustic,2,0.0740740299224854,1702564798.03571
19,1,3,Theta,1013-sin-4Hz.avi,zero,sin-zero-4Hz-choir14.wav,0,choir,3,0.258004903793335,1702564804.23591
19,1,4,Theta,1018-sin-4Hz.avi,oneeighty,sin-oneeighty-4Hz-dar13.wav,180,dar,2,0.23587703704834,1702564809.98591
19,1,5,Theta,1030-sin-4Hz.avi,zero,sin-zero-4Hz-orch3.wav,0,orch,1,0.547863960266113,1702564816.18603
19,1,6,Theta,1066-sin-4Hz.avi,zero,sin-zero-4Hz-dar11.wav,0,dar,2,0.43848180770874,1702564821.7193
19,1,7,Theta,1012-sin-4Hz.avi,oneeighty,sin-oneeighty-4Hz-choir18.wav,180,choir,3,0.611778020858765,1702564828.18605
19,1,8,Theta,1043-sin-4Hz.avi,oneeighty,sin-oneeighty-4Hz-orch22.wav,180,orch,2,1.08711504936218,1702564833.90285
19,1,9,Theta,1027-sin-4Hz.avi,zero,sin-zero-4Hz-acoustic11.wav,0,acoustic,2,0.839155912399292,1702564839.3029
19,1,10,Theta,1006-sin-4Hz.avi,oneeighty,sin-oneeighty-4Hz-acoustic34.wav,180,acoustic,2,2.15942406654358,1702564844.6863
19,1,11,Theta,1061-sin-4Hz.avi,zero,sin-zero-4Hz-choir23.wav,0,choir,1,1.55814695358276,1702564851.71973
19,1,12,Theta,1053-sin-4Hz.avi,zero,sin-zero-4Hz-orch5.wav,0,orch,3,0.455111026763916,1702564857.89476
19,1,13,Theta,1014-sin-4Hz.avi,oneeighty,sin-oneeighty-4Hz-choir2.wav,180,choir,3,0.918336868286133,1702564864.31154
19,1,14,Theta,1017-sin-4Hz.avi,oneeighty,sin-oneeighty-4Hz-dar12.wav,180,dar,2,0.429880142211914,1702564871.11997
19,1,15,Theta,1016-sin-4Hz.avi,oneeighty,sin-oneeighty-4Hz-acoustic23.wav,180,acoustic,3,0.474527835845947,1702564877.4115
19,1,16,Theta,1024-sin-4Hz.avi,zero,sin-zero-4Hz-dar2.wav,0,dar,4,0.839047908782959,1702564882.69501
