respMat_ 1,respMat_ 2,respMat_ 3,respMat_ 4,respMat_ 5,respMat_ 6,respMat_ 7,respMat_ 8,respMat_ 9,respMat_10,respMat_11,respMat_12
18,5,1,Theta,1004-sin-4Hz.avi,oneeighty,sin-oneeighty-4Hz-choir23.wav,180,choir,3,1.79762887954712,1702480768.1887
18,5,2,Theta,1025-sin-4Hz.avi,oneeighty,sin-oneeighty-4Hz-dar10.wav,180,dar,1,0.560839891433716,1702480774.51349
18,5,3,Theta,1044-sin-4Hz.avi,oneeighty,sin-oneeighty-4Hz-orch20.wav,180,orch,4,0.553864002227783,1702480779.4805
18,5,4,Theta,1002-sin-4Hz.avi,zero,sin-zero-4Hz-choir21.wav,0,choir,2,0.274148941040039,1702480784.67223
18,5,5,Theta,1026-sin-4Hz.avi,zero,sin-zero-4Hz-acoustic23.wav,0,acoustic,5,0.357407093048096,1702480789.59697
18,5,6,Theta,1027-sin-4Hz.avi,oneeighty,sin-oneeighty-4Hz-orch3.wav,180,orch,5,0.341155052185059,1702480794.60521
18,5,7,Theta,1010-sin-4Hz.avi,zero,sin-zero-4Hz-dar17.wav,0,dar,4,2.1064178943634,1702480801.06387
18,5,8,Theta,1015-sin-4Hz.avi,zero,sin-zero-4Hz-orch23.wav,0,orch,3,0.72489595413208,1702480808.79747
18,5,9,Theta,1014-sin-4Hz.avi,zero,sin-zero-4Hz-dar12.wav,0,dar,3,0.348181962966919,1702480815.81418
18,5,10,Theta,1016-sin-4Hz.avi,zero,sin-zero-4Hz-choir6.wav,0,choir,1,0.31032395362854,1702480821.35606
18,5,11,Theta,1049-sin-4Hz.avi,oneeighty,sin-oneeighty-4Hz-acoustic1.wav,180,acoustic,2,1.12699508666992,1702480826.13936
18,5,12,Theta,1066-sin-4Hz.avi,oneeighty,sin-oneeighty-4Hz-dar2.wav,180,dar,3,3.16343688964844,1702480831.62292
18,5,13,Theta,1051-sin-4Hz.avi,zero,sin-zero-4Hz-acoustic14.wav,0,acoustic,4,0.460179090499878,1702480840.00618
18,5,14,Theta,1006-sin-4Hz.avi,zero,sin-zero-4Hz-orch24.wav,0,orch,3,2.90579700469971,1702480846.47257
18,5,15,Theta,1024-sin-4Hz.avi,oneeighty,sin-oneeighty-4Hz-acoustic11.wav,180,acoustic,4,0.649624824523926,1702480854.87276
18,5,16,Theta,1023-sin-4Hz.avi,oneeighty,sin-oneeighty-4Hz-choir14.wav,180,choir,2,2.07168889045715,1702480861.72273
