respMat_ 1,respMat_ 2,respMat_ 3,respMat_ 4,respMat_ 5,respMat_ 6,respMat_ 7,respMat_ 8,respMat_ 9,respMat_10,respMat_11,respMat_12
9,8,1,Theta,1025-sin-4Hz.avi,zero,sin-zero-4Hz-acoustic7.wav,0,acoustic,3,0.389231204986572,1701957061.19803
9,8,2,Theta,1015-sin-4Hz.avi,oneeighty,sin-oneeighty-4Hz-orch22.wav,180,orch,3,2.73383092880249,1701957066.98141
9,8,3,Theta,1030-sin-4Hz.avi,zero,sin-zero-4Hz-dar10.wav,0,dar,1,3.1657919883728,1701957074.98147
9,8,4,Theta,1029-sin-4Hz.avi,oneeighty,sin-oneeighty-4Hz-acoustic34.wav,180,acoustic,3,1.29110789299011,1701957084.04015
9,8,5,Theta,1018-sin-4Hz.avi,oneeighty,sin-oneeighty-4Hz-orch4.wav,180,orch,3,0.883708953857422,1701957091.03956
9,8,6,Theta,1044-sin-4Hz.avi,zero,sin-zero-4Hz-orch20.wav,0,orch,4,2.47007393836975,1701957098.17326
9,8,7,Theta,1014-sin-4Hz.avi,oneeighty,sin-oneeighty-4Hz-choir6.wav,180,choir,2,0.323340177536011,1701957106.03193
9,8,8,Theta,1022-sin-4Hz.avi,zero,sin-zero-4Hz-dar11.wav,0,dar,5,0.402266979217529,1701957111.057
9,8,9,Theta,1049-sin-4Hz.avi,zero,sin-zero-4Hz-choir14.wav,0,choir,2,0.243350028991699,1701957116.03187
9,8,10,Theta,1052-sin-4Hz.avi,zero,sin-zero-4Hz-choir15.wav,0,choir,1,1.64572906494141,1701957121.17353
9,8,11,Theta,1012-sin-4Hz.avi,oneeighty,sin-oneeighty-4Hz-choir21.wav,180,choir,1,1.36631298065186,1701957127.35699
9,8,12,Theta,1023-sin-4Hz.avi,zero,sin-zero-4Hz-acoustic1.wav,0,acoustic,3,0.480355978012085,1701957134.09895
9,8,13,Theta,1006-sin-4Hz.avi,oneeighty,sin-oneeighty-4Hz-dar12.wav,180,dar,1,0.3085777759552,1701957139.79068
9,8,14,Theta,1033-sin-4Hz.avi,zero,sin-zero-4Hz-orch15.wav,0,orch,3,0.317528009414673,1701957144.77376
9,8,15,Theta,1037-sin-4Hz.avi,oneeighty,sin-oneeighty-4Hz-dar17.wav,180,dar,4,0.315371990203857,1701957150.21581
9,8,16,Theta,1016-sin-4Hz.avi,oneeighty,sin-oneeighty-4Hz-acoustic25.wav,180,acoustic,2,0.327357053756714,1701957155.91582
