respMat_ 1,respMat_ 2,respMat_ 3,respMat_ 4,respMat_ 5,respMat_ 6,respMat_ 7,respMat_ 8,respMat_ 9,respMat_10,respMat_11,respMat_12
5,4,1,Theta,1024-sin-4Hz.avi,zero,sin-zero-4Hz-orch5.wav,0,orch,4,1.57368803024292,1701696313.04791
5,4,2,Theta,1048-sin-4Hz.avi,oneeighty,sin-oneeighty-4Hz-acoustic14.wav,180,acoustic,4,0.364811897277832,1701696320.67285
5,4,3,Theta,1030-sin-4Hz.avi,zero,sin-zero-4Hz-choir14.wav,0,choir,1,0.331989049911499,1701696325.88964
5,4,4,Theta,1018-sin-4Hz.avi,oneeighty,sin-oneeighty-4Hz-acoustic25.wav,180,acoustic,3,0.423282146453857,1701696330.80638
5,4,5,Theta,1014-sin-4Hz.avi,oneeighty,sin-oneeighty-4Hz-orch4.wav,180,orch,5,0.315936088562012,1701696337.48978
5,4,6,Theta,1025-sin-4Hz.avi,zero,sin-zero-4Hz-orch20.wav,0,orch,3,0.515858888626099,1701696343.28982
5,4,7,Theta,1013-sin-4Hz.avi,zero,sin-zero-4Hz-acoustic11.wav,0,acoustic,3,0.298739910125732,1701696349.90685
5,4,8,Theta,1022-sin-4Hz.avi,zero,sin-zero-4Hz-choir23.wav,0,choir,1,0.263978958129883,1701696355.78174
5,4,9,Theta,1037-sin-4Hz.avi,oneeighty,sin-oneeighty-4Hz-dar17.wav,180,dar,1,0.285063028335571,1701696361.24863
5,4,10,Theta,1002-sin-4Hz.avi,oneeighty,sin-oneeighty-4Hz-orch24.wav,180,orch,5,0.285423040390015,1701696367.8405
5,4,11,Theta,1012-sin-4Hz.avi,oneeighty,sin-oneeighty-4Hz-choir18.wav,180,choir,1,0.390177965164185,1701696374.02358
5,4,12,Theta,1033-sin-4Hz.avi,zero,sin-zero-4Hz-dar10.wav,0,dar,1,0.537113904953003,1701696379.74864
5,4,13,Theta,1061-sin-4Hz.avi,zero,sin-zero-4Hz-dar22.wav,0,dar,5,0.461393117904663,1701696386.24042
5,4,14,Theta,1016-sin-4Hz.avi,oneeighty,sin-oneeighty-4Hz-dar13.wav,180,dar,1,0.299229860305786,1701696391.09055
5,4,15,Theta,1043-sin-4Hz.avi,oneeighty,sin-oneeighty-4Hz-choir2.wav,180,choir,2,0.74032998085022,1701696396.45747
5,4,16,Theta,1034-sin-4Hz.avi,zero,sin-zero-4Hz-acoustic32.wav,0,acoustic,3,0.224240064620972,1701696403.35752
