respMat_ 1,respMat_ 2,respMat_ 3,respMat_ 4,respMat_ 5,respMat_ 6,respMat_ 7,respMat_ 8,respMat_ 9,respMat_10,respMat_11,respMat_12
4,4,1,Theta,1061-sin-4Hz.avi,oneeighty,sin-oneeighty-4Hz-orch20.wav,180,orch,4,2.60971713066101,1701180326.71275
4,4,2,Theta,1034-sin-4Hz.avi,oneeighty,sin-oneeighty-4Hz-dar10.wav,180,dar,2,2.02866101264954,1701180334.02984
4,4,3,Theta,1043-sin-4Hz.avi,zero,sin-zero-4Hz-orch24.wav,0,orch,4,5.06761407852173,1701180341.64682
4,4,4,Theta,1048-sin-4Hz.avi,zero,sin-zero-4Hz-orch23.wav,0,orch,4,0.954024076461792,1701180352.28829
4,4,5,Theta,1033-sin-4Hz.avi,oneeighty,sin-oneeighty-4Hz-dar11.wav,180,dar,4,0.377969980239868,1701180358.08039
4,4,6,Theta,1066-sin-4Hz.avi,oneeighty,sin-oneeighty-4Hz-acoustic1.wav,180,acoustic,4,1.04361987113953,1701180364.2468
4,4,7,Theta,1030-sin-4Hz.avi,oneeighty,sin-oneeighty-4Hz-orch3.wav,180,orch,4,0.788969039916992,1701180371.20545
4,4,8,Theta,1013-sin-4Hz.avi,oneeighty,sin-oneeighty-4Hz-acoustic11.wav,180,acoustic,3,4.03125596046448,1701180378.15513
4,4,9,Theta,1027-sin-4Hz.avi,oneeighty,sin-oneeighty-4Hz-choir14.wav,180,choir,1,0.910238027572632,1701180386.57221
4,4,10,Theta,1029-sin-4Hz.avi,zero,sin-zero-4Hz-choir18.wav,0,choir,1,0.410809993743896,1701180393.05562
4,4,11,Theta,1006-sin-4Hz.avi,zero,sin-zero-4Hz-dar17.wav,0,dar,2,0.85570502281189,1701180398.1467
4,4,12,Theta,1037-sin-4Hz.avi,zero,sin-zero-4Hz-dar12.wav,0,dar,3,1.47170495986938,1701180403.53066
4,4,13,Theta,1014-sin-4Hz.avi,zero,sin-zero-4Hz-acoustic14.wav,0,acoustic,5,1.40376210212708,1701180410.03059
4,4,14,Theta,1017-sin-4Hz.avi,zero,sin-zero-4Hz-acoustic34.wav,0,acoustic,4,10.9148359298706,1701180415.86351
4,4,15,Theta,1052-sin-4Hz.avi,oneeighty,sin-oneeighty-4Hz-choir15.wav,180,choir,5,1.40082192420959,1701180431.29746
4,4,16,Theta,1026-sin-4Hz.avi,zero,sin-zero-4Hz-choir2.wav,0,choir,3,1.14945983886719,1701180437.58087
