respMat_ 1,respMat_ 2,respMat_ 3,respMat_ 4,respMat_ 5,respMat_ 6,respMat_ 7,respMat_ 8,respMat_ 9,respMat_10,respMat_11,respMat_12
20,7,1,Theta,1015-sin-4Hz.avi,zero,sin-zero-4Hz-orch24.wav,0,orch,1,1.25601696968079,1702572048.56921
20,7,2,Theta,1027-sin-4Hz.avi,oneeighty,sin-oneeighty-4Hz-choir14.wav,180,choir,1,0.343069076538086,1702572055.78607
20,7,3,Theta,1017-sin-4Hz.avi,zero,sin-zero-4Hz-dar17.wav,0,dar,1,0.783384084701538,1702572061.98582
20,7,4,Theta,1043-sin-4Hz.avi,zero,sin-zero-4Hz-acoustic14.wav,0,acoustic,2,2.09070086479187,1702572067.89442
20,7,5,Theta,1025-sin-4Hz.avi,oneeighty,sin-oneeighty-4Hz-dar22.wav,180,dar,1,0.342981815338135,1702572074.9861
20,7,6,Theta,1010-sin-4Hz.avi,zero,sin-zero-4Hz-acoustic25.wav,0,acoustic,3,0.356590986251831,1702572081.24445
20,7,7,Theta,1024-sin-4Hz.avi,oneeighty,sin-oneeighty-4Hz-dar2.wav,180,dar,2,0.341264009475708,1702572086.82777
20,7,8,Theta,1004-sin-4Hz.avi,oneeighty,sin-oneeighty-4Hz-choir15.wav,180,choir,1,0.315657138824463,1702572093.26934
20,7,9,Theta,1044-sin-4Hz.avi,oneeighty,sin-oneeighty-4Hz-orch3.wav,180,orch,1,0.35676908493042,1702572098.63621
20,7,10,Theta,1023-sin-4Hz.avi,oneeighty,sin-oneeighty-4Hz-orch5.wav,180,orch,2,0.295114994049072,1702572103.57789
20,7,11,Theta,1053-sin-4Hz.avi,oneeighty,sin-oneeighty-4Hz-acoustic7.wav,180,acoustic,4,0.420092821121216,1702572108.25292
20,7,12,Theta,1003-sin-4Hz.avi,zero,sin-zero-4Hz-choir6.wav,0,choir,2,0.218678951263428,1702572113.68627
20,7,13,Theta,1022-sin-4Hz.avi,oneeighty,sin-oneeighty-4Hz-acoustic11.wav,180,acoustic,4,0.608429908752441,1702572118.94457
20,7,14,Theta,1026-sin-4Hz.avi,zero,sin-zero-4Hz-dar12.wav,0,dar,1,0.230448007583618,1702572125.78646
20,7,15,Theta,1002-sin-4Hz.avi,zero,sin-zero-4Hz-orch23.wav,0,orch,1,0.270860910415649,1702572132.17801
20,7,16,Theta,1014-sin-4Hz.avi,zero,sin-zero-4Hz-choir18.wav,0,choir,1,0.463593006134033,1702572138.35324
