respMat_ 1,respMat_ 2,respMat_ 3,respMat_ 4,respMat_ 5,respMat_ 6,respMat_ 7,respMat_ 8,respMat_ 9,respMat_10,respMat_11,respMat_12
14,7,1,Theta,1066-sin-4Hz.avi,oneeighty,sin-oneeighty-4Hz-dar10.wav,180,dar,1,1.54224991798401,1702391198.221
14,7,2,Theta,1043-sin-4Hz.avi,zero,sin-zero-4Hz-acoustic23.wav,0,acoustic,4,0.307914018630981,1702391205.87118
14,7,3,Theta,1033-sin-4Hz.avi,oneeighty,sin-oneeighty-4Hz-choir23.wav,180,choir,1,0.28990912437439,1702391210.7212
14,7,4,Theta,1034-sin-4Hz.avi,oneeighty,sin-oneeighty-4Hz-dar11.wav,180,dar,2,0.329694032669067,1702391215.92949
14,7,5,Theta,1016-sin-4Hz.avi,zero,sin-zero-4Hz-dar17.wav,0,dar,3,0.309867858886719,1702391220.82929
14,7,6,Theta,1027-sin-4Hz.avi,oneeighty,sin-oneeighty-4Hz-acoustic1.wav,180,acoustic,2,1.97538614273071,1702391225.57976
14,7,7,Theta,1044-sin-4Hz.avi,oneeighty,sin-oneeighty-4Hz-choir15.wav,180,choir,3,6.18563604354858,1702391233.32148
14,7,8,Theta,1037-sin-4Hz.avi,zero,sin-zero-4Hz-dar12.wav,0,dar,1,0.531016111373901,1702391244.89615
14,7,9,Theta,1017-sin-4Hz.avi,zero,sin-zero-4Hz-choir6.wav,0,choir,4,0.435038089752197,1702391251.48817
14,7,10,Theta,1051-sin-4Hz.avi,zero,sin-zero-4Hz-orch4.wav,0,orch,4,0.140334844589233,1702391256.64689
14,7,11,Theta,1052-sin-4Hz.avi,oneeighty,sin-oneeighty-4Hz-orch5.wav,180,orch,2,0.360029935836792,1702391262.15512
14,7,12,Theta,1002-sin-4Hz.avi,zero,sin-zero-4Hz-acoustic34.wav,0,acoustic,1,0.289525032043457,1702391267.12167
14,7,13,Theta,1003-sin-4Hz.avi,zero,sin-zero-4Hz-choir2.wav,0,choir,3,0.613502979278564,1702391272.41362
14,7,14,Theta,1023-sin-4Hz.avi,oneeighty,sin-oneeighty-4Hz-orch3.wav,180,orch,1,0.394729137420654,1702391279.28847
14,7,15,Theta,1013-sin-4Hz.avi,oneeighty,sin-oneeighty-4Hz-acoustic32.wav,180,acoustic,5,0.574083089828491,1702391284.40513
14,7,16,Theta,1010-sin-4Hz.avi,zero,sin-zero-4Hz-orch22.wav,0,orch,2,0.392996072769165,1702391289.5302
