respMat_ 1,respMat_ 2,respMat_ 3,respMat_ 4,respMat_ 5,respMat_ 6,respMat_ 7,respMat_ 8,respMat_ 9,respMat_10,respMat_11,respMat_12
17,8,1,Theta,1053-sin-4Hz.avi,zero,sin-zero-4Hz-orch5.wav,0,orch,1,0.321789026260376,1702475743.02049
17,8,2,Theta,1022-sin-4Hz.avi,zero,sin-zero-4Hz-acoustic11.wav,0,acoustic,5,0.614070177078247,1702475748.31226
17,8,3,Theta,1014-sin-4Hz.avi,oneeighty,sin-oneeighty-4Hz-acoustic34.wav,180,acoustic,2,0.0470738410949707,1702475755.08726
17,8,4,Theta,1043-sin-4Hz.avi,oneeighty,sin-oneeighty-4Hz-choir21.wav,180,choir,1,0.39526891708374,1702475760.38706
17,8,5,Theta,1017-sin-4Hz.avi,oneeighty,sin-oneeighty-4Hz-dar13.wav,180,dar,1,0.404155015945435,1702475765.56223
17,8,6,Theta,1044-sin-4Hz.avi,zero,sin-zero-4Hz-dar22.wav,0,dar,1,3.41809010505676,1702475771.6203
17,8,7,Theta,1027-sin-4Hz.avi,zero,sin-zero-4Hz-choir7.wav,0,choir,1,0.484040021896362,1702475781.35435
17,8,8,Theta,1037-sin-4Hz.avi,oneeighty,sin-oneeighty-4Hz-orch22.wav,180,orch,4,0.750715017318726,1702475787.6957
17,8,9,Theta,1026-sin-4Hz.avi,oneeighty,sin-oneeighty-4Hz-dar17.wav,180,dar,5,0.510222911834717,1702475793.71221
17,8,10,Theta,1025-sin-4Hz.avi,zero,sin-zero-4Hz-orch3.wav,0,orch,2,0.922242879867554,1702475798.59612
17,8,11,Theta,1013-sin-4Hz.avi,zero,sin-zero-4Hz-acoustic7.wav,0,acoustic,5,0.269963026046753,1702475804.3045
17,8,12,Theta,1018-sin-4Hz.avi,oneeighty,sin-oneeighty-4Hz-orch23.wav,180,orch,2,2.90453505516052,1702475810.03795
17,8,13,Theta,1003-sin-4Hz.avi,oneeighty,sin-oneeighty-4Hz-acoustic23.wav,180,acoustic,5,0.497556924819946,1702475819.21294
17,8,14,Theta,1049-sin-4Hz.avi,zero,sin-zero-4Hz-dar2.wav,0,dar,3,2.50129294395447,1702475825.91321
17,8,15,Theta,1024-sin-4Hz.avi,zero,sin-zero-4Hz-choir14.wav,0,choir,2,0.667094945907593,1702475832.97944
17,8,16,Theta,1002-sin-4Hz.avi,oneeighty,sin-oneeighty-4Hz-choir6.wav,180,choir,1,0.617135047912598,1702475839.01341
