respMat_ 1,respMat_ 2,respMat_ 3,respMat_ 4,respMat_ 5,respMat_ 6,respMat_ 7,respMat_ 8,respMat_ 9,respMat_10,respMat_11,respMat_12
18,1,1,Theta,1004-sin-4Hz.avi,oneeighty,sin-oneeighty-4Hz-choir23.wav,180,choir,3,2.66496610641479,1702480316.82544
18,1,2,Theta,1023-sin-4Hz.avi,oneeighty,sin-oneeighty-4Hz-choir14.wav,180,choir,2,1.48574090003967,1702480325.30064
18,1,3,Theta,1015-sin-4Hz.avi,zero,sin-zero-4Hz-orch23.wav,0,orch,3,2.03802895545959,1702480332.68422
18,1,4,Theta,1016-sin-4Hz.avi,zero,sin-zero-4Hz-choir6.wav,0,choir,3,1.63431787490845,1702480340.57592
18,1,5,Theta,1051-sin-4Hz.avi,zero,sin-zero-4Hz-acoustic14.wav,0,acoustic,5,1.30419301986694,1702480348.4262
18,1,6,Theta,1049-sin-4Hz.avi,oneeighty,sin-oneeighty-4Hz-acoustic1.wav,180,acoustic,5,0.78790283203125,1702480354.33436
18,1,7,Theta,1006-sin-4Hz.avi,zero,sin-zero-4Hz-orch24.wav,0,orch,3,3.75502705574036,1702480360.35926
18,1,8,Theta,1025-sin-4Hz.avi,oneeighty,sin-oneeighty-4Hz-dar10.wav,180,dar,1,2.21751999855042,1702480368.60083
18,1,9,Theta,1066-sin-4Hz.avi,oneeighty,sin-oneeighty-4Hz-dar2.wav,180,dar,3,1.70202612876892,1702480376.68441
18,1,10,Theta,1010-sin-4Hz.avi,zero,sin-zero-4Hz-dar17.wav,0,dar,4,0.390094041824341,1702480383.27627
18,1,11,Theta,1044-sin-4Hz.avi,oneeighty,sin-oneeighty-4Hz-orch20.wav,180,orch,5,0.362681865692139,1702480389.15963
18,1,12,Theta,1024-sin-4Hz.avi,oneeighty,sin-oneeighty-4Hz-acoustic11.wav,180,acoustic,5,0.688065052032471,1702480395.82617
18,1,13,Theta,1014-sin-4Hz.avi,zero,sin-zero-4Hz-dar12.wav,0,dar,5,0.380876064300537,1702480402.10156
18,1,14,Theta,1027-sin-4Hz.avi,oneeighty,sin-oneeighty-4Hz-orch3.wav,180,orch,5,0.455238103866577,1702480408.44323
18,1,15,Theta,1026-sin-4Hz.avi,zero,sin-zero-4Hz-acoustic23.wav,0,acoustic,5,0.307951927185059,1702480415.11826
18,1,16,Theta,1002-sin-4Hz.avi,zero,sin-zero-4Hz-choir21.wav,0,choir,4,1.49418687820435,1702480421.46809
