respMat_ 1,respMat_ 2,respMat_ 3,respMat_ 4,respMat_ 5,respMat_ 6,respMat_ 7,respMat_ 8,respMat_ 9,respMat_10,respMat_11,respMat_12
21,1,1,Theta,1022-sin-4Hz.avi,zero,sin-zero-4Hz-acoustic11.wav,0,acoustic,5,0.408507108688354,1705325611.93803
21,1,2,Theta,1037-sin-4Hz.avi,oneeighty,sin-oneeighty-4Hz-dar17.wav,180,dar,3,0.881273984909058,1705325618.52125
21,1,3,Theta,1052-sin-4Hz.avi,zero,sin-zero-4Hz-dar22.wav,0,dar,5,0.358250141143799,1705325625.18809
21,1,4,Theta,1017-sin-4Hz.avi,oneeighty,sin-oneeighty-4Hz-dar20.wav,180,dar,3,0.869050979614258,1705325630.42132
21,1,5,Theta,1034-sin-4Hz.avi,zero,sin-zero-4Hz-acoustic7.wav,0,acoustic,1,1.01367998123169,1705325636.40478
21,1,6,Theta,1048-sin-4Hz.avi,oneeighty,sin-oneeighty-4Hz-orch4.wav,180,orch,1,0.440042972564697,1705325643.13826
21,1,7,Theta,1023-sin-4Hz.avi,zero,sin-zero-4Hz-orch15.wav,0,orch,1,0.821577072143555,1705325648.40472
21,1,8,Theta,1025-sin-4Hz.avi,zero,sin-zero-4Hz-dar2.wav,0,dar,3,0.333462953567505,1705325655.00487
21,1,9,Theta,1012-sin-4Hz.avi,oneeighty,sin-oneeighty-4Hz-choir6.wav,180,choir,5,0.412711143493652,1705325660.22154
21,1,10,Theta,1018-sin-4Hz.avi,oneeighty,sin-oneeighty-4Hz-choir21.wav,180,choir,3,0.289387941360474,1705325666.90482
21,1,11,Theta,1053-sin-4Hz.avi,zero,sin-zero-4Hz-choir23.wav,0,choir,5,1.25833606719971,1705325671.6799
21,1,12,Theta,1004-sin-4Hz.avi,zero,sin-zero-4Hz-choir14.wav,0,choir,5,0.342111110687256,1705325679.1883
21,1,13,Theta,1043-sin-4Hz.avi,oneeighty,sin-oneeighty-4Hz-orch23.wav,180,orch,3,1.51898503303528,1705325684.76332
21,1,14,Theta,1002-sin-4Hz.avi,oneeighty,sin-oneeighty-4Hz-acoustic25.wav,180,acoustic,5,0.274830102920532,1705325691.25552
21,1,15,Theta,1027-sin-4Hz.avi,zero,sin-zero-4Hz-orch20.wav,0,orch,1,2.91512608528137,1705325696.03895
21,1,16,Theta,1014-sin-4Hz.avi,oneeighty,sin-oneeighty-4Hz-acoustic23.wav,180,acoustic,5,0.286706924438477,1705325704.15537
