respMat_ 1,respMat_ 2,respMat_ 3,respMat_ 4,respMat_ 5,respMat_ 6,respMat_ 7,respMat_ 8,respMat_ 9,respMat_10,respMat_11,respMat_12
20,6,1,Theta,1053-sin-4Hz.avi,oneeighty,sin-oneeighty-4Hz-acoustic7.wav,180,acoustic,3,0.901028156280518,1702571936.26855
20,6,2,Theta,1025-sin-4Hz.avi,oneeighty,sin-oneeighty-4Hz-dar22.wav,180,dar,1,0.299201965332031,1702571942.7104
20,6,3,Theta,1026-sin-4Hz.avi,zero,sin-zero-4Hz-dar12.wav,0,dar,1,0.3104248046875,1702571948.23516
20,6,4,Theta,1023-sin-4Hz.avi,oneeighty,sin-oneeighty-4Hz-orch5.wav,180,orch,1,0.340951204299927,1702571953.4686
20,6,5,Theta,1003-sin-4Hz.avi,zero,sin-zero-4Hz-choir6.wav,0,choir,1,2.64883184432983,1702571958.16869
20,6,6,Theta,1010-sin-4Hz.avi,zero,sin-zero-4Hz-acoustic25.wav,0,acoustic,3,2.95456004142761,1702571965.52693
20,6,7,Theta,1015-sin-4Hz.avi,zero,sin-zero-4Hz-orch24.wav,0,orch,2,1.77715682983398,1702571973.36031
20,6,8,Theta,1004-sin-4Hz.avi,oneeighty,sin-oneeighty-4Hz-choir15.wav,180,choir,1,0.313381910324097,1702571980.5521
20,6,9,Theta,1002-sin-4Hz.avi,zero,sin-zero-4Hz-orch23.wav,0,orch,1,0.3557288646698,1702571986.49372
20,6,10,Theta,1044-sin-4Hz.avi,oneeighty,sin-oneeighty-4Hz-orch3.wav,180,orch,1,0.383404970169067,1702571992.19396
20,6,11,Theta,1027-sin-4Hz.avi,oneeighty,sin-oneeighty-4Hz-choir14.wav,180,choir,1,0.344056129455566,1702571997.38531
20,6,12,Theta,1014-sin-4Hz.avi,zero,sin-zero-4Hz-choir18.wav,0,choir,1,0.345701932907104,1702572002.93569
20,6,13,Theta,1024-sin-4Hz.avi,oneeighty,sin-oneeighty-4Hz-dar2.wav,180,dar,2,0.408677816390991,1702572009.16068
20,6,14,Theta,1043-sin-4Hz.avi,zero,sin-zero-4Hz-acoustic14.wav,0,acoustic,3,0.528730154037476,1702572014.96059
20,6,15,Theta,1017-sin-4Hz.avi,zero,sin-zero-4Hz-dar17.wav,0,dar,1,0.261608123779297,1702572019.83566
20,6,16,Theta,1022-sin-4Hz.avi,oneeighty,sin-oneeighty-4Hz-acoustic11.wav,180,acoustic,3,0.358235120773315,1702572026.21903
