respMat_ 1,respMat_ 2,respMat_ 3,respMat_ 4,respMat_ 5,respMat_ 6,respMat_ 7,respMat_ 8,respMat_ 9,respMat_10,respMat_11,respMat_12
20,4,1,Theta,1024-sin-4Hz.avi,oneeighty,sin-oneeighty-4Hz-dar2.wav,180,dar,3,2.58041214942932,1702571621.16623
20,4,2,Theta,1002-sin-4Hz.avi,zero,sin-zero-4Hz-orch23.wav,0,orch,1,0.258613109588623,1702571629.808
20,4,3,Theta,1010-sin-4Hz.avi,zero,sin-zero-4Hz-acoustic25.wav,0,acoustic,1,1.17855620384216,1702571634.40805
20,4,4,Theta,1023-sin-4Hz.avi,oneeighty,sin-oneeighty-4Hz-orch5.wav,180,orch,1,0.391947031021118,1702571641.06666
20,4,5,Theta,1017-sin-4Hz.avi,zero,sin-zero-4Hz-dar17.wav,0,dar,1,0.385232925415039,1702571646.24137
20,4,6,Theta,1022-sin-4Hz.avi,oneeighty,sin-oneeighty-4Hz-acoustic11.wav,180,acoustic,2,0.641653060913086,1702571651.02498
20,4,7,Theta,1053-sin-4Hz.avi,oneeighty,sin-oneeighty-4Hz-acoustic7.wav,180,acoustic,3,1.21932005882263,1702571657.1833
20,4,8,Theta,1004-sin-4Hz.avi,oneeighty,sin-oneeighty-4Hz-choir15.wav,180,choir,1,1.32896590232849,1702571663.4417
20,4,9,Theta,1026-sin-4Hz.avi,zero,sin-zero-4Hz-dar12.wav,0,dar,1,0.351579904556274,1702571669.8751
20,4,10,Theta,1014-sin-4Hz.avi,zero,sin-zero-4Hz-choir18.wav,0,choir,1,0.337087154388428,1702571676.43356
20,4,11,Theta,1044-sin-4Hz.avi,oneeighty,sin-oneeighty-4Hz-orch3.wav,180,orch,1,0.350462913513184,1702571682.90018
20,4,12,Theta,1027-sin-4Hz.avi,oneeighty,sin-oneeighty-4Hz-choir14.wav,180,choir,1,0.498346090316772,1702571688.4003
20,4,13,Theta,1003-sin-4Hz.avi,zero,sin-zero-4Hz-choir6.wav,0,choir,2,1.71593379974365,1702571694.55872
20,4,14,Theta,1043-sin-4Hz.avi,zero,sin-zero-4Hz-acoustic14.wav,0,acoustic,2,1.89840388298035,1702571700.79224
20,4,15,Theta,1025-sin-4Hz.avi,oneeighty,sin-oneeighty-4Hz-dar22.wav,180,dar,1,0.354885101318359,1702571707.98378
20,4,16,Theta,1015-sin-4Hz.avi,zero,sin-zero-4Hz-orch24.wav,0,orch,1,0.318082809448242,1702571713.30058
