respMat_ 1,respMat_ 2,respMat_ 3,respMat_ 4,respMat_ 5,respMat_ 6,respMat_ 7,respMat_ 8,respMat_ 9,respMat_10,respMat_11,respMat_12
16,4,1,Theta,1066-sin-4Hz.avi,oneeighty,sin-oneeighty-4Hz-orch3.wav,180,orch,5,0.289504051208496,1702474018.45818
16,4,2,Theta,1018-sin-4Hz.avi,zero,sin-zero-4Hz-dar20.wav,0,dar,3,0.47178316116333,1702474023.69989
16,4,3,Theta,1034-sin-4Hz.avi,oneeighty,sin-oneeighty-4Hz-acoustic11.wav,180,acoustic,2,0.270951986312866,1702474029.11674
16,4,4,Theta,1025-sin-4Hz.avi,oneeighty,sin-oneeighty-4Hz-orch5.wav,180,orch,1,0.266154050827026,1702474035.44152
16,4,5,Theta,1033-sin-4Hz.avi,oneeighty,sin-oneeighty-4Hz-choir23.wav,180,choir,1,0.3127760887146,1702474040.46692
16,4,6,Theta,1024-sin-4Hz.avi,oneeighty,sin-oneeighty-4Hz-choir14.wav,180,choir,3,1.30262804031372,1702474045.92541
16,4,7,Theta,1010-sin-4Hz.avi,zero,sin-zero-4Hz-orch4.wav,0,orch,5,0.314990997314453,1702474052.41669
16,4,8,Theta,1051-sin-4Hz.avi,zero,sin-zero-4Hz-orch23.wav,0,orch,5,0.268764972686768,1702474058.36694
16,4,9,Theta,1017-sin-4Hz.avi,zero,sin-zero-4Hz-dar12.wav,0,dar,3,0.393623113632202,1702474063.65012
16,4,10,Theta,1003-sin-4Hz.avi,zero,sin-zero-4Hz-acoustic25.wav,0,acoustic,4,0.213567018508911,1702474069.94216
16,4,11,Theta,1016-sin-4Hz.avi,zero,sin-zero-4Hz-acoustic34.wav,0,acoustic,1,0.307286977767944,1702474075.19242
16,4,12,Theta,1043-sin-4Hz.avi,zero,sin-zero-4Hz-choir6.wav,0,choir,1,0.365115165710449,1702474080.75063
16,4,13,Theta,1061-sin-4Hz.avi,oneeighty,sin-oneeighty-4Hz-acoustic1.wav,180,acoustic,4,0.30950403213501,1702474086.95031
16,4,14,Theta,1013-sin-4Hz.avi,oneeighty,sin-oneeighty-4Hz-dar22.wav,180,dar,3,0.453248977661133,1702474091.75044
16,4,15,Theta,1027-sin-4Hz.avi,oneeighty,sin-oneeighty-4Hz-dar2.wav,180,dar,1,0.606081962585449,1702474096.5257
16,4,16,Theta,1002-sin-4Hz.avi,zero,sin-zero-4Hz-choir21.wav,0,choir,1,0.481287956237793,1702474103.24246
