respMat_ 1,respMat_ 2,respMat_ 3,respMat_ 4,respMat_ 5,respMat_ 6,respMat_ 7,respMat_ 8,respMat_ 9,respMat_10,respMat_11,respMat_12
16,6,1,Theta,1018-sin-4Hz.avi,zero,sin-zero-4Hz-dar20.wav,0,dar,2,0.381870031356812,1702474244.49406
16,6,2,Theta,1025-sin-4Hz.avi,oneeighty,sin-oneeighty-4Hz-orch5.wav,180,orch,1,0.353531122207642,1702474250.20242
16,6,3,Theta,1027-sin-4Hz.avi,oneeighty,sin-oneeighty-4Hz-dar2.wav,180,dar,1,0.52307391166687,1702474256.56091
16,6,4,Theta,1033-sin-4Hz.avi,oneeighty,sin-oneeighty-4Hz-choir23.wav,180,choir,1,0.3746178150177,1702474261.66935
16,6,5,Theta,1043-sin-4Hz.avi,zero,sin-zero-4Hz-choir6.wav,0,choir,2,0.658642053604126,1702474266.56934
16,6,6,Theta,1024-sin-4Hz.avi,oneeighty,sin-oneeighty-4Hz-choir14.wav,180,choir,2,0.529072046279907,1702474271.80281
16,6,7,Theta,1003-sin-4Hz.avi,zero,sin-zero-4Hz-acoustic25.wav,0,acoustic,4,0.316081047058105,1702474277.91985
16,6,8,Theta,1010-sin-4Hz.avi,zero,sin-zero-4Hz-orch4.wav,0,orch,5,0.249331951141357,1702474282.7866
16,6,9,Theta,1017-sin-4Hz.avi,zero,sin-zero-4Hz-dar12.wav,0,dar,3,0.547313928604126,1702474287.75268
16,6,10,Theta,1013-sin-4Hz.avi,oneeighty,sin-oneeighty-4Hz-dar22.wav,180,dar,4,0.820664882659912,1702474293.1113
16,6,11,Theta,1061-sin-4Hz.avi,oneeighty,sin-oneeighty-4Hz-acoustic1.wav,180,acoustic,5,0.297643184661865,1702474299.58636
16,6,12,Theta,1002-sin-4Hz.avi,zero,sin-zero-4Hz-choir21.wav,0,choir,1,0.310303211212158,1702474304.46972
16,6,13,Theta,1051-sin-4Hz.avi,zero,sin-zero-4Hz-orch23.wav,0,orch,5,0.276512145996094,1702474309.5115
16,6,14,Theta,1034-sin-4Hz.avi,oneeighty,sin-oneeighty-4Hz-acoustic11.wav,180,acoustic,3,0.40964412689209,1702474314.97837
16,6,15,Theta,1016-sin-4Hz.avi,zero,sin-zero-4Hz-acoustic34.wav,0,acoustic,1,0.341058015823364,1702474320.08697
16,6,16,Theta,1066-sin-4Hz.avi,oneeighty,sin-oneeighty-4Hz-orch3.wav,180,orch,4,0.511790990829468,1702474326.62024
