respMat_ 1,respMat_ 2,respMat_ 3,respMat_ 4,respMat_ 5,respMat_ 6,respMat_ 7,respMat_ 8,respMat_ 9,respMat_10,respMat_11,respMat_12
9,4,1,Theta,1052-sin-4Hz.avi,zero,sin-zero-4Hz-choir15.wav,0,choir,1,0.774388074874878,1701956675.06863
9,4,2,Theta,1022-sin-4Hz.avi,zero,sin-zero-4Hz-dar11.wav,0,dar,5,0.367995977401733,1701956681.21903
9,4,3,Theta,1015-sin-4Hz.avi,oneeighty,sin-oneeighty-4Hz-orch22.wav,180,orch,3,0.49147891998291,1701956686.74352
9,4,4,Theta,1014-sin-4Hz.avi,oneeighty,sin-oneeighty-4Hz-choir6.wav,180,choir,2,0.390223026275635,1701956693.4688
9,4,5,Theta,1006-sin-4Hz.avi,oneeighty,sin-oneeighty-4Hz-dar12.wav,180,dar,1,0.437352895736694,1701956698.68566
9,4,6,Theta,1049-sin-4Hz.avi,zero,sin-zero-4Hz-choir14.wav,0,choir,2,0.531716108322144,1701956703.51929
9,4,7,Theta,1044-sin-4Hz.avi,zero,sin-zero-4Hz-orch20.wav,0,orch,4,0.417669057846069,1701956709.56935
9,4,8,Theta,1016-sin-4Hz.avi,oneeighty,sin-oneeighty-4Hz-acoustic25.wav,180,acoustic,1,0.545303106307983,1701956715.18571
9,4,9,Theta,1037-sin-4Hz.avi,oneeighty,sin-oneeighty-4Hz-dar17.wav,180,dar,4,0.394935846328735,1701956721.33611
9,4,10,Theta,1023-sin-4Hz.avi,zero,sin-zero-4Hz-acoustic1.wav,0,acoustic,5,1.01380205154419,1701956727.66124
9,4,11,Theta,1025-sin-4Hz.avi,zero,sin-zero-4Hz-acoustic7.wav,0,acoustic,2,2.35816979408264,1701956733.26083
9,4,12,Theta,1018-sin-4Hz.avi,oneeighty,sin-oneeighty-4Hz-orch4.wav,180,orch,3,3.82611203193665,1701956741.15295
9,4,13,Theta,1030-sin-4Hz.avi,zero,sin-zero-4Hz-dar10.wav,0,dar,1,0.526937007904053,1701956750.03619
9,4,14,Theta,1033-sin-4Hz.avi,zero,sin-zero-4Hz-orch15.wav,0,orch,3,2.15230989456177,1701956755.99462
9,4,15,Theta,1029-sin-4Hz.avi,oneeighty,sin-oneeighty-4Hz-acoustic34.wav,180,acoustic,2,0.392478227615356,1701956763.38661
9,4,16,Theta,1012-sin-4Hz.avi,oneeighty,sin-oneeighty-4Hz-choir21.wav,180,choir,1,0.395405054092407,1701956768.51964
