respMat_ 1,respMat_ 2,respMat_ 3,respMat_ 4,respMat_ 5,respMat_ 6,respMat_ 7,respMat_ 8,respMat_ 9,respMat_10,respMat_11,respMat_12
1,6,1,Theta,1061-sin-4Hz.avi,zero,sin-zero-4Hz-dar22.wav,0,dar,4,0.860469102859497,1701347181.36503
1,6,2,Theta,1010-sin-4Hz.avi,oneeighty,sin-oneeighty-4Hz-choir18.wav,180,choir,4,2.69699811935425,1701347187.64046
1,6,3,Theta,1004-sin-4Hz.avi,zero,sin-zero-4Hz-orch20.wav,0,orch,4,3.45725297927856,1701347195.63222
1,6,4,Theta,1016-sin-4Hz.avi,oneeighty,sin-oneeighty-4Hz-dar12.wav,180,dar,3,1.65469813346863,1701347204.09073
1,6,5,Theta,1033-sin-4Hz.avi,zero,sin-zero-4Hz-acoustic11.wav,0,acoustic,3,0.704248905181885,1701347210.65715
1,6,6,Theta,1018-sin-4Hz.avi,oneeighty,sin-oneeighty-4Hz-orch4.wav,180,orch,4,2.42358803749084,1701347216.26572
1,6,7,Theta,1025-sin-4Hz.avi,zero,sin-zero-4Hz-acoustic32.wav,0,acoustic,4,3.16036701202393,1701347224.64894
1,6,8,Theta,1022-sin-4Hz.avi,zero,sin-zero-4Hz-choir23.wav,0,choir,4,0.956001996994019,1701347233.34929
1,6,9,Theta,1052-sin-4Hz.avi,zero,sin-zero-4Hz-orch3.wav,0,orch,2,0.932484865188599,1701347238.94082
1,6,10,Theta,1006-sin-4Hz.avi,oneeighty,sin-oneeighty-4Hz-choir21.wav,180,choir,1,1.44814705848694,1701347244.6491
1,6,11,Theta,1048-sin-4Hz.avi,oneeighty,sin-oneeighty-4Hz-acoustic14.wav,180,acoustic,3,0.801568031311035,1701347251.61574
1,6,12,Theta,1014-sin-4Hz.avi,oneeighty,sin-oneeighty-4Hz-acoustic34.wav,180,acoustic,1,1.08039307594299,1701347257.64079
1,6,13,Theta,1051-sin-4Hz.avi,oneeighty,sin-oneeighty-4Hz-dar17.wav,180,dar,3,1.37987184524536,1701347264.36532
1,6,14,Theta,1013-sin-4Hz.avi,zero,sin-zero-4Hz-choir7.wav,0,choir,5,0.57203197479248,1701347270.94912
1,6,15,Theta,1037-sin-4Hz.avi,oneeighty,sin-oneeighty-4Hz-orch22.wav,180,orch,5,0.856037855148315,1701347277.64109
1,6,16,Theta,1034-sin-4Hz.avi,zero,sin-zero-4Hz-dar2.wav,0,dar,1,1.650799036026,1701347284.38224
