respMat_ 1,respMat_ 2,respMat_ 3,respMat_ 4,respMat_ 5,respMat_ 6,respMat_ 7,respMat_ 8,respMat_ 9,respMat_10,respMat_11,respMat_12
17,4,1,Theta,1014-sin-4Hz.avi,oneeighty,sin-oneeighty-4Hz-acoustic34.wav,180,acoustic,4,0.634115934371948,1702475345.90719
17,4,2,Theta,1037-sin-4Hz.avi,oneeighty,sin-oneeighty-4Hz-orch22.wav,180,orch,3,0.682499885559082,1702475352.49886
17,4,3,Theta,1043-sin-4Hz.avi,oneeighty,sin-oneeighty-4Hz-choir21.wav,180,choir,2,2.56497097015381,1702475358.23233
17,4,4,Theta,1025-sin-4Hz.avi,zero,sin-zero-4Hz-orch3.wav,0,orch,3,2.89652419090271,1702475365.14877
17,4,5,Theta,1053-sin-4Hz.avi,zero,sin-zero-4Hz-orch5.wav,0,orch,2,0.652815103530884,1702475372.6405
17,4,6,Theta,1049-sin-4Hz.avi,zero,sin-zero-4Hz-dar2.wav,0,dar,4,1.25815796852112,1702475379.10718
17,4,7,Theta,1017-sin-4Hz.avi,oneeighty,sin-oneeighty-4Hz-dar13.wav,180,dar,2,0.74590015411377,1702475384.70747
17,4,8,Theta,1003-sin-4Hz.avi,oneeighty,sin-oneeighty-4Hz-acoustic23.wav,180,acoustic,4,0.534366846084595,1702475391.191
17,4,9,Theta,1024-sin-4Hz.avi,zero,sin-zero-4Hz-choir14.wav,0,choir,4,0.528722047805786,1702475396.73267
17,4,10,Theta,1027-sin-4Hz.avi,zero,sin-zero-4Hz-choir7.wav,0,choir,2,0.868107795715332,1702475402.85737
17,4,11,Theta,1002-sin-4Hz.avi,oneeighty,sin-oneeighty-4Hz-choir6.wav,180,choir,5,0.578219175338745,1702475409.69124
17,4,12,Theta,1013-sin-4Hz.avi,zero,sin-zero-4Hz-acoustic7.wav,0,acoustic,5,0.344022989273071,1702475415.95742
17,4,13,Theta,1026-sin-4Hz.avi,oneeighty,sin-oneeighty-4Hz-dar17.wav,180,dar,5,0.739060163497925,1702475420.87439
17,4,14,Theta,1044-sin-4Hz.avi,zero,sin-zero-4Hz-dar22.wav,0,dar,2,0.508657932281494,1702475426.43283
17,4,15,Theta,1022-sin-4Hz.avi,zero,sin-zero-4Hz-acoustic11.wav,0,acoustic,5,0.425004959106445,1702475432.32447
17,4,16,Theta,1018-sin-4Hz.avi,oneeighty,sin-oneeighty-4Hz-orch23.wav,180,orch,1,0.562829971313477,1702475438.07467
