respMat_ 1,respMat_ 2,respMat_ 3,respMat_ 4,respMat_ 5,respMat_ 6,respMat_ 7,respMat_ 8,respMat_ 9,respMat_10,respMat_11,respMat_12
2,6,1,Theta,1017-sin-4Hz.avi,zero,sin-zero-4Hz-acoustic34.wav,0,acoustic,4,0.358891010284424,1701357489.54001
2,6,2,Theta,1053-sin-4Hz.avi,oneeighty,sin-oneeighty-4Hz-dar10.wav,180,dar,2,0.230332851409912,1701357494.3405
2,6,3,Theta,1004-sin-4Hz.avi,oneeighty,sin-oneeighty-4Hz-choir15.wav,180,choir,5,0.422091007232666,1701357499.95679
2,6,4,Theta,1022-sin-4Hz.avi,oneeighty,sin-oneeighty-4Hz-orch5.wav,180,orch,3,0.804105997085571,1701357505.19073
2,6,5,Theta,1052-sin-4Hz.avi,oneeighty,sin-oneeighty-4Hz-choir23.wav,180,choir,4,0.306272983551025,1701357511.64054
2,6,6,Theta,1026-sin-4Hz.avi,zero,sin-zero-4Hz-choir21.wav,0,choir,4,0.679378986358643,1701357516.91541
2,6,7,Theta,1061-sin-4Hz.avi,oneeighty,sin-oneeighty-4Hz-dar11.wav,180,dar,5,0.597233772277832,1701357522.96539
2,6,8,Theta,1030-sin-4Hz.avi,oneeighty,sin-oneeighty-4Hz-orch3.wav,180,orch,2,0.710065841674805,1701357528.3407
2,6,9,Theta,1029-sin-4Hz.avi,zero,sin-zero-4Hz-dar13.wav,0,dar,2,0.259550094604492,1701357534.59911
2,6,10,Theta,1006-sin-4Hz.avi,zero,sin-zero-4Hz-choir18.wav,0,choir,5,3.24088096618652,1701357539.85764
2,6,11,Theta,1043-sin-4Hz.avi,zero,sin-zero-4Hz-orch24.wav,0,orch,4,0.531041145324707,1701357548.80751
2,6,12,Theta,1012-sin-4Hz.avi,zero,sin-zero-4Hz-acoustic25.wav,0,acoustic,4,0.309836149215698,1701357554.74076
2,6,13,Theta,1016-sin-4Hz.avi,zero,sin-zero-4Hz-orch4.wav,0,orch,2,1.72048497200012,1701357560.67408
2,6,14,Theta,1049-sin-4Hz.avi,oneeighty,sin-oneeighty-4Hz-acoustic32.wav,180,acoustic,4,0.643619060516357,1701357567.99093
2,6,15,Theta,1037-sin-4Hz.avi,zero,sin-zero-4Hz-dar12.wav,0,dar,1,0.212268114089966,1701357573.5743
2,6,16,Theta,1027-sin-4Hz.avi,oneeighty,sin-oneeighty-4Hz-acoustic11.wav,180,acoustic,5,1.32469511032104,1701357579.96582
