respMat_ 1,respMat_ 2,respMat_ 3,respMat_ 4,respMat_ 5,respMat_ 6,respMat_ 7,respMat_ 8,respMat_ 9,respMat_10,respMat_11,respMat_12
22,3,1,Theta,1030-sin-4Hz.avi,oneeighty,sin-oneeighty-4Hz-choir7.wav,180,choir,2,1.83465695381165,1705328415.38719
22,3,2,Theta,1022-sin-4Hz.avi,oneeighty,sin-oneeighty-4Hz-acoustic7.wav,180,acoustic,3,1.72493696212769,1705328421.92891
22,3,3,Theta,1053-sin-4Hz.avi,oneeighty,sin-oneeighty-4Hz-dar10.wav,180,dar,1,0.841363906860352,1705328428.22064
22,3,4,Theta,1026-sin-4Hz.avi,zero,sin-zero-4Hz-choir21.wav,0,choir,3,0.5088050365448,1705328434.72901
22,3,5,Theta,1029-sin-4Hz.avi,zero,sin-zero-4Hz-dar13.wav,0,dar,2,0.339053153991699,1705328440.37075
22,3,6,Theta,1003-sin-4Hz.avi,zero,sin-zero-4Hz-orch24.wav,0,orch,3,1.01942300796509,1705328445.96238
22,3,7,Theta,1033-sin-4Hz.avi,oneeighty,sin-oneeighty-4Hz-orch20.wav,180,orch,2,0.40524697303772,1705328452.11253
22,3,8,Theta,1043-sin-4Hz.avi,zero,sin-zero-4Hz-dar17.wav,0,dar,2,1.67298412322998,1705328458.62078
22,3,9,Theta,1025-sin-4Hz.avi,oneeighty,sin-oneeighty-4Hz-acoustic1.wav,180,acoustic,3,2.40433788299561,1705328465.32941
22,3,10,Theta,1018-sin-4Hz.avi,zero,sin-zero-4Hz-choir2.wav,0,choir,4,2.84090995788574,1705328473.61284
22,3,11,Theta,1052-sin-4Hz.avi,oneeighty,sin-oneeighty-4Hz-dar11.wav,180,dar,4,1.43246388435364,1705328481.62925
22,3,12,Theta,1002-sin-4Hz.avi,zero,sin-zero-4Hz-acoustic25.wav,0,acoustic,4,0.554923057556152,1705328488.36276
22,3,13,Theta,1051-sin-4Hz.avi,zero,sin-zero-4Hz-orch22.wav,0,orch,3,3.29827213287354,1705328494.57941
22,3,14,Theta,1034-sin-4Hz.avi,oneeighty,sin-oneeighty-4Hz-orch5.wav,180,orch,2,0.607969045639038,1705328503.02971
22,3,15,Theta,1012-sin-4Hz.avi,zero,sin-zero-4Hz-acoustic34.wav,0,acoustic,3,4.51467609405518,1705328508.56296
22,3,16,Theta,1004-sin-4Hz.avi,oneeighty,sin-oneeighty-4Hz-choir15.wav,180,choir,5,0.489197015762329,1705328518.39648
