respMat_ 1,respMat_ 2,respMat_ 3,respMat_ 4,respMat_ 5,respMat_ 6,respMat_ 7,respMat_ 8,respMat_ 9,respMat_10,respMat_11,respMat_12
24,6,1,Theta,1012-sin-4Hz.avi,zero,sin-zero-4Hz-choir2.wav,0,choir,2,0.395744800567627,1705494025.83459
24,6,2,Theta,1004-sin-4Hz.avi,oneeighty,sin-oneeighty-4Hz-orch5.wav,180,orch,4,0.275012969970703,1705494032.45131
24,6,3,Theta,1016-sin-4Hz.avi,zero,sin-zero-4Hz-dar20.wav,0,dar,2,0.29111385345459,1705494038.24322
24,6,4,Theta,1049-sin-4Hz.avi,oneeighty,sin-oneeighty-4Hz-dar2.wav,180,dar,1,0.337131023406982,1705494044.69317
24,6,5,Theta,1003-sin-4Hz.avi,zero,sin-zero-4Hz-choir18.wav,0,choir,1,0.463153123855591,1705494050.74311
24,6,6,Theta,1015-sin-4Hz.avi,zero,sin-zero-4Hz-orch4.wav,0,orch,2,0.313719987869263,1705494056.47648
24,6,7,Theta,1033-sin-4Hz.avi,oneeighty,sin-oneeighty-4Hz-choir14.wav,180,choir,5,0.45804500579834,1705494063.0682
24,6,8,Theta,1052-sin-4Hz.avi,oneeighty,sin-oneeighty-4Hz-choir15.wav,180,choir,2,0.451431035995483,1705494069.0268
24,6,9,Theta,1002-sin-4Hz.avi,zero,sin-zero-4Hz-orch23.wav,0,orch,4,0.173830986022949,1705494075.76837
24,6,10,Theta,1017-sin-4Hz.avi,zero,sin-zero-4Hz-acoustic25.wav,0,acoustic,3,0.283539056777954,1705494081.41856
24,6,11,Theta,1013-sin-4Hz.avi,oneeighty,sin-oneeighty-4Hz-acoustic11.wav,180,acoustic,4,0.62622594833374,1705494086.05193
24,6,12,Theta,1034-sin-4Hz.avi,oneeighty,sin-oneeighty-4Hz-dar11.wav,180,dar,4,0.294067859649658,1705494092.56011
24,6,13,Theta,1029-sin-4Hz.avi,zero,sin-zero-4Hz-acoustic23.wav,0,acoustic,2,0.25391697883606,1705494097.56024
24,6,14,Theta,1022-sin-4Hz.avi,oneeighty,sin-oneeighty-4Hz-orch3.wav,180,orch,5,0.428735017776489,1705494103.3854
24,6,15,Theta,1048-sin-4Hz.avi,zero,sin-zero-4Hz-dar12.wav,0,dar,1,0.260354995727539,1705494109.79376
24,6,16,Theta,1030-sin-4Hz.avi,oneeighty,sin-oneeighty-4Hz-acoustic7.wav,180,acoustic,1,0.341223955154419,1705494115.76087
