respMat_ 1,respMat_ 2,respMat_ 3,respMat_ 4,respMat_ 5,respMat_ 6,respMat_ 7,respMat_ 8,respMat_ 9,respMat_10,respMat_11,respMat_12
15,7,1,Theta,1066-sin-4Hz.avi,zero,sin-zero-4Hz-orch5.wav,0,orch,2,0.867030143737793,1702468121.45506
15,7,2,Theta,1048-sin-4Hz.avi,oneeighty,sin-oneeighty-4Hz-orch4.wav,180,orch,1,0.665882110595703,1702468128.48817
15,7,3,Theta,1003-sin-4Hz.avi,oneeighty,sin-oneeighty-4Hz-dar17.wav,180,dar,4,1.03082585334778,1702468135.35519
15,7,4,Theta,1030-sin-4Hz.avi,zero,sin-zero-4Hz-acoustic11.wav,0,acoustic,3,1.41298913955688,1702468141.80508
15,7,5,Theta,1023-sin-4Hz.avi,zero,sin-zero-4Hz-orch3.wav,0,orch,2,0.396192073822021,1702468147.82985
15,7,6,Theta,1013-sin-4Hz.avi,zero,sin-zero-4Hz-choir23.wav,0,choir,2,0.297170162200928,1702468153.8969
15,7,7,Theta,1016-sin-4Hz.avi,oneeighty,sin-oneeighty-4Hz-dar20.wav,180,dar,3,0.232992887496948,1702468160.29699
15,7,8,Theta,1029-sin-4Hz.avi,oneeighty,sin-oneeighty-4Hz-orch22.wav,180,orch,3,3.80352592468262,1702468165.43046
15,7,9,Theta,1033-sin-4Hz.avi,zero,sin-zero-4Hz-acoustic32.wav,0,acoustic,3,1.61820197105408,1702468174.27188
15,7,10,Theta,1015-sin-4Hz.avi,oneeighty,sin-oneeighty-4Hz-choir18.wav,180,choir,1,0.32778000831604,1702468181.32231
15,7,11,Theta,1018-sin-4Hz.avi,oneeighty,sin-oneeighty-4Hz-choir21.wav,180,choir,1,0.190708875656128,1702468187.55538
15,7,12,Theta,1027-sin-4Hz.avi,zero,sin-zero-4Hz-choir7.wav,0,choir,1,5.20334911346436,1702468193.03872
15,7,13,Theta,1012-sin-4Hz.avi,oneeighty,sin-oneeighty-4Hz-acoustic14.wav,180,acoustic,2,2.8071129322052,1702468203.53095
15,7,14,Theta,1049-sin-4Hz.avi,zero,sin-zero-4Hz-dar22.wav,0,dar,4,0.149109840393066,1702468211.58088
15,7,15,Theta,1010-sin-4Hz.avi,oneeighty,sin-oneeighty-4Hz-acoustic25.wav,180,acoustic,4,0.335248947143555,1702468216.13075
15,7,16,Theta,1061-sin-4Hz.avi,zero,sin-zero-4Hz-dar10.wav,0,dar,1,0.271684885025024,1702468222.51438
