respMat_ 1,respMat_ 2,respMat_ 3,respMat_ 4,respMat_ 5,respMat_ 6,respMat_ 7,respMat_ 8,respMat_ 9,respMat_10,respMat_11,respMat_12
6,4,1,Theta,1037-sin-4Hz.avi,zero,sin-zero-4Hz-acoustic23.wav,0,acoustic,4,0.768563985824585,1701883475.65895
6,4,2,Theta,1044-sin-4Hz.avi,oneeighty,sin-oneeighty-4Hz-orch15.wav,180,orch,2,0.552881956100464,1701883481.25072
6,4,3,Theta,1048-sin-4Hz.avi,zero,sin-zero-4Hz-choir18.wav,0,choir,2,0.316494941711426,1701883487.35911
6,4,4,Theta,1053-sin-4Hz.avi,oneeighty,sin-oneeighty-4Hz-choir23.wav,180,choir,1,0.406866073608398,1701883493.09269
6,4,5,Theta,1014-sin-4Hz.avi,zero,sin-zero-4Hz-orch23.wav,0,orch,4,7.60555267333984e-05,1701883498.92594
6,4,6,Theta,1034-sin-4Hz.avi,oneeighty,sin-oneeighty-4Hz-acoustic7.wav,180,acoustic,5,0.362847089767456,1701883503.58463
6,4,7,Theta,1003-sin-4Hz.avi,zero,sin-zero-4Hz-dar17.wav,0,dar,3,0.300039052963257,1701883509.15151
6,4,8,Theta,1013-sin-4Hz.avi,oneeighty,sin-oneeighty-4Hz-dar11.wav,180,dar,1,0.293152093887329,1701883515.12646
6,4,9,Theta,1004-sin-4Hz.avi,oneeighty,sin-oneeighty-4Hz-choir14.wav,180,choir,2,0.403172016143799,1701883520.96837
6,4,10,Theta,1043-sin-4Hz.avi,zero,sin-zero-4Hz-dar12.wav,0,dar,1,0.268348932266235,1701883525.95116
6,4,11,Theta,1018-sin-4Hz.avi,zero,sin-zero-4Hz-acoustic25.wav,0,acoustic,5,0.257364988327026,1701883532.01012
6,4,12,Theta,1002-sin-4Hz.avi,zero,sin-zero-4Hz-choir2.wav,0,choir,1,0.304257154464722,1701883536.63527
6,4,13,Theta,1023-sin-4Hz.avi,oneeighty,sin-oneeighty-4Hz-orch5.wav,180,orch,2,0.402268886566162,1701883542.39334
6,4,14,Theta,1016-sin-4Hz.avi,zero,sin-zero-4Hz-orch4.wav,0,orch,3,0.355309009552002,1701883547.56019
6,4,15,Theta,1022-sin-4Hz.avi,oneeighty,sin-oneeighty-4Hz-acoustic11.wav,180,acoustic,4,0.393858909606934,1701883554.00177
6,4,16,Theta,1030-sin-4Hz.avi,oneeighty,sin-oneeighty-4Hz-dar22.wav,180,dar,2,0.669615030288696,1701883559.90203
