respMat_ 1,respMat_ 2,respMat_ 3,respMat_ 4,respMat_ 5,respMat_ 6,respMat_ 7,respMat_ 8,respMat_ 9,respMat_10,respMat_11,respMat_12
7,1,1,Theta,1017-sin-4Hz.avi,oneeighty,sin-oneeighty-4Hz-dar20.wav,180,dar,1,0.000519037246704102,1701942091.29694
7,1,2,Theta,1002-sin-4Hz.avi,oneeighty,sin-oneeighty-4Hz-choir6.wav,180,choir,2,0.33983302116394,1701942095.82245
7,1,3,Theta,1030-sin-4Hz.avi,zero,sin-zero-4Hz-acoustic11.wav,0,acoustic,3,1.9783341884613,1701942102.05595
7,1,4,Theta,1053-sin-4Hz.avi,zero,sin-zero-4Hz-choir15.wav,0,choir,1,0.376636028289795,1701942109.30564
7,1,5,Theta,1004-sin-4Hz.avi,zero,sin-zero-4Hz-dar2.wav,0,dar,2,1.52385020256042,1701942115.21441
7,1,6,Theta,1006-sin-4Hz.avi,oneeighty,sin-oneeighty-4Hz-acoustic23.wav,180,acoustic,3,1.60203003883362,1701942122.86427
7,1,7,Theta,1016-sin-4Hz.avi,oneeighty,sin-oneeighty-4Hz-choir2.wav,180,choir,1,5.51295590400696,1701942130.29723
7,1,8,Theta,1049-sin-4Hz.avi,zero,sin-zero-4Hz-orch3.wav,0,orch,2,0.402306795120239,1701942141.64791
7,1,9,Theta,1052-sin-4Hz.avi,zero,sin-zero-4Hz-orch5.wav,0,orch,2,0.681793928146362,1701942147.06437
7,1,10,Theta,1061-sin-4Hz.avi,zero,sin-zero-4Hz-choir7.wav,0,choir,2,2.12929201126099,1701942152.08103
7,1,11,Theta,1026-sin-4Hz.avi,oneeighty,sin-oneeighty-4Hz-orch22.wav,180,orch,4,0.379312038421631,1701942159.62292
7,1,12,Theta,1034-sin-4Hz.avi,zero,sin-zero-4Hz-dar11.wav,0,dar,4,4.15641403198242,1701942164.78974
7,1,13,Theta,1014-sin-4Hz.avi,oneeighty,sin-oneeighty-4Hz-orch4.wav,180,orch,2,1.86643195152283,1701942174.83989
7,1,14,Theta,1023-sin-4Hz.avi,zero,sin-zero-4Hz-acoustic32.wav,0,acoustic,3,1.34340500831604,1701942182.70676
7,1,15,Theta,1018-sin-4Hz.avi,oneeighty,sin-oneeighty-4Hz-dar17.wav,180,dar,2,0.572686910629272,1701942188.98137
7,1,16,Theta,1010-sin-4Hz.avi,oneeighty,sin-oneeighty-4Hz-acoustic34.wav,180,acoustic,2,2.10162115097046,1701942195.5485
