respMat_ 1,respMat_ 2,respMat_ 3,respMat_ 4,respMat_ 5,respMat_ 6,respMat_ 7,respMat_ 8,respMat_ 9,respMat_10,respMat_11,respMat_12
20,3,1,Theta,1018-sin-4Hz.avi,zero,sin-zero-4Hz-acoustic23.wav,0,acoustic,5,0.000221967697143555,1702571522.63183
20,3,2,Theta,1030-sin-4Hz.avi,oneeighty,sin-oneeighty-4Hz-orch15.wav,180,orch,1,6.38961791992188e-05,1702571528.56517
20,3,3,Theta,1012-sin-4Hz.avi,zero,sin-zero-4Hz-acoustic34.wav,0,acoustic,2,0.35309100151062,1702571533.4735
20,3,4,Theta,1049-sin-4Hz.avi,oneeighty,sin-oneeighty-4Hz-choir23.wav,180,choir,1,0.332114934921265,1702571539.19045
20,3,5,Theta,1029-sin-4Hz.avi,zero,sin-zero-4Hz-choir21.wav,0,choir,1,0.300168991088867,1702571543.99039
20,3,6,Theta,1066-sin-4Hz.avi,oneeighty,sin-oneeighty-4Hz-acoustic32.wav,180,acoustic,1,2.28445196151733,1702571550.18213
20,3,7,Theta,1048-sin-4Hz.avi,zero,sin-zero-4Hz-dar20.wav,0,dar,2,1.13664293289185,1702571558.67391
20,3,8,Theta,1037-sin-4Hz.avi,zero,sin-zero-4Hz-dar13.wav,0,dar,2,0.30696177482605,1702571566.01564
20,3,9,Theta,1061-sin-4Hz.avi,oneeighty,sin-oneeighty-4Hz-choir7.wav,180,choir,1,0.303264856338501,1702571572.3073
20,3,10,Theta,1006-sin-4Hz.avi,zero,sin-zero-4Hz-choir2.wav,0,choir,1,0.308235883712769,1702571577.58235
20,3,11,Theta,1052-sin-4Hz.avi,oneeighty,sin-oneeighty-4Hz-orch20.wav,180,orch,1,1.33249807357788,1702571583.37409
20,3,12,Theta,1013-sin-4Hz.avi,oneeighty,sin-oneeighty-4Hz-acoustic1.wav,180,acoustic,3,0.447726011276245,1702571590.29083
20,3,13,Theta,1051-sin-4Hz.avi,zero,sin-zero-4Hz-orch4.wav,0,orch,1,0.259369850158691,1702571596.39924
20,3,14,Theta,1034-sin-4Hz.avi,oneeighty,sin-oneeighty-4Hz-dar10.wav,180,dar,1,0.327354192733765,1702571602.69926
20,3,15,Theta,1016-sin-4Hz.avi,zero,sin-zero-4Hz-orch22.wav,0,orch,1,0.305314064025879,1702571608.44928
20,3,16,Theta,1033-sin-4Hz.avi,oneeighty,sin-oneeighty-4Hz-dar11.wav,180,dar,3,0.359380960464478,1702571613.49942
