respMat_ 1,respMat_ 2,respMat_ 3,respMat_ 4,respMat_ 5,respMat_ 6,respMat_ 7,respMat_ 8,respMat_ 9,respMat_10,respMat_11,respMat_12
17,6,1,Theta,1023-sin-4Hz.avi,zero,sin-zero-4Hz-dar11.wav,0,dar,4,0.808229923248291,1702475544.51755
17,6,2,Theta,1010-sin-4Hz.avi,oneeighty,sin-oneeighty-4Hz-choir2.wav,180,choir,2,1.30138206481934,1702475549.97638
17,6,3,Theta,1048-sin-4Hz.avi,oneeighty,sin-oneeighty-4Hz-acoustic25.wav,180,acoustic,5,0.286324024200439,1702475556.15945
17,6,4,Theta,1029-sin-4Hz.avi,oneeighty,sin-oneeighty-4Hz-orch4.wav,180,orch,1,1.26429009437561,1702475561.10148
17,6,5,Theta,1015-sin-4Hz.avi,oneeighty,sin-oneeighty-4Hz-acoustic14.wav,180,acoustic,5,0.368498086929321,1702475568.3013
17,6,6,Theta,1012-sin-4Hz.avi,oneeighty,sin-oneeighty-4Hz-choir18.wav,180,choir,3,0.575032949447632,1702475573.1348
17,6,7,Theta,1004-sin-4Hz.avi,zero,sin-zero-4Hz-acoustic1.wav,0,acoustic,3,0.557777166366577,1702475579.36004
17,6,8,Theta,1006-sin-4Hz.avi,oneeighty,sin-oneeighty-4Hz-dar20.wav,180,dar,4,0.902937173843384,1702475585.1429
17,6,9,Theta,1030-sin-4Hz.avi,zero,sin-zero-4Hz-acoustic32.wav,0,acoustic,4,1.30570507049561,1702475592.26016
17,6,10,Theta,1033-sin-4Hz.avi,zero,sin-zero-4Hz-choir15.wav,0,choir,5,0.358150959014893,1702475598.74373
17,6,11,Theta,1016-sin-4Hz.avi,oneeighty,sin-oneeighty-4Hz-dar12.wav,180,dar,2,0.751161098480225,1702475604.31873
17,6,12,Theta,1051-sin-4Hz.avi,oneeighty,sin-oneeighty-4Hz-orch24.wav,180,orch,2,1.55878186225891,1702475610.32712
17,6,13,Theta,1061-sin-4Hz.avi,zero,sin-zero-4Hz-dar10.wav,0,dar,2,2.49400091171265,1702475617.74393
17,6,14,Theta,1066-sin-4Hz.avi,zero,sin-zero-4Hz-orch15.wav,0,orch,4,0.359840869903564,1702475626.10213
17,6,15,Theta,1052-sin-4Hz.avi,zero,sin-zero-4Hz-orch20.wav,0,orch,2,0.378082036972046,1702475630.83584
17,6,16,Theta,1034-sin-4Hz.avi,zero,sin-zero-4Hz-choir23.wav,0,choir,5,0.40057897567749,1702475636.87743
