respMat_ 1,respMat_ 2,respMat_ 3,respMat_ 4,respMat_ 5,respMat_ 6,respMat_ 7,respMat_ 8,respMat_ 9,respMat_10,respMat_11,respMat_12
18,2,1,Theta,1013-sin-4Hz.avi,oneeighty,sin-oneeighty-4Hz-acoustic32.wav,180,acoustic,5,0.349441051483154,1702480433.47681
18,2,2,Theta,1052-sin-4Hz.avi,oneeighty,sin-oneeighty-4Hz-choir15.wav,180,choir,3,1.36004590988159,1702480439.01021
18,2,3,Theta,1022-sin-4Hz.avi,oneeighty,sin-oneeighty-4Hz-orch5.wav,180,orch,5,0.480931043624878,1702480445.58533
18,2,4,Theta,1012-sin-4Hz.avi,zero,sin-zero-4Hz-acoustic25.wav,0,acoustic,2,0.526808977127075,1702480451.23538
18,2,5,Theta,1043-sin-4Hz.avi,zero,sin-zero-4Hz-choir2.wav,0,choir,3,1.32197403907776,1702480457.96023
18,2,6,Theta,1030-sin-4Hz.avi,oneeighty,sin-oneeighty-4Hz-orch15.wav,180,orch,4,1.82684707641602,1702480464.73546
18,2,7,Theta,1053-sin-4Hz.avi,oneeighty,sin-oneeighty-4Hz-choir7.wav,180,choir,2,1.7463710308075,1702480472.14392
18,2,8,Theta,1061-sin-4Hz.avi,oneeighty,sin-oneeighty-4Hz-acoustic7.wav,180,acoustic,2,2.29016184806824,1702480479.74406
18,2,9,Theta,1029-sin-4Hz.avi,zero,sin-zero-4Hz-choir18.wav,0,choir,3,6.07415318489075,1702480486.36007
18,2,10,Theta,1017-sin-4Hz.avi,zero,sin-zero-4Hz-orch4.wav,0,orch,1,1.20212006568909,1702480497.74419
18,2,11,Theta,1034-sin-4Hz.avi,oneeighty,sin-oneeighty-4Hz-dar11.wav,180,dar,5,0.826253175735474,1702480503.33594
18,2,12,Theta,1018-sin-4Hz.avi,zero,sin-zero-4Hz-orch22.wav,0,orch,2,2.71142387390137,1702480508.81101
18,2,13,Theta,1033-sin-4Hz.avi,oneeighty,sin-oneeighty-4Hz-dar22.wav,180,dar,4,0.790865898132324,1702480517.4194
18,2,14,Theta,1037-sin-4Hz.avi,zero,sin-zero-4Hz-dar13.wav,0,dar,3,3.30548191070557,1702480523.35277
18,2,15,Theta,1048-sin-4Hz.avi,zero,sin-zero-4Hz-dar20.wav,0,dar,3,6.33155417442322,1702480531.70268
18,2,16,Theta,1003-sin-4Hz.avi,zero,sin-zero-4Hz-acoustic34.wav,0,acoustic,3,0.369859933853149,1702480543.74441
