respMat_ 1,respMat_ 2,respMat_ 3,respMat_ 4,respMat_ 5,respMat_ 6,respMat_ 7,respMat_ 8,respMat_ 9,respMat_10,respMat_11,respMat_12
19,6,1,Theta,1013-sin-4Hz.avi,zero,sin-zero-4Hz-choir14.wav,0,choir,3,0.931810140609741,1702565321.25866
19,6,2,Theta,1012-sin-4Hz.avi,oneeighty,sin-oneeighty-4Hz-choir18.wav,180,choir,2,0.810118913650513,1702565327.70032
19,6,3,Theta,1053-sin-4Hz.avi,zero,sin-zero-4Hz-orch5.wav,0,orch,2,0.451880931854248,1702565333.05056
19,6,4,Theta,1030-sin-4Hz.avi,zero,sin-zero-4Hz-orch3.wav,0,orch,2,0.741956949234009,1702565339.00051
19,6,5,Theta,1018-sin-4Hz.avi,oneeighty,sin-oneeighty-4Hz-dar13.wav,180,dar,3,0.494858026504517,1702565345.77562
19,6,6,Theta,1017-sin-4Hz.avi,oneeighty,sin-oneeighty-4Hz-dar12.wav,180,dar,2,0.948168992996216,1702565352.44231
19,6,7,Theta,1004-sin-4Hz.avi,zero,sin-zero-4Hz-acoustic1.wav,0,acoustic,3,1.5284059047699,1702565358.53409
19,6,8,Theta,1014-sin-4Hz.avi,oneeighty,sin-oneeighty-4Hz-choir2.wav,180,choir,3,0.316762924194336,1702565364.62575
19,6,9,Theta,1061-sin-4Hz.avi,zero,sin-zero-4Hz-choir23.wav,0,choir,3,0.774538993835449,1702565369.57595
19,6,10,Theta,1024-sin-4Hz.avi,zero,sin-zero-4Hz-dar2.wav,0,dar,3,1.98419809341431,1702565376.33434
19,6,11,Theta,1043-sin-4Hz.avi,oneeighty,sin-oneeighty-4Hz-orch22.wav,180,orch,3,0.402244091033936,1702565382.68428
19,6,12,Theta,1066-sin-4Hz.avi,zero,sin-zero-4Hz-dar11.wav,0,dar,1,0.830857038497925,1702565387.96769
19,6,13,Theta,1006-sin-4Hz.avi,oneeighty,sin-oneeighty-4Hz-acoustic34.wav,180,acoustic,2,1.30451202392578,1702565393.12601
19,6,14,Theta,1027-sin-4Hz.avi,zero,sin-zero-4Hz-acoustic11.wav,0,acoustic,2,2.43661689758301,1702565400.21793
19,6,15,Theta,1016-sin-4Hz.avi,oneeighty,sin-oneeighty-4Hz-acoustic23.wav,180,acoustic,3,0.324267148971558,1702565408.42631
19,6,16,Theta,1003-sin-4Hz.avi,oneeighty,sin-oneeighty-4Hz-orch24.wav,180,orch,2,0.540166139602661,1702565414.22641
