respMat_ 1,respMat_ 2,respMat_ 3,respMat_ 4,respMat_ 5,respMat_ 6,respMat_ 7,respMat_ 8,respMat_ 9,respMat_10,respMat_11,respMat_12
19,3,1,Theta,1037-sin-4Hz.avi,oneeighty,sin-oneeighty-4Hz-acoustic25.wav,180,acoustic,2,0.341506004333496,1702565013.09655
19,3,2,Theta,1022-sin-4Hz.avi,zero,sin-zero-4Hz-dar10.wav,0,dar,1,0.425405979156494,1702565017.79667
19,3,3,Theta,1034-sin-4Hz.avi,zero,sin-zero-4Hz-acoustic32.wav,0,acoustic,2,1.55404090881348,1702565023.58007
19,3,4,Theta,1026-sin-4Hz.avi,oneeighty,sin-oneeighty-4Hz-dar20.wav,180,dar,3,0.482023000717163,1702565029.58008
19,3,5,Theta,1023-sin-4Hz.avi,zero,sin-zero-4Hz-orch15.wav,0,orch,3,0.509904861450195,1702565035.68022
19,3,6,Theta,1044-sin-4Hz.avi,zero,sin-zero-4Hz-dar22.wav,0,dar,2,0.357368946075439,1702565042.08873
19,3,7,Theta,1033-sin-4Hz.avi,zero,sin-zero-4Hz-choir7.wav,0,choir,3,1.11939907073975,1702565048.6387
19,3,8,Theta,1015-sin-4Hz.avi,oneeighty,sin-oneeighty-4Hz-orch23.wav,180,orch,1,0.655436992645264,1702565055.83871
19,3,9,Theta,1029-sin-4Hz.avi,oneeighty,sin-oneeighty-4Hz-acoustic14.wav,180,acoustic,3,0.52701997756958,1702565061.2471
19,3,10,Theta,1002-sin-4Hz.avi,oneeighty,sin-oneeighty-4Hz-choir21.wav,180,choir,2,0.516657114028931,1702565066.50549
19,3,11,Theta,1048-sin-4Hz.avi,oneeighty,sin-oneeighty-4Hz-dar17.wav,180,dar,2,0.700515031814575,1702565071.29764
19,3,12,Theta,1025-sin-4Hz.avi,zero,sin-zero-4Hz-orch20.wav,0,orch,2,0.723174095153809,1702565076.93897
19,3,13,Theta,1051-sin-4Hz.avi,oneeighty,sin-oneeighty-4Hz-choir6.wav,180,choir,4,1.13444900512695,1702565083.05576
19,3,14,Theta,1049-sin-4Hz.avi,zero,sin-zero-4Hz-choir15.wav,0,choir,3,0.105655193328857,1702565089.57251
19,3,15,Theta,1052-sin-4Hz.avi,zero,sin-zero-4Hz-acoustic7.wav,0,acoustic,3,0.435341119766235,1702565095.93086
19,3,16,Theta,1010-sin-4Hz.avi,oneeighty,sin-oneeighty-4Hz-orch4.wav,180,orch,2,0.255908012390137,1702565102.41427
