respMat_ 1,respMat_ 2,respMat_ 3,respMat_ 4,respMat_ 5,respMat_ 6,respMat_ 7,respMat_ 8,respMat_ 9,respMat_10,respMat_11,respMat_12
9,5,1,Theta,1066-sin-4Hz.avi,zero,sin-zero-4Hz-dar2.wav,0,dar,1,0.349189043045044,1701956778.46975
9,5,2,Theta,1048-sin-4Hz.avi,oneeighty,sin-oneeighty-4Hz-orch24.wav,180,orch,3,0.671313047409058,1701956784.61177
9,5,3,Theta,1024-sin-4Hz.avi,zero,sin-zero-4Hz-choir7.wav,0,choir,1,0.916501998901367,1701956790.87857
9,5,4,Theta,1003-sin-4Hz.avi,oneeighty,sin-oneeighty-4Hz-choir2.wav,180,choir,1,0.397536039352417,1701956796.85348
9,5,5,Theta,1027-sin-4Hz.avi,zero,sin-zero-4Hz-orch5.wav,0,orch,3,0.424040079116821,1701956801.78702
9,5,6,Theta,1053-sin-4Hz.avi,zero,sin-zero-4Hz-acoustic11.wav,0,acoustic,5,0.319028854370117,1701956808.42004
9,5,7,Theta,1051-sin-4Hz.avi,oneeighty,sin-oneeighty-4Hz-acoustic23.wav,180,acoustic,4,2.08190107345581,1701956813.7452
9,5,8,Theta,1013-sin-4Hz.avi,zero,sin-zero-4Hz-dar22.wav,0,dar,5,0.390670776367188,1701956820.62042
9,5,9,Theta,1026-sin-4Hz.avi,oneeighty,sin-oneeighty-4Hz-orch23.wav,180,orch,4,0.364438056945801,1701956826.07065
9,5,10,Theta,1061-sin-4Hz.avi,zero,sin-zero-4Hz-acoustic32.wav,0,acoustic,4,0.348323106765747,1701956832.47068
9,5,11,Theta,1010-sin-4Hz.avi,oneeighty,sin-oneeighty-4Hz-acoustic14.wav,180,acoustic,5,0.422110080718994,1701956839.037
9,5,12,Theta,1004-sin-4Hz.avi,zero,sin-zero-4Hz-choir23.wav,0,choir,4,0.461710214614868,1701956845.23739
9,5,13,Theta,1043-sin-4Hz.avi,oneeighty,sin-oneeighty-4Hz-dar20.wav,180,dar,5,0.359205007553101,1701956850.79593
9,5,14,Theta,1002-sin-4Hz.avi,oneeighty,sin-oneeighty-4Hz-dar13.wav,180,dar,1,0.370084047317505,1701956856.72101
9,5,15,Theta,1017-sin-4Hz.avi,oneeighty,sin-oneeighty-4Hz-choir18.wav,180,choir,2,0.342311143875122,1701956861.62881
9,5,16,Theta,1034-sin-4Hz.avi,zero,sin-zero-4Hz-orch3.wav,0,orch,4,0.370461940765381,1701956866.51263
