respMat_ 1,respMat_ 2,respMat_ 3,respMat_ 4,respMat_ 5,respMat_ 6,respMat_ 7,respMat_ 8,respMat_ 9,respMat_10,respMat_11,respMat_12
6,3,1,Theta,1066-sin-4Hz.avi,oneeighty,sin-oneeighty-4Hz-choir15.wav,180,choir,3,0.291866064071655,1701883381.19158
6,3,2,Theta,1025-sin-4Hz.avi,oneeighty,sin-oneeighty-4Hz-orch20.wav,180,orch,1,0.340285062789917,1701883386.77526
6,3,3,Theta,1012-sin-4Hz.avi,zero,sin-zero-4Hz-dar13.wav,0,dar,2,0.531920909881592,1701883393.38349
6,3,4,Theta,1049-sin-4Hz.avi,oneeighty,sin-oneeighty-4Hz-dar10.wav,180,dar,4,0.165886163711548,1701883399.33355
6,3,5,Theta,1017-sin-4Hz.avi,zero,sin-zero-4Hz-dar20.wav,0,dar,2,0.400100946426392,1701883404.28333
6,3,6,Theta,1027-sin-4Hz.avi,oneeighty,sin-oneeighty-4Hz-acoustic32.wav,180,acoustic,3,0.471558809280396,1701883410.29199
6,3,7,Theta,1051-sin-4Hz.avi,zero,sin-zero-4Hz-acoustic34.wav,0,acoustic,2,0.340488195419312,1701883415.95891
6,3,8,Theta,1026-sin-4Hz.avi,zero,sin-zero-4Hz-orch24.wav,0,orch,5,0.344139099121094,1701883420.67531
6,3,9,Theta,1052-sin-4Hz.avi,oneeighty,sin-oneeighty-4Hz-acoustic1.wav,180,acoustic,3,0.226651906967163,1701883426.21686
6,3,10,Theta,1033-sin-4Hz.avi,oneeighty,sin-oneeighty-4Hz-dar2.wav,180,dar,5,0.500015020370483,1701883432.37546
6,3,11,Theta,1061-sin-4Hz.avi,oneeighty,sin-oneeighty-4Hz-choir7.wav,180,choir,3,0.260190963745117,1701883438.56738
6,3,12,Theta,1010-sin-4Hz.avi,zero,sin-zero-4Hz-choir6.wav,0,choir,2,0.310357093811035,1701883444.91713
6,3,13,Theta,1015-sin-4Hz.avi,zero,sin-zero-4Hz-choir21.wav,0,choir,3,0.000324010848999023,1701883451.41726
6,3,14,Theta,1006-sin-4Hz.avi,zero,sin-zero-4Hz-orch22.wav,0,orch,2,0.275729894638062,1701883456.58379
6,3,15,Theta,1029-sin-4Hz.avi,zero,sin-zero-4Hz-acoustic14.wav,0,acoustic,3,0.0799720287322998,1701883461.46757
6,3,16,Theta,1024-sin-4Hz.avi,oneeighty,sin-oneeighty-4Hz-orch3.wav,180,orch,5,0.288095951080322,1701883467.65938
