respMat_ 1,respMat_ 2,respMat_ 3,respMat_ 4,respMat_ 5,respMat_ 6,respMat_ 7,respMat_ 8,respMat_ 9,respMat_10,respMat_11,respMat_12
8,3,1,Theta,1033-sin-4Hz.avi,oneeighty,sin-oneeighty-4Hz-orch3.wav,180,orch,5,1.96375584602356,1705495802.98307
8,3,2,Theta,1027-sin-4Hz.avi,oneeighty,sin-oneeighty-4Hz-acoustic1.wav,180,acoustic,2,1.17546200752258,1705495809.49957
8,3,3,Theta,1010-sin-4Hz.avi,zero,sin-zero-4Hz-orch24.wav,0,orch,3,3.36444187164307,1705495815.35836
8,3,4,Theta,1012-sin-4Hz.avi,zero,sin-zero-4Hz-choir21.wav,0,choir,4,2.1207480430603,1705495824.25005
8,3,5,Theta,1049-sin-4Hz.avi,oneeighty,sin-oneeighty-4Hz-orch15.wav,180,orch,5,0.859286069869995,1705495830.9835
8,3,6,Theta,1006-sin-4Hz.avi,zero,sin-zero-4Hz-orch22.wav,0,orch,5,1.01728796958923,1705495836.44149
8,3,7,Theta,1002-sin-4Hz.avi,zero,sin-zero-4Hz-dar17.wav,0,dar,5,0.432175874710083,1705495843.45859
8,3,8,Theta,1043-sin-4Hz.avi,zero,sin-zero-4Hz-dar20.wav,0,dar,2,2.18710112571716,1705495849.38365
8,3,9,Theta,1017-sin-4Hz.avi,zero,sin-zero-4Hz-acoustic25.wav,0,acoustic,3,2.38787388801575,1705495855.96686
8,3,10,Theta,1004-sin-4Hz.avi,oneeighty,sin-oneeighty-4Hz-dar22.wav,180,dar,5,2.86806702613831,1705495863.96664
8,3,11,Theta,1052-sin-4Hz.avi,oneeighty,sin-oneeighty-4Hz-dar10.wav,180,dar,5,1.6325159072876,1705495872.05018
8,3,12,Theta,1053-sin-4Hz.avi,oneeighty,sin-oneeighty-4Hz-choir15.wav,180,choir,2,0.732370853424072,1705495878.55032
8,3,13,Theta,1016-sin-4Hz.avi,zero,sin-zero-4Hz-choir6.wav,0,choir,4,1.64151811599731,1705495884.42514
8,3,14,Theta,1048-sin-4Hz.avi,zero,sin-zero-4Hz-acoustic34.wav,0,acoustic,5,0.607447147369385,1705495891.87521
8,3,15,Theta,1044-sin-4Hz.avi,oneeighty,sin-oneeighty-4Hz-acoustic32.wav,180,acoustic,3,1.4210000038147,1705495897.92562
8,3,16,Theta,1013-sin-4Hz.avi,oneeighty,sin-oneeighty-4Hz-choir23.wav,180,choir,3,0.923389911651611,1705495905.36726
