respMat_ 1,respMat_ 2,respMat_ 3,respMat_ 4,respMat_ 5,respMat_ 6,respMat_ 7,respMat_ 8,respMat_ 9,respMat_10,respMat_11,respMat_12
11,1,1,Theta,1025-sin-4Hz.avi,zero,sin-zero-4Hz-choir14.wav,0,choir,2,1.14395618438721,1702289539.90456
11,1,2,Theta,1030-sin-4Hz.avi,zero,sin-zero-4Hz-dar2.wav,0,dar,3,1.74155497550964,1702289547.16295
11,1,3,Theta,1022-sin-4Hz.avi,zero,sin-zero-4Hz-orch15.wav,0,orch,1,0.391778945922852,1702289553.69671
11,1,4,Theta,1003-sin-4Hz.avi,oneeighty,sin-oneeighty-4Hz-orch24.wav,180,orch,2,1.11104297637939,1702289558.91335
11,1,5,Theta,1004-sin-4Hz.avi,zero,sin-zero-4Hz-dar10.wav,0,dar,1,1.4955370426178,1702289565.1049
11,1,6,Theta,1024-sin-4Hz.avi,zero,sin-zero-4Hz-acoustic1.wav,0,acoustic,2,0.463923931121826,1702289571.89651
11,1,7,Theta,1037-sin-4Hz.avi,oneeighty,sin-oneeighty-4Hz-orch4.wav,180,orch,3,0.689662933349609,1702289577.04675
11,1,8,Theta,1014-sin-4Hz.avi,oneeighty,sin-oneeighty-4Hz-acoustic23.wav,180,acoustic,4,1.06380105018616,1702289582.49673
11,1,9,Theta,1053-sin-4Hz.avi,zero,sin-zero-4Hz-choir23.wav,0,choir,2,0.412524938583374,1702289588.57188
11,1,10,Theta,1010-sin-4Hz.avi,oneeighty,sin-oneeighty-4Hz-choir6.wav,180,choir,2,0.431538105010986,1702289594.52145
11,1,11,Theta,1006-sin-4Hz.avi,oneeighty,sin-oneeighty-4Hz-acoustic34.wav,180,acoustic,3,1.59711909294128,1702289600.5553
11,1,12,Theta,1015-sin-4Hz.avi,oneeighty,sin-oneeighty-4Hz-dar17.wav,180,dar,4,0.378077983856201,1702289608.43034
11,1,13,Theta,1033-sin-4Hz.avi,zero,sin-zero-4Hz-acoustic7.wav,0,acoustic,3,0.930316925048828,1702289614.02212
11,1,14,Theta,1051-sin-4Hz.avi,oneeighty,sin-oneeighty-4Hz-dar12.wav,180,dar,1,0.75112509727478,1702289619.89729
11,1,15,Theta,1049-sin-4Hz.avi,zero,sin-zero-4Hz-orch5.wav,0,orch,2,2.3003990650177,1702289625.37222
11,1,16,Theta,1018-sin-4Hz.avi,oneeighty,sin-oneeighty-4Hz-choir18.wav,180,choir,1,0.576560020446777,1702289632.07183
