respMat_ 1,respMat_ 2,respMat_ 3,respMat_ 4,respMat_ 5,respMat_ 6,respMat_ 7,respMat_ 8,respMat_ 9,respMat_10,respMat_11,respMat_12
5,8,1,Theta,1027-sin-4Hz.avi,zero,sin-zero-4Hz-acoustic1.wav,0,acoustic,4,0.347480058670044,1701696717.20277
5,8,2,Theta,1052-sin-4Hz.avi,zero,sin-zero-4Hz-dar2.wav,0,dar,1,0.311302900314331,1701696722.90305
5,8,3,Theta,1053-sin-4Hz.avi,zero,sin-zero-4Hz-orch3.wav,0,orch,1,0.315929174423218,1701696727.58643
5,8,4,Theta,1015-sin-4Hz.avi,oneeighty,sin-oneeighty-4Hz-acoustic23.wav,180,acoustic,3,0.187071084976196,1701696734.00323
5,8,5,Theta,1010-sin-4Hz.avi,oneeighty,sin-oneeighty-4Hz-orch22.wav,180,orch,4,1.82854199409485,1701696739.97788
5,8,6,Theta,1004-sin-4Hz.avi,zero,sin-zero-4Hz-choir7.wav,0,choir,2,0.298818111419678,1701696746.21158
5,8,7,Theta,1044-sin-4Hz.avi,zero,sin-zero-4Hz-dar11.wav,0,dar,4,0.320446968078613,1701696752.07797
5,8,8,Theta,1023-sin-4Hz.avi,zero,sin-zero-4Hz-orch15.wav,0,orch,1,0.29659104347229,1701696758.06984
5,8,9,Theta,1029-sin-4Hz.avi,oneeighty,sin-oneeighty-4Hz-choir6.wav,180,choir,1,0.356201171875,1701696764.17022
5,8,10,Theta,1006-sin-4Hz.avi,oneeighty,sin-oneeighty-4Hz-dar12.wav,180,dar,2,0.837835073471069,1701696770.53659
5,8,11,Theta,1066-sin-4Hz.avi,zero,sin-zero-4Hz-acoustic7.wav,0,acoustic,3,0.420665979385376,1701696776.76179
5,8,12,Theta,1051-sin-4Hz.avi,oneeighty,sin-oneeighty-4Hz-dar20.wav,180,dar,1,0.521229982376099,1701696783.44521
5,8,13,Theta,1049-sin-4Hz.avi,zero,sin-zero-4Hz-choir15.wav,0,choir,3,0.732971906661987,1701696788.54551
5,8,14,Theta,1003-sin-4Hz.avi,oneeighty,sin-oneeighty-4Hz-choir21.wav,180,choir,1,0.294051170349121,1701696795.32042
5,8,15,Theta,1017-sin-4Hz.avi,oneeighty,sin-oneeighty-4Hz-acoustic34.wav,180,acoustic,4,0.280145168304443,1701696800.26234
5,8,16,Theta,1026-sin-4Hz.avi,oneeighty,sin-oneeighty-4Hz-orch23.wav,180,orch,4,1.49279284477234,1701696804.95365
