respMat_ 1,respMat_ 2,respMat_ 3,respMat_ 4,respMat_ 5,respMat_ 6,respMat_ 7,respMat_ 8,respMat_ 9,respMat_10,respMat_11,respMat_12
7,8,1,Theta,1014-sin-4Hz.avi,oneeighty,sin-oneeighty-4Hz-orch4.wav,180,orch,2,0.331212043762207,1701942902.03876
7,8,2,Theta,1034-sin-4Hz.avi,zero,sin-zero-4Hz-dar11.wav,0,dar,3,0.381172895431519,1701942906.78876
7,8,3,Theta,1026-sin-4Hz.avi,oneeighty,sin-oneeighty-4Hz-orch22.wav,180,orch,3,0.371015071868896,1701942913.43896
7,8,4,Theta,1061-sin-4Hz.avi,zero,sin-zero-4Hz-choir7.wav,0,choir,3,0.411017894744873,1701942918.43896
7,8,5,Theta,1017-sin-4Hz.avi,oneeighty,sin-oneeighty-4Hz-dar20.wav,180,dar,3,2.76747107505798,1701942924.32241
7,8,6,Theta,1053-sin-4Hz.avi,zero,sin-zero-4Hz-choir15.wav,0,choir,2,1.17783308029175,1701942933.06415
7,8,7,Theta,1004-sin-4Hz.avi,zero,sin-zero-4Hz-dar2.wav,0,dar,4,1.61380195617676,1701942939.57223
7,8,8,Theta,1006-sin-4Hz.avi,oneeighty,sin-oneeighty-4Hz-acoustic23.wav,180,acoustic,4,0.358877897262573,1701942946.73124
7,8,9,Theta,1018-sin-4Hz.avi,oneeighty,sin-oneeighty-4Hz-dar17.wav,180,dar,3,0.659481048583984,1701942951.6147
7,8,10,Theta,1030-sin-4Hz.avi,zero,sin-zero-4Hz-acoustic11.wav,0,acoustic,4,0.371206998825073,1701942956.623
7,8,11,Theta,1052-sin-4Hz.avi,zero,sin-zero-4Hz-orch5.wav,0,orch,1,0.530727863311768,1701942963.03959
7,8,12,Theta,1002-sin-4Hz.avi,oneeighty,sin-oneeighty-4Hz-choir6.wav,180,choir,2,0.369702816009521,1701942968.86464
7,8,13,Theta,1016-sin-4Hz.avi,oneeighty,sin-oneeighty-4Hz-choir2.wav,180,choir,2,0.672816038131714,1701942975.28159
7,8,14,Theta,1010-sin-4Hz.avi,oneeighty,sin-oneeighty-4Hz-acoustic34.wav,180,acoustic,4,0.724963188171387,1701942981.18147
7,8,15,Theta,1023-sin-4Hz.avi,zero,sin-zero-4Hz-acoustic32.wav,0,acoustic,4,0.23894190788269,1701942987.5236
7,8,16,Theta,1049-sin-4Hz.avi,zero,sin-zero-4Hz-orch3.wav,0,orch,3,2.10736298561096,1701942993.60721
