respMat_ 1,respMat_ 2,respMat_ 3,respMat_ 4,respMat_ 5,respMat_ 6,respMat_ 7,respMat_ 8,respMat_ 9,respMat_10,respMat_11,respMat_12
23,8,1,Theta,1048-sin-4Hz.avi,oneeighty,sin-oneeighty-4Hz-orch4.wav,180,orch,2,0.542807102203369,1705330572.14623
23,8,2,Theta,1016-sin-4Hz.avi,oneeighty,sin-oneeighty-4Hz-dar12.wav,180,dar,4,0.327517986297607,1705330578.32949
23,8,3,Theta,1014-sin-4Hz.avi,oneeighty,sin-oneeighty-4Hz-dar20.wav,180,dar,4,0.328087091445923,1705330584.31291
23,8,4,Theta,1018-sin-4Hz.avi,oneeighty,sin-oneeighty-4Hz-acoustic34.wav,180,acoustic,4,0.323065996170044,1705330589.83794
23,8,5,Theta,1052-sin-4Hz.avi,zero,sin-zero-4Hz-choir15.wav,0,choir,2,0.253089189529419,1705330594.57991
23,8,6,Theta,1030-sin-4Hz.avi,zero,sin-zero-4Hz-orch5.wav,0,orch,3,0.257373094558716,1705330600.67164
23,8,7,Theta,1066-sin-4Hz.avi,zero,sin-zero-4Hz-dar2.wav,0,dar,2,0.317220211029053,1705330606.17977
23,8,8,Theta,1033-sin-4Hz.avi,zero,sin-zero-4Hz-dar11.wav,0,dar,5,0.242727994918823,1705330611.03821
23,8,9,Theta,1010-sin-4Hz.avi,oneeighty,sin-oneeighty-4Hz-choir2.wav,180,choir,3,0.373716115951538,1705330616.36327
23,8,10,Theta,1053-sin-4Hz.avi,zero,sin-zero-4Hz-acoustic1.wav,0,acoustic,5,0.153237104415894,1705330621.67171
23,8,11,Theta,1037-sin-4Hz.avi,oneeighty,sin-oneeighty-4Hz-orch22.wav,180,orch,2,0.339015007019043,1705330626.82993
23,8,12,Theta,1026-sin-4Hz.avi,oneeighty,sin-oneeighty-4Hz-choir6.wav,180,choir,3,0.269865989685059,1705330631.95503
23,8,13,Theta,1004-sin-4Hz.avi,zero,sin-zero-4Hz-acoustic11.wav,0,acoustic,4,0.280202865600586,1705330637.8967
23,8,14,Theta,1024-sin-4Hz.avi,zero,sin-zero-4Hz-orch3.wav,0,orch,4,0.300611019134521,1705330643.9883
23,8,15,Theta,1029-sin-4Hz.avi,oneeighty,sin-oneeighty-4Hz-acoustic23.wav,180,acoustic,4,0.395297050476074,1705330648.61353
23,8,16,Theta,1023-sin-4Hz.avi,zero,sin-zero-4Hz-choir7.wav,0,choir,4,0.271474838256836,1705330654.51337
