respMat_ 1,respMat_ 2,respMat_ 3,respMat_ 4,respMat_ 5,respMat_ 6,respMat_ 7,respMat_ 8,respMat_ 9,respMat_10,respMat_11,respMat_12
7,5,1,Theta,1066-sin-4Hz.avi,zero,sin-zero-4Hz-dar22.wav,0,dar,3,1.51779890060425,1701942566.45221
7,5,2,Theta,1025-sin-4Hz.avi,zero,sin-zero-4Hz-choir14.wav,0,choir,2,0.380947828292847,1701942573.07706
7,5,3,Theta,1015-sin-4Hz.avi,oneeighty,sin-oneeighty-4Hz-acoustic25.wav,180,acoustic,5,0.310699224472046,1701942578.63531
7,5,4,Theta,1051-sin-4Hz.avi,oneeighty,sin-oneeighty-4Hz-dar13.wav,180,dar,3,6.34100890159607,1701942584.47698
7,5,5,Theta,1037-sin-4Hz.avi,oneeighty,sin-oneeighty-4Hz-orch23.wav,180,orch,3,0.480929851531982,1701942595.96907
7,5,6,Theta,1048-sin-4Hz.avi,oneeighty,sin-oneeighty-4Hz-orch24.wav,180,orch,1,0.419201850891113,1701942600.9108
7,5,7,Theta,1029-sin-4Hz.avi,oneeighty,sin-oneeighty-4Hz-dar12.wav,180,dar,2,3.72183012962341,1701942606.55216
7,5,8,Theta,1013-sin-4Hz.avi,zero,sin-zero-4Hz-acoustic1.wav,0,acoustic,4,0.672399997711182,1701942614.57759
7,5,9,Theta,1043-sin-4Hz.avi,oneeighty,sin-oneeighty-4Hz-acoustic14.wav,180,acoustic,5,0.446701049804688,1701942619.61929
7,5,10,Theta,1044-sin-4Hz.avi,zero,sin-zero-4Hz-orch15.wav,0,orch,4,0.35154390335083,1701942625.3945
7,5,11,Theta,1012-sin-4Hz.avi,oneeighty,sin-oneeighty-4Hz-choir18.wav,180,choir,4,0.468544960021973,1701942631.46944
7,5,12,Theta,1027-sin-4Hz.avi,zero,sin-zero-4Hz-orch20.wav,0,orch,2,0.884943962097168,1701942636.46104
7,5,13,Theta,1033-sin-4Hz.avi,zero,sin-zero-4Hz-choir23.wav,0,choir,2,1.10682082176208,1701942643.31114
7,5,14,Theta,1022-sin-4Hz.avi,zero,sin-zero-4Hz-acoustic7.wav,0,acoustic,5,0.315645933151245,1701942650.48628
7,5,15,Theta,1003-sin-4Hz.avi,oneeighty,sin-oneeighty-4Hz-choir21.wav,180,choir,2,0.371984958648682,1701942656.07802
7,5,16,Theta,1024-sin-4Hz.avi,zero,sin-zero-4Hz-dar10.wav,0,dar,1,0.413617849349976,1701942662.43637
