respMat_ 1,respMat_ 2,respMat_ 3,respMat_ 4,respMat_ 5,respMat_ 6,respMat_ 7,respMat_ 8,respMat_ 9,respMat_10,respMat_11,respMat_12
15,6,1,Theta,1061-sin-4Hz.avi,zero,sin-zero-4Hz-dar10.wav,0,dar,1,0.252784013748169,1702467997.44533
15,6,2,Theta,1033-sin-4Hz.avi,zero,sin-zero-4Hz-acoustic32.wav,0,acoustic,3,1.94444489479065,1702468003.96165
15,6,3,Theta,1066-sin-4Hz.avi,zero,sin-zero-4Hz-orch5.wav,0,orch,2,0.731137990951538,1702468011.47898
15,6,4,Theta,1015-sin-4Hz.avi,oneeighty,sin-oneeighty-4Hz-choir18.wav,180,choir,1,0.227128982543945,1702468016.879
15,6,5,Theta,1016-sin-4Hz.avi,oneeighty,sin-oneeighty-4Hz-dar20.wav,180,dar,2,0.394002199172974,1702468023.11214
15,6,6,Theta,1030-sin-4Hz.avi,zero,sin-zero-4Hz-acoustic11.wav,0,acoustic,3,4.4893491268158,1702468029.32078
15,6,7,Theta,1027-sin-4Hz.avi,zero,sin-zero-4Hz-choir7.wav,0,choir,1,1.5256359577179,1702468038.4125
15,6,8,Theta,1048-sin-4Hz.avi,oneeighty,sin-oneeighty-4Hz-orch4.wav,180,orch,1,0.269736051559448,1702468044.8043
15,6,9,Theta,1012-sin-4Hz.avi,oneeighty,sin-oneeighty-4Hz-acoustic14.wav,180,acoustic,3,3.79969501495361,1702468050.76239
15,6,10,Theta,1003-sin-4Hz.avi,oneeighty,sin-oneeighty-4Hz-dar17.wav,180,dar,4,0.977964878082275,1702468059.29612
15,6,11,Theta,1023-sin-4Hz.avi,zero,sin-zero-4Hz-orch3.wav,0,orch,2,1.18524885177612,1702468064.91277
15,6,12,Theta,1010-sin-4Hz.avi,oneeighty,sin-oneeighty-4Hz-acoustic25.wav,180,acoustic,4,0.174162864685059,1702468070.78787
15,6,13,Theta,1018-sin-4Hz.avi,oneeighty,sin-oneeighty-4Hz-choir21.wav,180,choir,1,0.201637983322144,1702468076.10446
15,6,14,Theta,1013-sin-4Hz.avi,zero,sin-zero-4Hz-choir23.wav,0,choir,2,2.96848511695862,1702468081.92962
15,6,15,Theta,1029-sin-4Hz.avi,oneeighty,sin-oneeighty-4Hz-orch22.wav,180,orch,3,2.67493391036987,1702468090.27114
15,6,16,Theta,1049-sin-4Hz.avi,zero,sin-zero-4Hz-dar22.wav,0,dar,3,0.39785099029541,1702468097.58821
