respMat_ 1,respMat_ 2,respMat_ 3,respMat_ 4,respMat_ 5,respMat_ 6,respMat_ 7,respMat_ 8,respMat_ 9,respMat_10,respMat_11,respMat_12
1,8,1,Theta,1024-sin-4Hz.avi,zero,sin-zero-4Hz-acoustic1.wav,0,acoustic,3,1.80777502059937,1701347417.21684
1,8,2,Theta,1026-sin-4Hz.avi,oneeighty,sin-oneeighty-4Hz-choir6.wav,180,choir,4,1.84888911247253,1701347423.78374
1,8,3,Theta,1049-sin-4Hz.avi,zero,sin-zero-4Hz-dar10.wav,0,dar,4,1.72184610366821,1701347430.56675
1,8,4,Theta,1023-sin-4Hz.avi,zero,sin-zero-4Hz-dar11.wav,0,dar,4,1.20397615432739,1701347438.1086
1,8,5,Theta,1002-sin-4Hz.avi,oneeighty,sin-oneeighty-4Hz-choir2.wav,180,choir,4,0.587641000747681,1701347443.90893
1,8,6,Theta,1015-sin-4Hz.avi,oneeighty,sin-oneeighty-4Hz-dar20.wav,180,dar,2,1.34587812423706,1701347448.95872
1,8,7,Theta,1043-sin-4Hz.avi,oneeighty,sin-oneeighty-4Hz-orch23.wav,180,orch,3,2.38297510147095,1701347456.43358
1,8,8,Theta,1044-sin-4Hz.avi,zero,sin-zero-4Hz-acoustic7.wav,0,acoustic,2,2.98568820953369,1701347463.3508
1,8,9,Theta,1053-sin-4Hz.avi,zero,sin-zero-4Hz-choir14.wav,0,choir,2,0.571252107620239,1701347472.51726
1,8,10,Theta,1030-sin-4Hz.avi,zero,sin-zero-4Hz-choir15.wav,0,choir,3,4.99197196960449,1701347478.5925
1,8,11,Theta,1003-sin-4Hz.avi,oneeighty,sin-oneeighty-4Hz-orch24.wav,180,orch,4,0.623888969421387,1701347489.20058
1,8,12,Theta,1029-sin-4Hz.avi,oneeighty,sin-oneeighty-4Hz-dar13.wav,180,dar,5,0.40515398979187,1701347495.46727
1,8,13,Theta,1012-sin-4Hz.avi,oneeighty,sin-oneeighty-4Hz-acoustic25.wav,180,acoustic,5,1.48813605308533,1701347501.37629
1,8,14,Theta,1017-sin-4Hz.avi,oneeighty,sin-oneeighty-4Hz-acoustic23.wav,180,acoustic,3,1.49499583244324,1701347509.01741
1,8,15,Theta,1066-sin-4Hz.avi,zero,sin-zero-4Hz-orch15.wav,0,orch,3,2.08917689323425,1701347515.75126
1,8,16,Theta,1027-sin-4Hz.avi,zero,sin-zero-4Hz-orch5.wav,0,orch,3,1.74853610992432,1701347523.06781
