respMat_ 1,respMat_ 2,respMat_ 3,respMat_ 4,respMat_ 5,respMat_ 6,respMat_ 7,respMat_ 8,respMat_ 9,respMat_10,respMat_11,respMat_12
15,8,1,Theta,1051-sin-4Hz.avi,oneeighty,sin-oneeighty-4Hz-orch23.wav,180,orch,3,2.38265299797058,1702468247.3474
15,8,2,Theta,1025-sin-4Hz.avi,zero,sin-zero-4Hz-choir15.wav,0,choir,1,5.58650207519531,1702468254.83154
15,8,3,Theta,1053-sin-4Hz.avi,zero,sin-zero-4Hz-orch20.wav,0,orch,3,0.97249698638916,1702468264.78956
15,8,4,Theta,1024-sin-4Hz.avi,zero,sin-zero-4Hz-acoustic1.wav,0,acoustic,4,1.88993787765503,1702468271.64813
15,8,5,Theta,1037-sin-4Hz.avi,oneeighty,sin-oneeighty-4Hz-dar12.wav,180,dar,2,0.250982999801636,1702468278.42299
15,8,6,Theta,1017-sin-4Hz.avi,oneeighty,sin-oneeighty-4Hz-acoustic23.wav,180,acoustic,3,12.3759229183197,1702468283.09809
15,8,7,Theta,1052-sin-4Hz.avi,zero,sin-zero-4Hz-orch15.wav,0,orch,4,1.8649468421936,1702468300.66511
15,8,8,Theta,1043-sin-4Hz.avi,oneeighty,sin-oneeighty-4Hz-choir2.wav,180,choir,3,2.53330612182617,1702468307.96478
15,8,9,Theta,1002-sin-4Hz.avi,oneeighty,sin-oneeighty-4Hz-acoustic34.wav,180,acoustic,4,0.24431300163269,1702468315.58173
15,8,10,Theta,1034-sin-4Hz.avi,zero,sin-zero-4Hz-dar11.wav,0,dar,2,0.789674997329712,1702468320.14041
15,8,11,Theta,1004-sin-4Hz.avi,zero,sin-zero-4Hz-acoustic7.wav,0,acoustic,4,4.38795900344849,1702468325.58211
15,8,12,Theta,1022-sin-4Hz.avi,zero,sin-zero-4Hz-dar2.wav,0,dar,2,0.817304134368896,1702468336.25677
15,8,13,Theta,1006-sin-4Hz.avi,oneeighty,sin-oneeighty-4Hz-dar13.wav,180,dar,4,1.12642502784729,1702468341.91566
15,8,14,Theta,1044-sin-4Hz.avi,zero,sin-zero-4Hz-choir14.wav,0,choir,4,0.474997043609619,1702468348.19904
15,8,15,Theta,1026-sin-4Hz.avi,oneeighty,sin-oneeighty-4Hz-choir6.wav,180,choir,4,0.49101996421814,1702468353.79907
15,8,16,Theta,1014-sin-4Hz.avi,oneeighty,sin-oneeighty-4Hz-orch24.wav,180,orch,4,0.485065937042236,1702468359.54904
