respMat_ 1,respMat_ 2,respMat_ 3,respMat_ 4,respMat_ 5,respMat_ 6,respMat_ 7,respMat_ 8,respMat_ 9,respMat_10,respMat_11,respMat_12
10,8,1,Theta,1023-sin-4Hz.avi,oneeighty,sin-oneeighty-4Hz-dar2.wav,180,dar,3,0.34221887588501,1701960945.02758
10,8,2,Theta,1033-sin-4Hz.avi,oneeighty,sin-oneeighty-4Hz-orch3.wav,180,orch,5,2.66562700271606,1701960950.94426
10,8,3,Theta,1015-sin-4Hz.avi,zero,sin-zero-4Hz-acoustic14.wav,0,acoustic,5,0.310449123382568,1701960958.41944
10,8,4,Theta,1012-sin-4Hz.avi,zero,sin-zero-4Hz-choir2.wav,0,choir,5,0.246841192245483,1701960963.81108
10,8,5,Theta,1003-sin-4Hz.avi,zero,sin-zero-4Hz-orch23.wav,0,orch,2,0.354598999023438,1701960970.11928
10,8,6,Theta,1052-sin-4Hz.avi,oneeighty,sin-oneeighty-4Hz-dar10.wav,180,dar,5,0.242876052856445,1701960976.31101
10,8,7,Theta,1026-sin-4Hz.avi,zero,sin-zero-4Hz-dar20.wav,0,dar,5,0.231827974319458,1701960981.9861
10,8,8,Theta,1043-sin-4Hz.avi,zero,sin-zero-4Hz-dar12.wav,0,dar,2,1.40935206413269,1701960988.13648
10,8,9,Theta,1013-sin-4Hz.avi,oneeighty,sin-oneeighty-4Hz-orch20.wav,180,orch,3,0.263689994812012,1701960994.97823
10,8,10,Theta,1051-sin-4Hz.avi,zero,sin-zero-4Hz-choir6.wav,0,choir,1,0.266637086868286,1701961000.70328
10,8,11,Theta,1061-sin-4Hz.avi,oneeighty,sin-oneeighty-4Hz-acoustic1.wav,180,acoustic,5,0.746923923492432,1701961005.50302
10,8,12,Theta,1037-sin-4Hz.avi,zero,sin-zero-4Hz-acoustic23.wav,0,acoustic,5,0.472815036773682,1701961012.16123
10,8,13,Theta,1022-sin-4Hz.avi,oneeighty,sin-oneeighty-4Hz-choir14.wav,180,choir,5,0.201825141906738,1701961017.52007
10,8,14,Theta,1044-sin-4Hz.avi,oneeighty,sin-oneeighty-4Hz-choir15.wav,180,choir,3,0.679816961288452,1701961023.77815
10,8,15,Theta,1049-sin-4Hz.avi,oneeighty,sin-oneeighty-4Hz-acoustic7.wav,180,acoustic,5,0.345269918441772,1701961028.94469
10,8,16,Theta,1018-sin-4Hz.avi,zero,sin-zero-4Hz-orch22.wav,0,orch,5,0.307104110717773,1701961034.0869
