respMat_ 1,respMat_ 2,respMat_ 3,respMat_ 4,respMat_ 5,respMat_ 6,respMat_ 7,respMat_ 8,respMat_ 9,respMat_10,respMat_11,respMat_12
13,3,1,Theta,1014-sin-4Hz.avi,oneeighty,sin-oneeighty-4Hz-choir2.wav,180,choir,4,1.96995091438293,1702311732.12115
13,3,2,Theta,1017-sin-4Hz.avi,oneeighty,sin-oneeighty-4Hz-orch4.wav,180,orch,4,0.854750871658325,1702311738.59651
13,3,3,Theta,1044-sin-4Hz.avi,zero,sin-zero-4Hz-choir15.wav,0,choir,4,0.405206918716431,1702311744.4382
13,3,4,Theta,1022-sin-4Hz.avi,zero,sin-zero-4Hz-dar2.wav,0,dar,3,0.400027990341187,1702311750.3635
13,3,5,Theta,1034-sin-4Hz.avi,zero,sin-zero-4Hz-orch20.wav,0,orch,5,0.352792978286743,1702311755.33877
13,3,6,Theta,1016-sin-4Hz.avi,oneeighty,sin-oneeighty-4Hz-dar17.wav,180,dar,5,0.482316970825195,1702311761.91339
13,3,7,Theta,1048-sin-4Hz.avi,oneeighty,sin-oneeighty-4Hz-orch24.wav,180,orch,2,0.666152954101562,1702311767.90558
13,3,8,Theta,1004-sin-4Hz.avi,zero,sin-zero-4Hz-choir23.wav,0,choir,1,2.43068504333496,1702311773.80547
13,3,9,Theta,1043-sin-4Hz.avi,oneeighty,sin-oneeighty-4Hz-acoustic34.wav,180,acoustic,5,0.336128950119019,1702311782.34794
13,3,10,Theta,1003-sin-4Hz.avi,oneeighty,sin-oneeighty-4Hz-dar13.wav,180,dar,4,0.343541145324707,1702311787.97263
13,3,11,Theta,1006-sin-4Hz.avi,oneeighty,sin-oneeighty-4Hz-choir6.wav,180,choir,4,0.332561016082764,1702311793.43957
13,3,12,Theta,1030-sin-4Hz.avi,zero,sin-zero-4Hz-dar10.wav,0,dar,2,0.837125062942505,1702311799.03119
13,3,13,Theta,1052-sin-4Hz.avi,zero,sin-zero-4Hz-acoustic1.wav,0,acoustic,5,0.282709121704102,1702311804.48169
13,3,14,Theta,1033-sin-4Hz.avi,zero,sin-zero-4Hz-orch15.wav,0,orch,5,0.341493844985962,1702311809.22305
13,3,15,Theta,1066-sin-4Hz.avi,zero,sin-zero-4Hz-acoustic7.wav,0,acoustic,5,0.586987018585205,1702311813.87357
13,3,16,Theta,1002-sin-4Hz.avi,oneeighty,sin-oneeighty-4Hz-acoustic14.wav,180,acoustic,5,0.392047882080078,1702311820.74063
