respMat_ 1,respMat_ 2,respMat_ 3,respMat_ 4,respMat_ 5,respMat_ 6,respMat_ 7,respMat_ 8,respMat_ 9,respMat_10,respMat_11,respMat_12
5,6,1,Theta,1061-sin-4Hz.avi,zero,sin-zero-4Hz-dar22.wav,0,dar,5,0.232083082199097,1701696516.74181
5,6,2,Theta,1037-sin-4Hz.avi,oneeighty,sin-oneeighty-4Hz-dar17.wav,180,dar,1,0.230705976486206,1701696522.58333
5,6,3,Theta,1033-sin-4Hz.avi,zero,sin-zero-4Hz-dar10.wav,0,dar,1,0.546940803527832,1701696528.05907
5,6,4,Theta,1014-sin-4Hz.avi,oneeighty,sin-oneeighty-4Hz-orch4.wav,180,orch,5,0.279161930084229,1701696533.35085
5,6,5,Theta,1043-sin-4Hz.avi,oneeighty,sin-oneeighty-4Hz-choir2.wav,180,choir,1,0.407539129257202,1701696539.5425
5,6,6,Theta,1034-sin-4Hz.avi,zero,sin-zero-4Hz-acoustic32.wav,0,acoustic,3,0.509975910186768,1701696545.79206
5,6,7,Theta,1018-sin-4Hz.avi,oneeighty,sin-oneeighty-4Hz-acoustic25.wav,180,acoustic,3,0.296294927597046,1701696551.92574
5,6,8,Theta,1022-sin-4Hz.avi,zero,sin-zero-4Hz-choir23.wav,0,choir,1,0.318490982055664,1701696557.56761
5,6,9,Theta,1013-sin-4Hz.avi,zero,sin-zero-4Hz-acoustic11.wav,0,acoustic,3,0.204681873321533,1701696562.20943
5,6,10,Theta,1016-sin-4Hz.avi,oneeighty,sin-oneeighty-4Hz-dar13.wav,180,dar,1,0.305301904678345,1701696567.29275
5,6,11,Theta,1030-sin-4Hz.avi,zero,sin-zero-4Hz-choir14.wav,0,choir,1,0.289108991622925,1701696573.90098
5,6,12,Theta,1002-sin-4Hz.avi,oneeighty,sin-oneeighty-4Hz-orch24.wav,180,orch,5,0.270792961120605,1701696579.5513
5,6,13,Theta,1024-sin-4Hz.avi,zero,sin-zero-4Hz-orch5.wav,0,orch,4,0.604321956634521,1701696586.0178
5,6,14,Theta,1025-sin-4Hz.avi,zero,sin-zero-4Hz-orch20.wav,0,orch,4,0.370117902755737,1701696591.27605
5,6,15,Theta,1048-sin-4Hz.avi,oneeighty,sin-oneeighty-4Hz-acoustic14.wav,180,acoustic,4,0.326217889785767,1701696597.15992
5,6,16,Theta,1012-sin-4Hz.avi,oneeighty,sin-oneeighty-4Hz-choir18.wav,180,choir,1,0.308356046676636,1701696602.80974
