respMat_ 1,respMat_ 2,respMat_ 3,respMat_ 4,respMat_ 5,respMat_ 6,respMat_ 7,respMat_ 8,respMat_ 9,respMat_10,respMat_11,respMat_12
4,5,1,Theta,1013-sin-4Hz.avi,oneeighty,sin-oneeighty-4Hz-acoustic11.wav,180,acoustic,4,0.91922402381897,1701180446.53108
4,5,2,Theta,1066-sin-4Hz.avi,oneeighty,sin-oneeighty-4Hz-acoustic1.wav,180,acoustic,4,0.804353952407837,1701180452.40584
4,5,3,Theta,1052-sin-4Hz.avi,oneeighty,sin-oneeighty-4Hz-choir15.wav,180,choir,5,2.57430815696716,1701180459.14792
4,5,4,Theta,1033-sin-4Hz.avi,oneeighty,sin-oneeighty-4Hz-dar11.wav,180,dar,4,0.837368011474609,1701180466.77291
4,5,5,Theta,1043-sin-4Hz.avi,zero,sin-zero-4Hz-orch24.wav,0,orch,5,0.945924997329712,1701180472.26436
4,5,6,Theta,1030-sin-4Hz.avi,oneeighty,sin-oneeighty-4Hz-orch3.wav,180,orch,3,2.42150402069092,1701180479.17282
4,5,7,Theta,1017-sin-4Hz.avi,zero,sin-zero-4Hz-acoustic34.wav,0,acoustic,4,1.35720705986023,1701180487.37304
4,5,8,Theta,1034-sin-4Hz.avi,oneeighty,sin-oneeighty-4Hz-dar10.wav,180,dar,1,1.26362800598145,1701180493.91481
4,5,9,Theta,1006-sin-4Hz.avi,zero,sin-zero-4Hz-dar17.wav,0,dar,2,1.868243932724,1701180500.39818
4,5,10,Theta,1026-sin-4Hz.avi,zero,sin-zero-4Hz-choir2.wav,0,choir,2,4.27121186256409,1701180508.52301
4,5,11,Theta,1037-sin-4Hz.avi,zero,sin-zero-4Hz-dar12.wav,0,dar,2,1.2511670589447,1701180517.41506
4,5,12,Theta,1014-sin-4Hz.avi,zero,sin-zero-4Hz-acoustic14.wav,0,acoustic,5,1.01383805274963,1701180523.74838
4,5,13,Theta,1061-sin-4Hz.avi,oneeighty,sin-oneeighty-4Hz-orch20.wav,180,orch,4,2.36254215240479,1701180529.23165
4,5,14,Theta,1048-sin-4Hz.avi,zero,sin-zero-4Hz-orch23.wav,0,orch,3,5.03465604782104,1701180537.82352
4,5,15,Theta,1029-sin-4Hz.avi,zero,sin-zero-4Hz-choir18.wav,0,choir,1,0.709567070007324,1701180547.74853
4,5,16,Theta,1027-sin-4Hz.avi,oneeighty,sin-oneeighty-4Hz-choir14.wav,180,choir,1,0.725288867950439,1701180554.7568
