respMat_ 1,respMat_ 2,respMat_ 3,respMat_ 4,respMat_ 5,respMat_ 6,respMat_ 7,respMat_ 8,respMat_ 9,respMat_10,respMat_11,respMat_12
23,1,1,Theta,1016-sin-4Hz.avi,oneeighty,sin-oneeighty-4Hz-dar12.wav,180,dar,4,1.08315801620483,1705329912.80751
23,1,2,Theta,1004-sin-4Hz.avi,zero,sin-zero-4Hz-acoustic11.wav,0,acoustic,5,0.444424867630005,1705329918.77429
23,1,3,Theta,1029-sin-4Hz.avi,oneeighty,sin-oneeighty-4Hz-acoustic23.wav,180,acoustic,3,1.50109100341797,1705329924.3576
23,1,4,Theta,1033-sin-4Hz.avi,zero,sin-zero-4Hz-dar11.wav,0,dar,5,0.417850017547607,1705329930.4327
23,1,5,Theta,1024-sin-4Hz.avi,zero,sin-zero-4Hz-orch3.wav,0,orch,5,0.496856927871704,1705329935.45777
23,1,6,Theta,1030-sin-4Hz.avi,zero,sin-zero-4Hz-orch5.wav,0,orch,4,1.39972710609436,1705329941.08278
23,1,7,Theta,1053-sin-4Hz.avi,zero,sin-zero-4Hz-acoustic1.wav,0,acoustic,5,0.273671865463257,1705329947.23285
23,1,8,Theta,1026-sin-4Hz.avi,oneeighty,sin-oneeighty-4Hz-choir6.wav,180,choir,2,0.614152193069458,1705329952.92448
23,1,9,Theta,1014-sin-4Hz.avi,oneeighty,sin-oneeighty-4Hz-dar20.wav,180,dar,3,0.326617956161499,1705329958.90792
23,1,10,Theta,1037-sin-4Hz.avi,oneeighty,sin-oneeighty-4Hz-orch22.wav,180,orch,2,1.20057320594788,1705329965.05789
23,1,11,Theta,1052-sin-4Hz.avi,zero,sin-zero-4Hz-choir15.wav,0,choir,2,0.332858085632324,1705329971.34963
23,1,12,Theta,1010-sin-4Hz.avi,oneeighty,sin-oneeighty-4Hz-choir2.wav,180,choir,3,0.435444116592407,1705329976.78309
23,1,13,Theta,1066-sin-4Hz.avi,zero,sin-zero-4Hz-dar2.wav,0,dar,1,1.91248989105225,1705329982.0581
23,1,14,Theta,1023-sin-4Hz.avi,zero,sin-zero-4Hz-choir7.wav,0,choir,4,1.21102595329285,1705329989.59144
23,1,15,Theta,1048-sin-4Hz.avi,oneeighty,sin-oneeighty-4Hz-orch4.wav,180,orch,1,0.734663009643555,1705329996.89977
23,1,16,Theta,1018-sin-4Hz.avi,oneeighty,sin-oneeighty-4Hz-acoustic34.wav,180,acoustic,5,0.410392999649048,1705330002.00819
