respMat_ 1,respMat_ 2,respMat_ 3,respMat_ 4,respMat_ 5,respMat_ 6,respMat_ 7,respMat_ 8,respMat_ 9,respMat_10,respMat_11,respMat_12
2,5,1,Theta,1034-sin-4Hz.avi,oneeighty,sin-oneeighty-4Hz-choir7.wav,180,choir,5,0.348601102828979,1701357376.81498
2,5,2,Theta,1033-sin-4Hz.avi,oneeighty,sin-oneeighty-4Hz-orch20.wav,180,orch,1,1.05396294593811,1701357381.58157
2,5,3,Theta,1014-sin-4Hz.avi,zero,sin-zero-4Hz-acoustic23.wav,0,acoustic,5,0.299499988555908,1701357388.64003
2,5,4,Theta,1066-sin-4Hz.avi,oneeighty,sin-oneeighty-4Hz-orch15.wav,180,orch,4,0.292393922805786,1701357395.01508
2,5,5,Theta,1003-sin-4Hz.avi,zero,sin-zero-4Hz-choir6.wav,0,choir,2,0.309531927108765,1701357400.78988
2,5,6,Theta,1018-sin-4Hz.avi,zero,sin-zero-4Hz-orch23.wav,0,orch,2,2.61472415924072,1701357406.56467
2,5,7,Theta,1013-sin-4Hz.avi,oneeighty,sin-oneeighty-4Hz-dar22.wav,180,dar,3,0.429702997207642,1701357414.38154
2,5,8,Theta,1023-sin-4Hz.avi,oneeighty,sin-oneeighty-4Hz-acoustic7.wav,180,acoustic,4,0.292999982833862,1701357420.39015
2,5,9,Theta,1051-sin-4Hz.avi,zero,sin-zero-4Hz-acoustic14.wav,0,acoustic,4,0.272706985473633,1701357425.09851
2,5,10,Theta,1010-sin-4Hz.avi,zero,sin-zero-4Hz-dar17.wav,0,dar,4,1.60685896873474,1701357430.94839
2,5,11,Theta,1048-sin-4Hz.avi,zero,sin-zero-4Hz-orch22.wav,0,orch,2,0.313583850860596,1701357438.4816
2,5,12,Theta,1025-sin-4Hz.avi,oneeighty,sin-oneeighty-4Hz-dar2.wav,180,dar,1,0.329437971115112,1701357444.48172
2,5,13,Theta,1044-sin-4Hz.avi,oneeighty,sin-oneeighty-4Hz-choir14.wav,180,choir,3,0.644365787506104,1701357450.21475
2,5,14,Theta,1015-sin-4Hz.avi,zero,sin-zero-4Hz-dar20.wav,0,dar,4,0.684677124023438,1701357456.9903
2,5,15,Theta,1002-sin-4Hz.avi,zero,sin-zero-4Hz-choir2.wav,0,choir,4,0.43653392791748,1701357462.79037
2,5,16,Theta,1024-sin-4Hz.avi,oneeighty,sin-oneeighty-4Hz-acoustic1.wav,180,acoustic,5,3.08138799667358,1701357469.47352
