respMat_ 1,respMat_ 2,respMat_ 3,respMat_ 4,respMat_ 5,respMat_ 6,respMat_ 7,respMat_ 8,respMat_ 9,respMat_10,respMat_11,respMat_12
7,3,1,Theta,1049-sin-4Hz.avi,zero,sin-zero-4Hz-orch3.wav,0,orch,4,1.32427215576172,1701942323.15783
7,3,2,Theta,1017-sin-4Hz.avi,oneeighty,sin-oneeighty-4Hz-dar20.wav,180,dar,1,3.74676704406738,1701942329.1993
7,3,3,Theta,1026-sin-4Hz.avi,oneeighty,sin-oneeighty-4Hz-orch22.wav,180,orch,3,0.540140867233276,1701942337.55792
7,3,4,Theta,1014-sin-4Hz.avi,oneeighty,sin-oneeighty-4Hz-orch4.wav,180,orch,2,3.01746201515198,1701942342.8246
7,3,5,Theta,1030-sin-4Hz.avi,zero,sin-zero-4Hz-acoustic11.wav,0,acoustic,4,5.47255706787109,1701942351.8415
7,3,6,Theta,1053-sin-4Hz.avi,zero,sin-zero-4Hz-choir15.wav,0,choir,2,2.75491619110107,1701942361.98316
7,3,7,Theta,1052-sin-4Hz.avi,zero,sin-zero-4Hz-orch5.wav,0,orch,2,2.84128904342651,1701942369.8168
7,3,8,Theta,1002-sin-4Hz.avi,oneeighty,sin-oneeighty-4Hz-choir6.wav,180,choir,2,4.86244201660156,1701942378.8836
7,3,9,Theta,1016-sin-4Hz.avi,oneeighty,sin-oneeighty-4Hz-choir2.wav,180,choir,2,1.89975500106812,1701942388.15032
7,3,10,Theta,1023-sin-4Hz.avi,zero,sin-zero-4Hz-acoustic32.wav,0,acoustic,4,0.325004100799561,1701942395.91688
7,3,11,Theta,1018-sin-4Hz.avi,oneeighty,sin-oneeighty-4Hz-dar17.wav,180,dar,5,2.01811194419861,1701942401.60002
7,3,12,Theta,1034-sin-4Hz.avi,zero,sin-zero-4Hz-dar11.wav,0,dar,4,0.641653060913086,1701942408.19241
7,3,13,Theta,1061-sin-4Hz.avi,zero,sin-zero-4Hz-choir7.wav,0,choir,4,2.34589886665344,1701942413.40014
7,3,14,Theta,1006-sin-4Hz.avi,oneeighty,sin-oneeighty-4Hz-acoustic23.wav,180,acoustic,5,1.67575693130493,1701942420.15051
7,3,15,Theta,1010-sin-4Hz.avi,oneeighty,sin-oneeighty-4Hz-acoustic34.wav,180,acoustic,4,1.74464297294617,1701942426.41737
7,3,16,Theta,1004-sin-4Hz.avi,zero,sin-zero-4Hz-dar2.wav,0,dar,2,0.465994119644165,1701942433.18408
