respMat_ 1,respMat_ 2,respMat_ 3,respMat_ 4,respMat_ 5,respMat_ 6,respMat_ 7,respMat_ 8,respMat_ 9,respMat_10,respMat_11,respMat_12
12,6,1,Theta,1061-sin-4Hz.avi,oneeighty,sin-oneeighty-4Hz-acoustic11.wav,180,acoustic,2,3.28835701942444,1702308753.69879
12,6,2,Theta,1043-sin-4Hz.avi,zero,sin-zero-4Hz-orch4.wav,0,orch,2,0.132813930511475,1702308762.58227
12,6,3,Theta,1029-sin-4Hz.avi,zero,sin-zero-4Hz-choir18.wav,0,choir,3,1.46519708633423,1702308767.07397
12,6,4,Theta,1052-sin-4Hz.avi,oneeighty,sin-oneeighty-4Hz-choir15.wav,180,choir,3,0.645251989364624,1702308774.77388
12,6,5,Theta,1010-sin-4Hz.avi,zero,sin-zero-4Hz-dar12.wav,0,dar,3,1.39379191398621,1702308780.85727
12,6,6,Theta,1003-sin-4Hz.avi,zero,sin-zero-4Hz-acoustic14.wav,0,acoustic,3,0.265285015106201,1702308787.05782
12,6,7,Theta,1017-sin-4Hz.avi,zero,sin-zero-4Hz-choir6.wav,0,choir,2,0.281234979629517,1702308793.05779
12,6,8,Theta,1033-sin-4Hz.avi,oneeighty,sin-oneeighty-4Hz-dar22.wav,180,dar,4,0.725414037704468,1702308797.74967
12,6,9,Theta,1030-sin-4Hz.avi,oneeighty,sin-oneeighty-4Hz-orch3.wav,180,orch,2,0.371317863464355,1702308803.8158
12,6,10,Theta,1013-sin-4Hz.avi,oneeighty,sin-oneeighty-4Hz-orch15.wav,180,orch,3,0.280220985412598,1702308809.49087
12,6,11,Theta,1014-sin-4Hz.avi,zero,sin-zero-4Hz-orch24.wav,0,orch,4,2.91931581497192,1702308815.50768
12,6,12,Theta,1027-sin-4Hz.avi,oneeighty,sin-oneeighty-4Hz-choir14.wav,180,choir,2,0.310034990310669,1702308824.34105
12,6,13,Theta,1022-sin-4Hz.avi,oneeighty,sin-oneeighty-4Hz-acoustic32.wav,180,acoustic,4,0.328511953353882,1702308829.07457
12,6,14,Theta,1023-sin-4Hz.avi,oneeighty,sin-oneeighty-4Hz-dar10.wav,180,dar,2,2.46856904029846,1702308834.77444
12,6,15,Theta,1048-sin-4Hz.avi,zero,sin-zero-4Hz-acoustic23.wav,0,acoustic,5,0.456853151321411,1702308842.06626
12,6,16,Theta,1037-sin-4Hz.avi,zero,sin-zero-4Hz-dar20.wav,0,dar,4,8.38364505767822,1702308848.49132
