respMat_ 1,respMat_ 2,respMat_ 3,respMat_ 4,respMat_ 5,respMat_ 6,respMat_ 7,respMat_ 8,respMat_ 9,respMat_10,respMat_11,respMat_12
17,5,1,Theta,1053-sin-4Hz.avi,zero,sin-zero-4Hz-orch5.wav,0,orch,1,1.3511209487915,1702475446.96636
17,5,2,Theta,1002-sin-4Hz.avi,oneeighty,sin-oneeighty-4Hz-choir6.wav,180,choir,1,1.00964117050171,1702475452.69984
17,5,3,Theta,1027-sin-4Hz.avi,zero,sin-zero-4Hz-choir7.wav,0,choir,1,0.340394020080566,1702475458.04112
17,5,4,Theta,1026-sin-4Hz.avi,oneeighty,sin-oneeighty-4Hz-dar17.wav,180,dar,5,0.540220022201538,1702475464.22528
17,5,5,Theta,1003-sin-4Hz.avi,oneeighty,sin-oneeighty-4Hz-acoustic23.wav,180,acoustic,5,0.55731201171875,1702475470.00021
17,5,6,Theta,1018-sin-4Hz.avi,oneeighty,sin-oneeighty-4Hz-orch23.wav,180,orch,1,0.834917068481445,1702475475.25861
17,5,7,Theta,1043-sin-4Hz.avi,oneeighty,sin-oneeighty-4Hz-choir21.wav,180,choir,4,0.359714984893799,1702475481.94169
17,5,8,Theta,1025-sin-4Hz.avi,zero,sin-zero-4Hz-orch3.wav,0,orch,5,0.341964960098267,1702475486.98352
17,5,9,Theta,1017-sin-4Hz.avi,oneeighty,sin-oneeighty-4Hz-dar13.wav,180,dar,3,2.01700592041016,1702475492.10857
17,5,10,Theta,1024-sin-4Hz.avi,zero,sin-zero-4Hz-choir14.wav,0,choir,5,0.785140037536621,1702475500.10842
17,5,11,Theta,1022-sin-4Hz.avi,zero,sin-zero-4Hz-acoustic11.wav,0,acoustic,5,0.550946950912476,1702475505.35069
17,5,12,Theta,1013-sin-4Hz.avi,zero,sin-zero-4Hz-acoustic7.wav,0,acoustic,5,0.358822107315063,1702475511.3508
17,5,13,Theta,1049-sin-4Hz.avi,zero,sin-zero-4Hz-dar2.wav,0,dar,5,0.340835094451904,1702475516.20081
17,5,14,Theta,1037-sin-4Hz.avi,oneeighty,sin-oneeighty-4Hz-orch22.wav,180,orch,3,1.09038996696472,1702475521.2593
17,5,15,Theta,1044-sin-4Hz.avi,zero,sin-zero-4Hz-dar22.wav,0,dar,2,0.236893892288208,1702475528.0008
17,5,16,Theta,1014-sin-4Hz.avi,oneeighty,sin-oneeighty-4Hz-acoustic34.wav,180,acoustic,2,0.3370680809021,1702475533.29265
