respMat_ 1,respMat_ 2,respMat_ 3,respMat_ 4,respMat_ 5,respMat_ 6,respMat_ 7,respMat_ 8,respMat_ 9,respMat_10,respMat_11,respMat_12
12,2,1,Theta,1018-sin-4Hz.avi,zero,sin-zero-4Hz-orch23.wav,0,orch,3,2.04325795173645,1702308224.16047
12,2,2,Theta,1006-sin-4Hz.avi,zero,sin-zero-4Hz-dar17.wav,0,dar,3,1.37926006317139,1702308230.76046
12,2,3,Theta,1025-sin-4Hz.avi,oneeighty,sin-oneeighty-4Hz-orch5.wav,180,orch,2,8.12175416946411,1702308238.19396
12,2,4,Theta,1016-sin-4Hz.avi,zero,sin-zero-4Hz-acoustic25.wav,0,acoustic,3,8.69462299346924,1702308251.26906
12,2,5,Theta,1066-sin-4Hz.avi,oneeighty,sin-oneeighty-4Hz-dar11.wav,180,dar,2,7.2384250164032,1702308264.46923
12,2,6,Theta,1051-sin-4Hz.avi,zero,sin-zero-4Hz-acoustic34.wav,0,acoustic,2,1.31105995178223,1702308277.05262
12,2,7,Theta,1053-sin-4Hz.avi,oneeighty,sin-oneeighty-4Hz-acoustic7.wav,180,acoustic,4,1.73021602630615,1702308284.16961
12,2,8,Theta,1015-sin-4Hz.avi,zero,sin-zero-4Hz-orch22.wav,0,orch,4,1.70434617996216,1702308291.61931
12,2,9,Theta,1044-sin-4Hz.avi,oneeighty,sin-oneeighty-4Hz-orch20.wav,180,orch,3,2.20313501358032,1702308298.14451
12,2,10,Theta,1024-sin-4Hz.avi,oneeighty,sin-oneeighty-4Hz-dar2.wav,180,dar,3,3.12042999267578,1702308305.21121
12,2,11,Theta,1026-sin-4Hz.avi,zero,sin-zero-4Hz-dar13.wav,0,dar,3,6.112389087677,1702308314.01121
12,2,12,Theta,1004-sin-4Hz.avi,oneeighty,sin-oneeighty-4Hz-acoustic1.wav,180,acoustic,3,1.33852100372314,1702308325.15307
12,2,13,Theta,1002-sin-4Hz.avi,zero,sin-zero-4Hz-choir2.wav,0,choir,3,1.85632801055908,1702308332.41127
12,2,14,Theta,1034-sin-4Hz.avi,oneeighty,sin-oneeighty-4Hz-choir7.wav,180,choir,3,3.41542506217957,1702308338.62818
12,2,15,Theta,1012-sin-4Hz.avi,zero,sin-zero-4Hz-choir21.wav,0,choir,2,3.12699484825134,1702308346.83659
12,2,16,Theta,1049-sin-4Hz.avi,oneeighty,sin-oneeighty-4Hz-choir23.wav,180,choir,3,0.991343975067139,1702308355.62822
