respMat_ 1,respMat_ 2,respMat_ 3,respMat_ 4,respMat_ 5,respMat_ 6,respMat_ 7,respMat_ 8,respMat_ 9,respMat_10,respMat_11,respMat_12
20,2,1,Theta,1023-sin-4Hz.avi,oneeighty,sin-oneeighty-4Hz-orch5.wav,180,orch,1,0.402354955673218,1702571427.26413
20,2,2,Theta,1017-sin-4Hz.avi,zero,sin-zero-4Hz-dar17.wav,0,dar,2,0.341772079467773,1702571432.78091
20,2,3,Theta,1003-sin-4Hz.avi,zero,sin-zero-4Hz-choir6.wav,0,choir,4,0.434998989105225,1702571438.04757
20,2,4,Theta,1024-sin-4Hz.avi,oneeighty,sin-oneeighty-4Hz-dar2.wav,180,dar,3,1.20892000198364,1702571443.09763
20,2,5,Theta,1053-sin-4Hz.avi,oneeighty,sin-oneeighty-4Hz-acoustic7.wav,180,acoustic,2,2.64621520042419,1702571448.76437
20,2,6,Theta,1014-sin-4Hz.avi,zero,sin-zero-4Hz-choir18.wav,0,choir,1,0.329504013061523,1702571455.88104
20,2,7,Theta,1015-sin-4Hz.avi,zero,sin-zero-4Hz-orch24.wav,0,orch,1,0.311366081237793,1702571462.33118
20,2,8,Theta,1043-sin-4Hz.avi,zero,sin-zero-4Hz-acoustic14.wav,0,acoustic,1,0.316089868545532,1702571467.01446
20,2,9,Theta,1026-sin-4Hz.avi,zero,sin-zero-4Hz-dar12.wav,0,dar,1,0.310497045516968,1702571471.94805
20,2,10,Theta,1025-sin-4Hz.avi,oneeighty,sin-oneeighty-4Hz-dar22.wav,180,dar,1,1.99030184745789,1702571477.35621
20,2,11,Theta,1044-sin-4Hz.avi,oneeighty,sin-oneeighty-4Hz-orch3.wav,180,orch,1,0.412803173065186,1702571485.58975
20,2,12,Theta,1027-sin-4Hz.avi,oneeighty,sin-oneeighty-4Hz-choir14.wav,180,choir,1,0.367677927017212,1702571492.11486
20,2,13,Theta,1002-sin-4Hz.avi,zero,sin-zero-4Hz-orch23.wav,0,orch,1,0.372397184371948,1702571497.99815
20,2,14,Theta,1004-sin-4Hz.avi,oneeighty,sin-oneeighty-4Hz-choir15.wav,180,choir,1,0.335314989089966,1702571503.52324
20,2,15,Theta,1022-sin-4Hz.avi,oneeighty,sin-oneeighty-4Hz-acoustic11.wav,180,acoustic,3,0.933142900466919,1702571508.17343
20,2,16,Theta,1010-sin-4Hz.avi,zero,sin-zero-4Hz-acoustic25.wav,0,acoustic,1,0.321414947509766,1702571515.2651
