respMat_ 1,respMat_ 2,respMat_ 3,respMat_ 4,respMat_ 5,respMat_ 6,respMat_ 7,respMat_ 8,respMat_ 9,respMat_10,respMat_11,respMat_12
3,8,1,Theta,1051-sin-4Hz.avi,oneeighty,sin-oneeighty-4Hz-choir18.wav,180,choir,1,0.514771938323975,1701694325.60619
3,8,2,Theta,1025-sin-4Hz.avi,zero,sin-zero-4Hz-dar2.wav,0,dar,3,0.255483865737915,1701694330.68148
3,8,3,Theta,1012-sin-4Hz.avi,oneeighty,sin-oneeighty-4Hz-acoustic14.wav,180,acoustic,5,0.395292997360229,1701694336.98962
3,8,4,Theta,1002-sin-4Hz.avi,oneeighty,sin-oneeighty-4Hz-acoustic25.wav,180,acoustic,5,0.423597097396851,1701694342.68936
3,8,5,Theta,1034-sin-4Hz.avi,zero,sin-zero-4Hz-choir15.wav,0,choir,5,0.349411964416504,1701694347.93158
3,8,6,Theta,1044-sin-4Hz.avi,zero,sin-zero-4Hz-dar22.wav,0,dar,3,0.257433176040649,1701694354.03951
3,8,7,Theta,1052-sin-4Hz.avi,zero,sin-zero-4Hz-acoustic11.wav,0,acoustic,4,1.19121885299683,1701694360.28971
3,8,8,Theta,1026-sin-4Hz.avi,oneeighty,sin-oneeighty-4Hz-dar13.wav,180,dar,4,0.272464990615845,1701694367.25648
3,8,9,Theta,1043-sin-4Hz.avi,oneeighty,sin-oneeighty-4Hz-dar20.wav,180,dar,4,0.415221214294434,1701694373.08172
3,8,10,Theta,1022-sin-4Hz.avi,zero,sin-zero-4Hz-orch5.wav,0,orch,4,0.320468902587891,1701694379.44848
3,8,11,Theta,1027-sin-4Hz.avi,zero,sin-zero-4Hz-acoustic7.wav,0,acoustic,4,0.336426973342896,1701694385.84854
3,8,12,Theta,1061-sin-4Hz.avi,zero,sin-zero-4Hz-orch20.wav,0,orch,3,0.17887806892395,1701694391.59007
3,8,13,Theta,1014-sin-4Hz.avi,oneeighty,sin-oneeighty-4Hz-orch24.wav,180,orch,5,1.38085508346558,1701694397.73207
3,8,14,Theta,1029-sin-4Hz.avi,oneeighty,sin-oneeighty-4Hz-orch4.wav,180,orch,4,0.337984800338745,1701694404.59888
3,8,15,Theta,1023-sin-4Hz.avi,zero,sin-zero-4Hz-choir14.wav,0,choir,1,0.575004100799561,1701694410.28193
3,8,16,Theta,1006-sin-4Hz.avi,oneeighty,sin-oneeighty-4Hz-choir2.wav,180,choir,1,0.283174991607666,1701694416.17357
