respMat_ 1,respMat_ 2,respMat_ 3,respMat_ 4,respMat_ 5,respMat_ 6,respMat_ 7,respMat_ 8,respMat_ 9,respMat_10,respMat_11,respMat_12
16,8,1,Theta,1051-sin-4Hz.avi,zero,sin-zero-4Hz-orch23.wav,0,orch,5,0.271917104721069,1702474471.3883
16,8,2,Theta,1066-sin-4Hz.avi,oneeighty,sin-oneeighty-4Hz-orch3.wav,180,orch,4,0.873340845108032,1702474476.35489
16,8,3,Theta,1016-sin-4Hz.avi,zero,sin-zero-4Hz-acoustic34.wav,0,acoustic,2,1.49308109283447,1702474482.05514
16,8,4,Theta,1061-sin-4Hz.avi,oneeighty,sin-oneeighty-4Hz-acoustic1.wav,180,acoustic,4,0.46869421005249,1702474489.25555
16,8,5,Theta,1013-sin-4Hz.avi,oneeighty,sin-oneeighty-4Hz-dar22.wav,180,dar,4,0.617579221725464,1702474494.73862
16,8,6,Theta,1024-sin-4Hz.avi,oneeighty,sin-oneeighty-4Hz-choir14.wav,180,choir,2,0.336816072463989,1702474500.15543
16,8,7,Theta,1018-sin-4Hz.avi,zero,sin-zero-4Hz-dar20.wav,0,dar,2,0.461487054824829,1702474504.83074
16,8,8,Theta,1043-sin-4Hz.avi,zero,sin-zero-4Hz-choir6.wav,0,choir,1,0.320070028305054,1702474510.57236
16,8,9,Theta,1025-sin-4Hz.avi,oneeighty,sin-oneeighty-4Hz-orch5.wav,180,orch,2,0.330896139144897,1702474515.29738
16,8,10,Theta,1027-sin-4Hz.avi,oneeighty,sin-oneeighty-4Hz-dar2.wav,180,dar,1,0.7255859375,1702474521.23871
16,8,11,Theta,1034-sin-4Hz.avi,oneeighty,sin-oneeighty-4Hz-acoustic11.wav,180,acoustic,4,0.40771484375,1702474527.78054
16,8,12,Theta,1010-sin-4Hz.avi,zero,sin-zero-4Hz-orch4.wav,0,orch,5,0.45749306678772,1702474533.93885
16,8,13,Theta,1003-sin-4Hz.avi,zero,sin-zero-4Hz-acoustic25.wav,0,acoustic,4,0.396111011505127,1702474540.67219
16,8,14,Theta,1002-sin-4Hz.avi,zero,sin-zero-4Hz-choir21.wav,0,choir,1,0.41035795211792,1702474546.30588
16,8,15,Theta,1033-sin-4Hz.avi,oneeighty,sin-oneeighty-4Hz-choir23.wav,180,choir,1,0.356667995452881,1702474551.0476
16,8,16,Theta,1017-sin-4Hz.avi,zero,sin-zero-4Hz-dar12.wav,0,dar,3,0.413664102554321,1702474556.62266
