respMat_ 1,respMat_ 2,respMat_ 3,respMat_ 4,respMat_ 5,respMat_ 6,respMat_ 7,respMat_ 8,respMat_ 9,respMat_10,respMat_11,respMat_12
15,4,1,Theta,1025-sin-4Hz.avi,zero,sin-zero-4Hz-choir15.wav,0,choir,1,0.927459001541138,1702467694.85085
15,4,2,Theta,1037-sin-4Hz.avi,oneeighty,sin-oneeighty-4Hz-dar12.wav,180,dar,2,3.65093898773193,1702467701.56734
15,4,3,Theta,1004-sin-4Hz.avi,zero,sin-zero-4Hz-acoustic7.wav,0,acoustic,3,1.41853904724121,1702467710.96772
15,4,4,Theta,1022-sin-4Hz.avi,zero,sin-zero-4Hz-dar2.wav,0,dar,2,1.77141380310059,1702467716.75885
15,4,5,Theta,1034-sin-4Hz.avi,zero,sin-zero-4Hz-dar11.wav,0,dar,2,1.34682106971741,1702467724.15944
15,4,6,Theta,1006-sin-4Hz.avi,oneeighty,sin-oneeighty-4Hz-dar13.wav,180,dar,3,2.15986394882202,1702467731.42634
15,4,7,Theta,1052-sin-4Hz.avi,zero,sin-zero-4Hz-orch15.wav,0,orch,2,0.738219976425171,1702467739.56799
15,4,8,Theta,1017-sin-4Hz.avi,oneeighty,sin-oneeighty-4Hz-acoustic23.wav,180,acoustic,3,6.91595101356506,1702467745.72626
15,4,9,Theta,1002-sin-4Hz.avi,oneeighty,sin-oneeighty-4Hz-acoustic34.wav,180,acoustic,3,1.56385087966919,1702467757.92631
15,4,10,Theta,1043-sin-4Hz.avi,oneeighty,sin-oneeighty-4Hz-choir2.wav,180,choir,2,6.20682406425476,1702467765.05942
15,4,11,Theta,1044-sin-4Hz.avi,zero,sin-zero-4Hz-choir14.wav,0,choir,3,0.551594018936157,1702467776.0266
15,4,12,Theta,1053-sin-4Hz.avi,zero,sin-zero-4Hz-orch20.wav,0,orch,2,1.17145586013794,1702467781.53474
15,4,13,Theta,1051-sin-4Hz.avi,oneeighty,sin-oneeighty-4Hz-orch23.wav,180,orch,3,1.20734882354736,1702467788.63484
15,4,14,Theta,1014-sin-4Hz.avi,oneeighty,sin-oneeighty-4Hz-orch24.wav,180,orch,3,3.89975214004517,1702467795.31841
15,4,15,Theta,1026-sin-4Hz.avi,oneeighty,sin-oneeighty-4Hz-choir6.wav,180,choir,4,5.39969897270203,1702467804.61854
15,4,16,Theta,1024-sin-4Hz.avi,zero,sin-zero-4Hz-acoustic1.wav,0,acoustic,4,3.17802596092224,1702467814.76014
