respMat_ 1,respMat_ 2,respMat_ 3,respMat_ 4,respMat_ 5,respMat_ 6,respMat_ 7,respMat_ 8,respMat_ 9,respMat_10,respMat_11,respMat_12
1,7,1,Theta,1048-sin-4Hz.avi,oneeighty,sin-oneeighty-4Hz-acoustic14.wav,180,acoustic,3,1.20370817184448,1701347303.94934
1,7,2,Theta,1037-sin-4Hz.avi,oneeighty,sin-oneeighty-4Hz-orch22.wav,180,orch,4,0.523183822631836,1701347310.7578
1,7,3,Theta,1006-sin-4Hz.avi,oneeighty,sin-oneeighty-4Hz-choir21.wav,180,choir,2,0.858229160308838,1701347316.77474
1,7,4,Theta,1004-sin-4Hz.avi,zero,sin-zero-4Hz-orch20.wav,0,orch,4,1.16581988334656,1701347322.48313
1,7,5,Theta,1013-sin-4Hz.avi,zero,sin-zero-4Hz-choir7.wav,0,choir,5,1.87681794166565,1701347328.10811
1,7,6,Theta,1052-sin-4Hz.avi,zero,sin-zero-4Hz-orch3.wav,0,orch,2,1.68134999275208,1701347336.19155
1,7,7,Theta,1010-sin-4Hz.avi,oneeighty,sin-oneeighty-4Hz-choir18.wav,180,choir,4,0.866667032241821,1701347343.3582
1,7,8,Theta,1025-sin-4Hz.avi,zero,sin-zero-4Hz-acoustic32.wav,0,acoustic,4,0.605564832687378,1701347349.28329
1,7,9,Theta,1051-sin-4Hz.avi,oneeighty,sin-oneeighty-4Hz-dar17.wav,180,dar,3,0.696058034896851,1701347355.83275
1,7,10,Theta,1016-sin-4Hz.avi,oneeighty,sin-oneeighty-4Hz-dar12.wav,180,dar,3,1.29982304573059,1701347361.325
1,7,11,Theta,1033-sin-4Hz.avi,zero,sin-zero-4Hz-acoustic11.wav,0,acoustic,5,1.31673192977905,1701347367.50005
1,7,12,Theta,1018-sin-4Hz.avi,oneeighty,sin-oneeighty-4Hz-orch4.wav,180,orch,5,1.90510392189026,1701347373.59966
1,7,13,Theta,1061-sin-4Hz.avi,zero,sin-zero-4Hz-dar22.wav,0,dar,5,0.337782144546509,1701347380.57491
1,7,14,Theta,1034-sin-4Hz.avi,zero,sin-zero-4Hz-dar2.wav,0,dar,3,4.05387806892395,1701347387.06689
1,7,15,Theta,1022-sin-4Hz.avi,zero,sin-zero-4Hz-choir23.wav,0,choir,3,3.87038516998291,1701347397.26634
1,7,16,Theta,1014-sin-4Hz.avi,oneeighty,sin-oneeighty-4Hz-acoustic34.wav,180,acoustic,1,0.471307039260864,1701347406.42529
