respMat_ 1,respMat_ 2,respMat_ 3,respMat_ 4,respMat_ 5,respMat_ 6,respMat_ 7,respMat_ 8,respMat_ 9,respMat_10,respMat_11,respMat_12
23,5,1,Theta,1004-sin-4Hz.avi,zero,sin-zero-4Hz-acoustic11.wav,0,acoustic,4,0.313468933105469,1705330299.35223
23,5,2,Theta,1014-sin-4Hz.avi,oneeighty,sin-oneeighty-4Hz-dar20.wav,180,dar,4,0.296375036239624,1705330304.77724
23,5,3,Theta,1052-sin-4Hz.avi,zero,sin-zero-4Hz-choir15.wav,0,choir,2,0.287519931793213,1705330309.7941
23,5,4,Theta,1023-sin-4Hz.avi,zero,sin-zero-4Hz-choir7.wav,0,choir,4,0.261292934417725,1705330315.85236
23,5,5,Theta,1033-sin-4Hz.avi,zero,sin-zero-4Hz-dar11.wav,0,dar,5,0.395815849304199,1705330320.88578
23,5,6,Theta,1024-sin-4Hz.avi,zero,sin-zero-4Hz-orch3.wav,0,orch,4,0.287061929702759,1705330326.40257
23,5,7,Theta,1066-sin-4Hz.avi,zero,sin-zero-4Hz-dar2.wav,0,dar,2,0.247270822525024,1705330331.99428
23,5,8,Theta,1029-sin-4Hz.avi,oneeighty,sin-oneeighty-4Hz-acoustic23.wav,180,acoustic,4,0.277662038803101,1705330337.43589
23,5,9,Theta,1048-sin-4Hz.avi,oneeighty,sin-oneeighty-4Hz-orch4.wav,180,orch,2,0.283764123916626,1705330342.2778
23,5,10,Theta,1053-sin-4Hz.avi,zero,sin-zero-4Hz-acoustic1.wav,0,acoustic,5,0.247503995895386,1705330347.78606
23,5,11,Theta,1018-sin-4Hz.avi,oneeighty,sin-oneeighty-4Hz-acoustic34.wav,180,acoustic,4,1.54779386520386,1705330353.07768
23,5,12,Theta,1010-sin-4Hz.avi,oneeighty,sin-oneeighty-4Hz-choir2.wav,180,choir,4,0.990337133407593,1705330360.21111
23,5,13,Theta,1016-sin-4Hz.avi,oneeighty,sin-oneeighty-4Hz-dar12.wav,180,dar,4,0.283912897109985,1705330366.8696
23,5,14,Theta,1030-sin-4Hz.avi,zero,sin-zero-4Hz-orch5.wav,0,orch,3,0.414779186248779,1705330372.59469
23,5,15,Theta,1026-sin-4Hz.avi,oneeighty,sin-oneeighty-4Hz-choir6.wav,180,choir,2,0.373271942138672,1705330378.63622
23,5,16,Theta,1037-sin-4Hz.avi,oneeighty,sin-oneeighty-4Hz-orch22.wav,180,orch,2,0.32948899269104,1705330383.52797
