respMat_ 1,respMat_ 2,respMat_ 3,respMat_ 4,respMat_ 5,respMat_ 6,respMat_ 7,respMat_ 8,respMat_ 9,respMat_10,respMat_11,respMat_12
9,3,1,Theta,1043-sin-4Hz.avi,oneeighty,sin-oneeighty-4Hz-dar20.wav,180,dar,5,0.000262975692749023,1701956568.48427
9,3,2,Theta,1034-sin-4Hz.avi,zero,sin-zero-4Hz-orch3.wav,0,orch,4,3.83485293388367,1701956574.7761
9,3,3,Theta,1004-sin-4Hz.avi,zero,sin-zero-4Hz-choir23.wav,0,choir,4,0.822973012924194,1701956584.87597
9,3,4,Theta,1051-sin-4Hz.avi,oneeighty,sin-oneeighty-4Hz-acoustic23.wav,180,acoustic,2,3.41050505638123,1701956590.99243
9,3,5,Theta,1061-sin-4Hz.avi,zero,sin-zero-4Hz-acoustic32.wav,0,acoustic,4,1.4320240020752,1701956599.85092
9,3,6,Theta,1010-sin-4Hz.avi,oneeighty,sin-oneeighty-4Hz-acoustic14.wav,180,acoustic,5,0.446939945220947,1701956606.46804
9,3,7,Theta,1066-sin-4Hz.avi,zero,sin-zero-4Hz-dar2.wav,0,dar,1,5.82348299026489,1701956612.85149
9,3,8,Theta,1013-sin-4Hz.avi,zero,sin-zero-4Hz-dar22.wav,0,dar,5,1.0155918598175,1701956623.24336
9,3,9,Theta,1048-sin-4Hz.avi,oneeighty,sin-oneeighty-4Hz-orch24.wav,180,orch,3,0.625051975250244,1701956629.40991
9,3,10,Theta,1003-sin-4Hz.avi,oneeighty,sin-oneeighty-4Hz-choir2.wav,180,choir,1,0.379503965377808,1701956634.74346
9,3,11,Theta,1002-sin-4Hz.avi,oneeighty,sin-oneeighty-4Hz-dar13.wav,180,dar,1,0.389253854751587,1701956639.6936
9,3,12,Theta,1053-sin-4Hz.avi,zero,sin-zero-4Hz-acoustic11.wav,0,acoustic,5,0.333248853683472,1701956644.90173
9,3,13,Theta,1026-sin-4Hz.avi,oneeighty,sin-oneeighty-4Hz-orch23.wav,180,orch,4,0.347226858139038,1701956650.74374
9,3,14,Theta,1027-sin-4Hz.avi,zero,sin-zero-4Hz-orch5.wav,0,orch,3,1.13501620292664,1701956656.45195
9,3,15,Theta,1017-sin-4Hz.avi,oneeighty,sin-oneeighty-4Hz-choir18.wav,180,choir,3,1.00383305549622,1701956662.72714
9,3,16,Theta,1024-sin-4Hz.avi,zero,sin-zero-4Hz-choir7.wav,0,choir,1,0.413822889328003,1701956668.08523
