respMat_ 1,respMat_ 2,respMat_ 3,respMat_ 4,respMat_ 5,respMat_ 6,respMat_ 7,respMat_ 8,respMat_ 9,respMat_10,respMat_11,respMat_12
4,6,1,Theta,1018-sin-4Hz.avi,zero,sin-zero-4Hz-choir21.wav,0,choir,5,0.299066066741943,1701180589.00707
4,6,2,Theta,1025-sin-4Hz.avi,oneeighty,sin-oneeighty-4Hz-orch15.wav,180,orch,2,2.42127990722656,1701180594.14883
4,6,3,Theta,1012-sin-4Hz.avi,zero,sin-zero-4Hz-orch4.wav,0,orch,4,0.820115089416504,1701180602.77399
4,6,4,Theta,1004-sin-4Hz.avi,oneeighty,sin-oneeighty-4Hz-dar22.wav,180,dar,5,0.306766986846924,1701180609.20727
4,6,5,Theta,1051-sin-4Hz.avi,zero,sin-zero-4Hz-acoustic25.wav,0,acoustic,5,0.280735015869141,1701180614.65737
4,6,6,Theta,1002-sin-4Hz.avi,zero,sin-zero-4Hz-orch22.wav,0,orch,3,1.37971806526184,1701180619.59035
4,6,7,Theta,1024-sin-4Hz.avi,oneeighty,sin-oneeighty-4Hz-choir7.wav,180,choir,4,2.66707611083984,1701180626.19101
4,6,8,Theta,1010-sin-4Hz.avi,zero,sin-zero-4Hz-choir6.wav,0,choir,2,3.330885887146,1701180633.79915
4,6,9,Theta,1015-sin-4Hz.avi,zero,sin-zero-4Hz-acoustic23.wav,0,acoustic,4,0.685025930404663,1701180641.54909
4,6,10,Theta,1049-sin-4Hz.avi,oneeighty,sin-oneeighty-4Hz-orch5.wav,180,orch,4,1.29849600791931,1701180646.5995
4,6,11,Theta,1022-sin-4Hz.avi,oneeighty,sin-oneeighty-4Hz-dar2.wav,180,dar,4,1.78783583641052,1701180653.96621
4,6,12,Theta,1016-sin-4Hz.avi,zero,sin-zero-4Hz-dar13.wav,0,dar,4,0.59937310218811,1701180660.27465
4,6,13,Theta,1003-sin-4Hz.avi,zero,sin-zero-4Hz-dar20.wav,0,dar,4,1.34547185897827,1701180665.62457
4,6,14,Theta,1023-sin-4Hz.avi,oneeighty,sin-oneeighty-4Hz-acoustic7.wav,180,acoustic,3,0.57921290397644,1701180672.79082
4,6,15,Theta,1044-sin-4Hz.avi,oneeighty,sin-oneeighty-4Hz-acoustic32.wav,180,acoustic,4,0.997575044631958,1701180677.71646
4,6,16,Theta,1053-sin-4Hz.avi,oneeighty,sin-oneeighty-4Hz-choir23.wav,180,choir,4,0.896653890609741,1701180683.64135
