respMat_ 1,respMat_ 2,respMat_ 3,respMat_ 4,respMat_ 5,respMat_ 6,respMat_ 7,respMat_ 8,respMat_ 9,respMat_10,respMat_11,respMat_12
3,5,1,Theta,1029-sin-4Hz.avi,oneeighty,sin-oneeighty-4Hz-orch4.wav,180,orch,4,0.26525092124939,1701694028.11193
3,5,2,Theta,1027-sin-4Hz.avi,zero,sin-zero-4Hz-acoustic7.wav,0,acoustic,4,0.344989061355591,1701694033.32818
3,5,3,Theta,1043-sin-4Hz.avi,oneeighty,sin-oneeighty-4Hz-dar20.wav,180,dar,4,0.499772071838379,1701694039.8614
3,5,4,Theta,1034-sin-4Hz.avi,zero,sin-zero-4Hz-choir15.wav,0,choir,5,0.255877017974854,1701694045.14527
3,5,5,Theta,1052-sin-4Hz.avi,zero,sin-zero-4Hz-acoustic11.wav,0,acoustic,5,0.501510858535767,1701694051.41157
3,5,6,Theta,1026-sin-4Hz.avi,oneeighty,sin-oneeighty-4Hz-dar13.wav,180,dar,4,1.06973099708557,1701694057.19547
3,5,7,Theta,1022-sin-4Hz.avi,zero,sin-zero-4Hz-orch5.wav,0,orch,4,0.248032093048096,1701694063.34508
3,5,8,Theta,1002-sin-4Hz.avi,oneeighty,sin-oneeighty-4Hz-acoustic25.wav,180,acoustic,5,0.278882026672363,1701694068.56225
3,5,9,Theta,1044-sin-4Hz.avi,zero,sin-zero-4Hz-dar22.wav,0,dar,3,0.396795034408569,1701694074.41227
3,5,10,Theta,1061-sin-4Hz.avi,zero,sin-zero-4Hz-orch20.wav,0,orch,3,0.255167007446289,1701694080.34586
3,5,11,Theta,1012-sin-4Hz.avi,oneeighty,sin-oneeighty-4Hz-acoustic14.wav,180,acoustic,5,0.268342018127441,1701694085.82077
3,5,12,Theta,1014-sin-4Hz.avi,oneeighty,sin-oneeighty-4Hz-orch24.wav,180,orch,4,0.29817795753479,1701694091.88694
3,5,13,Theta,1025-sin-4Hz.avi,zero,sin-zero-4Hz-dar2.wav,0,dar,3,0.291858911514282,1701694097.23727
3,5,14,Theta,1023-sin-4Hz.avi,zero,sin-zero-4Hz-choir14.wav,0,choir,1,0.235188007354736,1701694102.25386
3,5,15,Theta,1006-sin-4Hz.avi,oneeighty,sin-oneeighty-4Hz-choir2.wav,180,choir,1,0.825396776199341,1701694106.89573
3,5,16,Theta,1051-sin-4Hz.avi,oneeighty,sin-oneeighty-4Hz-choir18.wav,180,choir,1,0.412790060043335,1701694112.60433
