respMat_ 1,respMat_ 2,respMat_ 3,respMat_ 4,respMat_ 5,respMat_ 6,respMat_ 7,respMat_ 8,respMat_ 9,respMat_10,respMat_11,respMat_12
14,1,1,Theta,1049-sin-4Hz.avi,oneeighty,sin-oneeighty-4Hz-dar2.wav,180,dar,1,5.99810409545898,1702390221.47698
14,1,2,Theta,1026-sin-4Hz.avi,zero,sin-zero-4Hz-dar20.wav,0,dar,5,4.65159797668457,1702390232.72752
14,1,3,Theta,1012-sin-4Hz.avi,zero,sin-zero-4Hz-orch23.wav,0,orch,4,3.9404878616333,1702390242.09455
14,1,4,Theta,1006-sin-4Hz.avi,zero,sin-zero-4Hz-acoustic14.wav,0,acoustic,2,11.6353139877319,1702390250.92775
14,1,5,Theta,1014-sin-4Hz.avi,zero,sin-zero-4Hz-dar13.wav,0,dar,4,12.5843908786774,1702390268.79471
14,1,6,Theta,1029-sin-4Hz.avi,zero,sin-zero-4Hz-choir21.wav,0,choir,2,4.80344295501709,1702390286.51152
14,1,7,Theta,1025-sin-4Hz.avi,oneeighty,sin-oneeighty-4Hz-orch15.wav,180,orch,4,8.65960311889648,1702390296.70336
14,1,8,Theta,1048-sin-4Hz.avi,zero,sin-zero-4Hz-choir18.wav,0,choir,3,15.5813930034637,1702390310.66165
14,1,9,Theta,1022-sin-4Hz.avi,oneeighty,sin-oneeighty-4Hz-orch20.wav,180,orch,3,20.2420151233673,1702390331.93697
14,1,10,Theta,1004-sin-4Hz.avi,oneeighty,sin-oneeighty-4Hz-dar22.wav,180,dar,5,4.25786685943604,1702390358.33712
14,1,11,Theta,1018-sin-4Hz.avi,zero,sin-zero-4Hz-orch24.wav,0,orch,3,7.23929691314697,1702390367.9957
14,1,12,Theta,1030-sin-4Hz.avi,oneeighty,sin-oneeighty-4Hz-acoustic11.wav,180,acoustic,2,10.1896901130676,1702390380.62928
14,1,13,Theta,1053-sin-4Hz.avi,oneeighty,sin-oneeighty-4Hz-choir14.wav,180,choir,2,13.5253329277039,1702390395.83766
14,1,14,Theta,1015-sin-4Hz.avi,zero,sin-zero-4Hz-acoustic25.wav,0,acoustic,5,6.14537692070007,1702390414.92958
14,1,15,Theta,1061-sin-4Hz.avi,oneeighty,sin-oneeighty-4Hz-acoustic7.wav,180,acoustic,5,3.76660799980164,1702390427.19634
14,1,16,Theta,1024-sin-4Hz.avi,oneeighty,sin-oneeighty-4Hz-choir7.wav,180,choir,2,9.38244605064392,1702390435.4047
