respMat_ 1,respMat_ 2,respMat_ 3,respMat_ 4,respMat_ 5,respMat_ 6,respMat_ 7,respMat_ 8,respMat_ 9,respMat_10,respMat_11,respMat_12
8,5,1,Theta,1026-sin-4Hz.avi,zero,sin-zero-4Hz-orch4.wav,0,orch,1,0.32515811920166,1705496042.2852
8,5,2,Theta,1014-sin-4Hz.avi,zero,sin-zero-4Hz-choir2.wav,0,choir,5,1.24331998825073,1705496046.93501
8,5,3,Theta,1051-sin-4Hz.avi,zero,sin-zero-4Hz-acoustic14.wav,0,acoustic,1,3.91477489471436,1705496053.35152
8,5,4,Theta,1061-sin-4Hz.avi,oneeighty,sin-oneeighty-4Hz-choir14.wav,180,choir,1,0.666136026382446,1705496063.35214
8,5,5,Theta,1018-sin-4Hz.avi,zero,sin-zero-4Hz-dar13.wav,0,dar,5,0.684679985046387,1705496068.6936
8,5,6,Theta,1037-sin-4Hz.avi,zero,sin-zero-4Hz-acoustic23.wav,0,acoustic,5,0.816809892654419,1705496075.18544
8,5,7,Theta,1003-sin-4Hz.avi,zero,sin-zero-4Hz-dar12.wav,0,dar,5,0.344949960708618,1705496081.9773
8,5,8,Theta,1034-sin-4Hz.avi,oneeighty,sin-oneeighty-4Hz-acoustic11.wav,180,acoustic,5,0.468892097473145,1705496087.48534
8,5,9,Theta,1024-sin-4Hz.avi,oneeighty,sin-oneeighty-4Hz-acoustic7.wav,180,acoustic,4,0.872907876968384,1705496093.19329
8,5,10,Theta,1030-sin-4Hz.avi,oneeighty,sin-oneeighty-4Hz-dar2.wav,180,dar,4,2.96161794662476,1705496099.36058
8,5,11,Theta,1029-sin-4Hz.avi,zero,sin-zero-4Hz-orch23.wav,0,orch,3,0.288197040557861,1705496108.19402
8,5,12,Theta,1015-sin-4Hz.avi,zero,sin-zero-4Hz-choir18.wav,0,choir,5,0.310528993606567,1705496114.04364
8,5,13,Theta,1066-sin-4Hz.avi,oneeighty,sin-oneeighty-4Hz-choir7.wav,180,choir,2,1.03019785881042,1705496119.64396
8,5,14,Theta,1022-sin-4Hz.avi,oneeighty,sin-oneeighty-4Hz-orch5.wav,180,orch,4,2.36394095420837,1705496126.2942
8,5,15,Theta,1023-sin-4Hz.avi,oneeighty,sin-oneeighty-4Hz-dar11.wav,180,dar,1,0.000312089920043945,1705496133.59423
8,5,16,Theta,1025-sin-4Hz.avi,oneeighty,sin-oneeighty-4Hz-orch20.wav,180,orch,2,1.71083283424377,1705496138.81928
