respMat_ 1,respMat_ 2,respMat_ 3,respMat_ 4,respMat_ 5,respMat_ 6,respMat_ 7,respMat_ 8,respMat_ 9,respMat_10,respMat_11,respMat_12
6,5,1,Theta,1049-sin-4Hz.avi,oneeighty,sin-oneeighty-4Hz-dar10.wav,180,dar,4,0.339299917221069,1701883568.16837
6,5,2,Theta,1010-sin-4Hz.avi,zero,sin-zero-4Hz-choir6.wav,0,choir,2,0.147435903549194,1701883573.7522
6,5,3,Theta,1051-sin-4Hz.avi,zero,sin-zero-4Hz-acoustic34.wav,0,acoustic,2,5.59974789619446,1701883579.05196
6,5,4,Theta,1012-sin-4Hz.avi,zero,sin-zero-4Hz-dar13.wav,0,dar,3,2.21361112594604,1701883589.30209
6,5,5,Theta,1061-sin-4Hz.avi,oneeighty,sin-oneeighty-4Hz-choir7.wav,180,choir,2,0.392853021621704,1701883597.21887
6,5,6,Theta,1066-sin-4Hz.avi,oneeighty,sin-oneeighty-4Hz-choir15.wav,180,choir,3,6.00814819335938e-05,1701883602.66038
6,5,7,Theta,1017-sin-4Hz.avi,zero,sin-zero-4Hz-dar20.wav,0,dar,2,0.354233026504517,1701883607.17746
6,5,8,Theta,1029-sin-4Hz.avi,zero,sin-zero-4Hz-acoustic14.wav,0,acoustic,3,1.58286499977112,1701883613.06894
6,5,9,Theta,1026-sin-4Hz.avi,zero,sin-zero-4Hz-orch24.wav,0,orch,5,0.873605012893677,1701883620.78616
6,5,10,Theta,1015-sin-4Hz.avi,zero,sin-zero-4Hz-choir21.wav,0,choir,3,0.0344641208648682,1701883627.36931
6,5,11,Theta,1052-sin-4Hz.avi,oneeighty,sin-oneeighty-4Hz-acoustic1.wav,180,acoustic,3,0.11106014251709,1701883633.05277
6,5,12,Theta,1006-sin-4Hz.avi,zero,sin-zero-4Hz-orch22.wav,0,orch,2,0.339740037918091,1701883639.33613
6,5,13,Theta,1033-sin-4Hz.avi,oneeighty,sin-oneeighty-4Hz-dar2.wav,180,dar,5,0.228076219558716,1701883645.12783
6,5,14,Theta,1027-sin-4Hz.avi,oneeighty,sin-oneeighty-4Hz-acoustic32.wav,180,acoustic,3,0.334405899047852,1701883649.86946
6,5,15,Theta,1024-sin-4Hz.avi,oneeighty,sin-oneeighty-4Hz-orch3.wav,180,orch,5,0.304852962493896,1701883654.60304
6,5,16,Theta,1025-sin-4Hz.avi,oneeighty,sin-oneeighty-4Hz-orch20.wav,180,orch,1,0.292376041412354,1701883660.51952
