respMat_ 1,respMat_ 2,respMat_ 3,respMat_ 4,respMat_ 5,respMat_ 6,respMat_ 7,respMat_ 8,respMat_ 9,respMat_10,respMat_11,respMat_12
3,1,1,Theta,1016-sin-4Hz.avi,oneeighty,sin-oneeighty-4Hz-choir21.wav,180,choir,1,2.17752194404602,1701693616.61651
3,1,2,Theta,1066-sin-4Hz.avi,zero,sin-zero-4Hz-orch15.wav,0,orch,4,3.8675479888916,1701693624.95846
3,1,3,Theta,1015-sin-4Hz.avi,oneeighty,sin-oneeighty-4Hz-dar12.wav,180,dar,1,0.592653036117554,1701693633.43318
3,1,4,Theta,1004-sin-4Hz.avi,zero,sin-zero-4Hz-acoustic32.wav,0,acoustic,4,4.36222696304321,1701693639.5836
3,1,5,Theta,1024-sin-4Hz.avi,zero,sin-zero-4Hz-acoustic1.wav,0,acoustic,4,0.408785104751587,1701693650.01711
3,1,6,Theta,1049-sin-4Hz.avi,zero,sin-zero-4Hz-choir23.wav,0,choir,2,0.984344005584717,1701693655.84158
3,1,7,Theta,1018-sin-4Hz.avi,oneeighty,sin-oneeighty-4Hz-choir6.wav,180,choir,3,0.341922044754028,1701693661.89199
3,1,8,Theta,1030-sin-4Hz.avi,zero,sin-zero-4Hz-choir7.wav,0,choir,2,0.565660953521729,1701693667.50817
3,1,9,Theta,1013-sin-4Hz.avi,zero,sin-zero-4Hz-dar10.wav,0,dar,1,0.343631982803345,1701693674.05024
3,1,10,Theta,1017-sin-4Hz.avi,oneeighty,sin-oneeighty-4Hz-orch22.wav,180,orch,4,0.402009010314941,1701693679.38377
3,1,11,Theta,1037-sin-4Hz.avi,oneeighty,sin-oneeighty-4Hz-acoustic23.wav,180,acoustic,5,0.53659200668335,1701693685.02534
3,1,12,Theta,1033-sin-4Hz.avi,zero,sin-zero-4Hz-orch3.wav,0,orch,4,0.362874984741211,1701693690.55906
3,1,13,Theta,1053-sin-4Hz.avi,zero,sin-zero-4Hz-dar11.wav,0,dar,3,0.371701002120972,1701693695.94214
3,1,14,Theta,1048-sin-4Hz.avi,oneeighty,sin-oneeighty-4Hz-acoustic34.wav,180,acoustic,4,0.315355777740479,1701693701.55043
3,1,15,Theta,1010-sin-4Hz.avi,oneeighty,sin-oneeighty-4Hz-orch23.wav,180,orch,4,0.360319852828979,1701693706.81737
3,1,16,Theta,1003-sin-4Hz.avi,oneeighty,sin-oneeighty-4Hz-dar17.wav,180,dar,4,3.22185802459717,1701693712.67579
