respMat_ 1,respMat_ 2,respMat_ 3,respMat_ 4,respMat_ 5,respMat_ 6,respMat_ 7,respMat_ 8,respMat_ 9,respMat_10,respMat_11,respMat_12
20,5,1,Theta,1048-sin-4Hz.avi,zero,sin-zero-4Hz-dar20.wav,0,dar,2,0.517679929733276,1702571817.48456
20,5,2,Theta,1018-sin-4Hz.avi,zero,sin-zero-4Hz-acoustic23.wav,0,acoustic,5,2.79399299621582,1702571823.97626
20,5,3,Theta,1052-sin-4Hz.avi,oneeighty,sin-oneeighty-4Hz-orch20.wav,180,orch,1,0.38762092590332,1702571831.13455
20,5,4,Theta,1034-sin-4Hz.avi,oneeighty,sin-oneeighty-4Hz-dar10.wav,180,dar,1,0.416457891464233,1702571837.80964
20,5,5,Theta,1049-sin-4Hz.avi,oneeighty,sin-oneeighty-4Hz-choir23.wav,180,choir,1,0.356858015060425,1702571842.70124
20,5,6,Theta,1061-sin-4Hz.avi,oneeighty,sin-oneeighty-4Hz-choir7.wav,180,choir,1,0.31987190246582,1702571848.41819
20,5,7,Theta,1016-sin-4Hz.avi,zero,sin-zero-4Hz-orch22.wav,0,orch,1,0.30522894859314,1702571853.18482
20,5,8,Theta,1051-sin-4Hz.avi,zero,sin-zero-4Hz-orch4.wav,0,orch,1,0.218618154525757,1702571858.15141
20,5,9,Theta,1006-sin-4Hz.avi,zero,sin-zero-4Hz-choir2.wav,0,choir,1,0.204866886138916,1702571863.09313
20,5,10,Theta,1029-sin-4Hz.avi,zero,sin-zero-4Hz-choir21.wav,0,choir,1,0.298859119415283,1702571867.94313
20,5,11,Theta,1033-sin-4Hz.avi,oneeighty,sin-oneeighty-4Hz-dar11.wav,180,dar,3,0.319956064224243,1702571873.00998
20,5,12,Theta,1030-sin-4Hz.avi,oneeighty,sin-oneeighty-4Hz-orch15.wav,180,orch,1,1.28632187843323,1702571878.65158
20,5,13,Theta,1066-sin-4Hz.avi,oneeighty,sin-oneeighty-4Hz-acoustic32.wav,180,acoustic,1,0.361396074295044,1702571885.17647
20,5,14,Theta,1012-sin-4Hz.avi,zero,sin-zero-4Hz-acoustic34.wav,0,acoustic,2,0.295278072357178,1702571891.22659
20,5,15,Theta,1013-sin-4Hz.avi,oneeighty,sin-oneeighty-4Hz-acoustic1.wav,180,acoustic,3,0.300803899765015,1702571897.68501
20,5,16,Theta,1037-sin-4Hz.avi,zero,sin-zero-4Hz-dar13.wav,0,dar,3,0.301815032958984,1702571903.85998
