respMat_ 1,respMat_ 2,respMat_ 3,respMat_ 4,respMat_ 5,respMat_ 6,respMat_ 7,respMat_ 8,respMat_ 9,respMat_10,respMat_11,respMat_12
14,2,1,Theta,1043-sin-4Hz.avi,zero,sin-zero-4Hz-acoustic23.wav,0,acoustic,4,2.96871614456177,1702390459.33825
14,2,2,Theta,1002-sin-4Hz.avi,zero,sin-zero-4Hz-acoustic34.wav,0,acoustic,1,3.01601791381836,1702390466.955
14,2,3,Theta,1051-sin-4Hz.avi,zero,sin-zero-4Hz-orch4.wav,0,orch,4,4.65972805023193,1702390474.46338
14,2,4,Theta,1023-sin-4Hz.avi,oneeighty,sin-oneeighty-4Hz-orch3.wav,180,orch,1,3.0201780796051,1702390484.24682
14,2,5,Theta,1033-sin-4Hz.avi,oneeighty,sin-oneeighty-4Hz-choir23.wav,180,choir,2,10.2839779853821,1702390491.86319
14,2,6,Theta,1037-sin-4Hz.avi,zero,sin-zero-4Hz-dar12.wav,0,dar,1,2.44296908378601,1702390507.08004
14,2,7,Theta,1027-sin-4Hz.avi,oneeighty,sin-oneeighty-4Hz-acoustic1.wav,180,acoustic,2,4.87112498283386,1702390514.76382
14,2,8,Theta,1052-sin-4Hz.avi,oneeighty,sin-oneeighty-4Hz-orch5.wav,180,orch,4,14.5060977935791,1702390525.68888
14,2,9,Theta,1066-sin-4Hz.avi,oneeighty,sin-oneeighty-4Hz-dar10.wav,180,dar,1,2.50512003898621,1702390545.91401
14,2,10,Theta,1016-sin-4Hz.avi,zero,sin-zero-4Hz-dar17.wav,0,dar,3,2.25805306434631,1702390554.48092
14,2,11,Theta,1044-sin-4Hz.avi,oneeighty,sin-oneeighty-4Hz-choir15.wav,180,choir,4,2.90532898902893,1702390561.89763
14,2,12,Theta,1013-sin-4Hz.avi,oneeighty,sin-oneeighty-4Hz-acoustic32.wav,180,acoustic,5,3.07511901855469,1702390569.85602
14,2,13,Theta,1010-sin-4Hz.avi,zero,sin-zero-4Hz-orch22.wav,0,orch,2,12.5461058616638,1702390577.28087
14,2,14,Theta,1034-sin-4Hz.avi,oneeighty,sin-oneeighty-4Hz-dar11.wav,180,dar,2,4.63248300552368,1702390595.11446
14,2,15,Theta,1017-sin-4Hz.avi,zero,sin-zero-4Hz-choir6.wav,0,choir,4,4.35585594177246,1702390604.6231
14,2,16,Theta,1003-sin-4Hz.avi,zero,sin-zero-4Hz-choir2.wav,0,choir,3,6.78582906723022,1702390615.08927
