respMat_ 1,respMat_ 2,respMat_ 3,respMat_ 4,respMat_ 5,respMat_ 6,respMat_ 7,respMat_ 8,respMat_ 9,respMat_10,respMat_11,respMat_12
3,3,1,Theta,1018-sin-4Hz.avi,oneeighty,sin-oneeighty-4Hz-choir6.wav,180,choir,2,0.402014017105103,1701693820.1514
3,3,2,Theta,1024-sin-4Hz.avi,zero,sin-zero-4Hz-acoustic1.wav,0,acoustic,4,0.665606021881104,1701693824.9598
3,3,3,Theta,1015-sin-4Hz.avi,oneeighty,sin-oneeighty-4Hz-dar12.wav,180,dar,1,1.53979706764221,1701693830.50169
3,3,4,Theta,1004-sin-4Hz.avi,zero,sin-zero-4Hz-acoustic32.wav,0,acoustic,4,3.5372200012207,1701693837.16019
3,3,5,Theta,1003-sin-4Hz.avi,oneeighty,sin-oneeighty-4Hz-dar17.wav,180,dar,3,0.26875114440918,1701693845.27681
3,3,6,Theta,1048-sin-4Hz.avi,oneeighty,sin-oneeighty-4Hz-acoustic34.wav,180,acoustic,4,0.281719923019409,1701693851.35968
3,3,7,Theta,1053-sin-4Hz.avi,zero,sin-zero-4Hz-dar11.wav,0,dar,2,0.289123058319092,1701693856.36032
3,3,8,Theta,1049-sin-4Hz.avi,zero,sin-zero-4Hz-choir23.wav,0,choir,2,0.410772085189819,1701693862.92653
3,3,9,Theta,1013-sin-4Hz.avi,zero,sin-zero-4Hz-dar10.wav,0,dar,1,0.263200044631958,1701693868.21039
3,3,10,Theta,1066-sin-4Hz.avi,zero,sin-zero-4Hz-orch15.wav,0,orch,4,3.80762815475464,1701693873.19376
3,3,11,Theta,1030-sin-4Hz.avi,zero,sin-zero-4Hz-choir7.wav,0,choir,2,0.321985006332397,1701693882.93539
3,3,12,Theta,1037-sin-4Hz.avi,oneeighty,sin-oneeighty-4Hz-acoustic23.wav,180,acoustic,5,0.335681915283203,1701693888.98566
3,3,13,Theta,1016-sin-4Hz.avi,oneeighty,sin-oneeighty-4Hz-choir21.wav,180,choir,1,0.282288074493408,1701693895.11904
3,3,14,Theta,1017-sin-4Hz.avi,oneeighty,sin-oneeighty-4Hz-orch22.wav,180,orch,4,3.91324496269226,1701693899.9521
3,3,15,Theta,1010-sin-4Hz.avi,oneeighty,sin-oneeighty-4Hz-orch23.wav,180,orch,4,1.22185802459717,1701693908.22748
3,3,16,Theta,1033-sin-4Hz.avi,zero,sin-zero-4Hz-orch3.wav,0,orch,4,1.94248509407043,1701693915.01084
