respMat_ 1,respMat_ 2,respMat_ 3,respMat_ 4,respMat_ 5,respMat_ 6,respMat_ 7,respMat_ 8,respMat_ 9,respMat_10,respMat_11,respMat_12
21,4,1,Theta,1049-sin-4Hz.avi,zero,sin-zero-4Hz-dar10.wav,0,dar,5,2.43476009368896,1705325921.99045
21,4,2,Theta,1015-sin-4Hz.avi,oneeighty,sin-oneeighty-4Hz-acoustic34.wav,180,acoustic,5,2.55388498306274,1705325930.22342
21,4,3,Theta,1030-sin-4Hz.avi,zero,sin-zero-4Hz-orch3.wav,0,orch,3,0.703284025192261,1705325938.28191
21,4,4,Theta,1061-sin-4Hz.avi,zero,sin-zero-4Hz-dar11.wav,0,dar,5,0.288480043411255,1705325943.44863
21,4,5,Theta,1051-sin-4Hz.avi,oneeighty,sin-oneeighty-4Hz-acoustic14.wav,180,acoustic,5,0.288213968276978,1705325949.6569
21,4,6,Theta,1066-sin-4Hz.avi,zero,sin-zero-4Hz-choir15.wav,0,choir,5,0.281329154968262,1705325954.6238
21,4,7,Theta,1026-sin-4Hz.avi,oneeighty,sin-oneeighty-4Hz-choir2.wav,180,choir,5,0.388699054718018,1705325959.73242
21,4,8,Theta,1033-sin-4Hz.avi,zero,sin-zero-4Hz-orch5.wav,0,orch,5,0.307989120483398,1705325966.35713
21,4,9,Theta,1016-sin-4Hz.avi,oneeighty,sin-oneeighty-4Hz-orch22.wav,180,orch,1,1.34370112419128,1705325971.06544
21,4,10,Theta,1013-sin-4Hz.avi,zero,sin-zero-4Hz-choir7.wav,0,choir,5,0.389628171920776,1705325978.1155
21,4,11,Theta,1024-sin-4Hz.avi,zero,sin-zero-4Hz-acoustic32.wav,0,acoustic,3,0.286086797714233,1705325984.29899
21,4,12,Theta,1006-sin-4Hz.avi,oneeighty,sin-oneeighty-4Hz-choir18.wav,180,choir,3,0.596427917480469,1705325989.54066
21,4,13,Theta,1010-sin-4Hz.avi,oneeighty,sin-oneeighty-4Hz-dar13.wav,180,dar,3,0.748816967010498,1705325995.53226
21,4,14,Theta,1044-sin-4Hz.avi,zero,sin-zero-4Hz-acoustic1.wav,0,acoustic,5,0.281240940093994,1705326001.40781
21,4,15,Theta,1029-sin-4Hz.avi,oneeighty,sin-oneeighty-4Hz-dar12.wav,180,dar,3,2.97798895835876,1705326006.19903
21,4,16,Theta,1003-sin-4Hz.avi,oneeighty,sin-oneeighty-4Hz-orch24.wav,180,orch,5,0.351029872894287,1705326014.87396
