respMat_ 1,respMat_ 2,respMat_ 3,respMat_ 4,respMat_ 5,respMat_ 6,respMat_ 7,respMat_ 8,respMat_ 9,respMat_10,respMat_11,respMat_12
19,2,1,Theta,1025-sin-4Hz.avi,zero,sin-zero-4Hz-orch20.wav,0,orch,3,0.324908018112183,1702564898.93693
19,2,2,Theta,1048-sin-4Hz.avi,oneeighty,sin-oneeighty-4Hz-dar17.wav,180,dar,3,0.690898895263672,1702564905.38702
19,2,3,Theta,1026-sin-4Hz.avi,oneeighty,sin-oneeighty-4Hz-dar20.wav,180,dar,3,4.63822793960571,1702564911.10369
19,2,4,Theta,1010-sin-4Hz.avi,oneeighty,sin-oneeighty-4Hz-orch4.wav,180,orch,2,2.06281781196594,1702564921.88717
19,2,5,Theta,1002-sin-4Hz.avi,oneeighty,sin-oneeighty-4Hz-choir21.wav,180,choir,3,0.485651969909668,1702564929.9123
19,2,6,Theta,1034-sin-4Hz.avi,zero,sin-zero-4Hz-acoustic32.wav,0,acoustic,1,1.78693509101868,1702564936.57905
19,2,7,Theta,1023-sin-4Hz.avi,zero,sin-zero-4Hz-orch15.wav,0,orch,2,0.282546997070312,1702564943.18739
19,2,8,Theta,1051-sin-4Hz.avi,oneeighty,sin-oneeighty-4Hz-choir6.wav,180,choir,2,0.608541011810303,1702564948.23745
19,2,9,Theta,1015-sin-4Hz.avi,oneeighty,sin-oneeighty-4Hz-orch23.wav,180,orch,2,0.319736957550049,1702564955.05422
19,2,10,Theta,1049-sin-4Hz.avi,zero,sin-zero-4Hz-choir15.wav,0,choir,2,0.298709869384766,1702564960.57926
19,2,11,Theta,1029-sin-4Hz.avi,oneeighty,sin-oneeighty-4Hz-acoustic14.wav,180,acoustic,3,0.671972990036011,1702564966.44601
19,2,12,Theta,1033-sin-4Hz.avi,zero,sin-zero-4Hz-choir7.wav,0,choir,3,0.298898935317993,1702564972.77108
19,2,13,Theta,1044-sin-4Hz.avi,zero,sin-zero-4Hz-dar22.wav,0,dar,1,0.32915210723877,1702564977.81285
19,2,14,Theta,1037-sin-4Hz.avi,oneeighty,sin-oneeighty-4Hz-acoustic25.wav,180,acoustic,2,0.915457010269165,1702564983.75455
19,2,15,Theta,1052-sin-4Hz.avi,zero,sin-zero-4Hz-acoustic7.wav,0,acoustic,3,0.320744037628174,1702564990.22128
19,2,16,Theta,1022-sin-4Hz.avi,zero,sin-zero-4Hz-dar10.wav,0,dar,1,0.31110405921936,1702564995.86308
