respMat_ 1,respMat_ 2,respMat_ 3,respMat_ 4,respMat_ 5,respMat_ 6,respMat_ 7,respMat_ 8,respMat_ 9,respMat_10,respMat_11,respMat_12
1,2,1,Theta,1018-sin-4Hz.avi,oneeighty,sin-oneeighty-4Hz-orch4.wav,180,orch,1,1.12734293937683,1701346648.61976
1,2,2,Theta,1025-sin-4Hz.avi,zero,sin-zero-4Hz-acoustic32.wav,0,acoustic,3,4.04765796661377,1701346655.61944
1,2,3,Theta,1061-sin-4Hz.avi,zero,sin-zero-4Hz-dar22.wav,0,dar,5,1.95890307426453,1701346665.22824
1,2,4,Theta,1033-sin-4Hz.avi,zero,sin-zero-4Hz-acoustic11.wav,0,acoustic,4,1.30996584892273,1701346672.26134
1,2,5,Theta,1052-sin-4Hz.avi,zero,sin-zero-4Hz-orch3.wav,0,orch,3,1.68721795082092,1701346678.62008
1,2,6,Theta,1010-sin-4Hz.avi,oneeighty,sin-oneeighty-4Hz-choir18.wav,180,choir,4,0.655378818511963,1701346686.00372
1,2,7,Theta,1013-sin-4Hz.avi,zero,sin-zero-4Hz-choir7.wav,0,choir,5,1.49500918388367,1701346692.81214
1,2,8,Theta,1016-sin-4Hz.avi,oneeighty,sin-oneeighty-4Hz-dar12.wav,180,dar,3,2.66110491752625,1701346700.46204
1,2,9,Theta,1051-sin-4Hz.avi,oneeighty,sin-oneeighty-4Hz-dar17.wav,180,dar,3,3.50408101081848,1701346708.17904
1,2,10,Theta,1006-sin-4Hz.avi,oneeighty,sin-oneeighty-4Hz-choir21.wav,180,choir,1,0.651193141937256,1701346716.50409
1,2,11,Theta,1004-sin-4Hz.avi,zero,sin-zero-4Hz-orch20.wav,0,orch,4,0.339303970336914,1701346722.89584
1,2,12,Theta,1037-sin-4Hz.avi,oneeighty,sin-oneeighty-4Hz-orch22.wav,180,orch,4,1.46746301651001,1701346727.8957
1,2,13,Theta,1014-sin-4Hz.avi,oneeighty,sin-oneeighty-4Hz-acoustic34.wav,180,acoustic,2,0.585866928100586,1701346735.14549
1,2,14,Theta,1048-sin-4Hz.avi,oneeighty,sin-oneeighty-4Hz-acoustic14.wav,180,acoustic,3,0.978954076766968,1701346741.1042
1,2,15,Theta,1022-sin-4Hz.avi,zero,sin-zero-4Hz-choir23.wav,0,choir,3,1.29363107681274,1701346747.63758
1,2,16,Theta,1034-sin-4Hz.avi,zero,sin-zero-4Hz-dar2.wav,0,dar,2,0.96817684173584,1701346754.17102
