respMat_ 1,respMat_ 2,respMat_ 3,respMat_ 4,respMat_ 5,respMat_ 6,respMat_ 7,respMat_ 8,respMat_ 9,respMat_10,respMat_11,respMat_12
24,2,1,Theta,1033-sin-4Hz.avi,oneeighty,sin-oneeighty-4Hz-choir14.wav,180,choir,5,0.496256113052368,1705493623.62321
24,2,2,Theta,1052-sin-4Hz.avi,oneeighty,sin-oneeighty-4Hz-choir15.wav,180,choir,4,0.377691984176636,1705493628.78169
24,2,3,Theta,1004-sin-4Hz.avi,oneeighty,sin-oneeighty-4Hz-orch5.wav,180,orch,3,0.376954078674316,1705493633.79043
24,2,4,Theta,1030-sin-4Hz.avi,oneeighty,sin-oneeighty-4Hz-acoustic7.wav,180,acoustic,1,0.355232000350952,1705493639.14032
24,2,5,Theta,1016-sin-4Hz.avi,zero,sin-zero-4Hz-dar20.wav,0,dar,1,0.417600870132446,1705493644.18175
24,2,6,Theta,1003-sin-4Hz.avi,zero,sin-zero-4Hz-choir18.wav,0,choir,1,0.366255044937134,1705493649.06514
24,2,7,Theta,1002-sin-4Hz.avi,zero,sin-zero-4Hz-orch23.wav,0,orch,2,2.48363184928894,1705493654.13179
24,2,8,Theta,1049-sin-4Hz.avi,oneeighty,sin-oneeighty-4Hz-dar2.wav,180,dar,3,0.463847160339355,1705493661.62348
24,2,9,Theta,1022-sin-4Hz.avi,oneeighty,sin-oneeighty-4Hz-orch3.wav,180,orch,5,1.60060000419617,1705493666.59873
24,2,10,Theta,1029-sin-4Hz.avi,zero,sin-zero-4Hz-acoustic23.wav,0,acoustic,3,0.645036935806274,1705493674.29028
24,2,11,Theta,1017-sin-4Hz.avi,zero,sin-zero-4Hz-acoustic25.wav,0,acoustic,3,0.674962043762207,1705493680.32432
24,2,12,Theta,1015-sin-4Hz.avi,zero,sin-zero-4Hz-orch4.wav,0,orch,2,0.527705907821655,1705493685.62363
24,2,13,Theta,1048-sin-4Hz.avi,zero,sin-zero-4Hz-dar12.wav,0,dar,1,0.362847089767456,1705493691.34041
24,2,14,Theta,1013-sin-4Hz.avi,oneeighty,sin-oneeighty-4Hz-acoustic11.wav,180,acoustic,2,1.07120013237,1705493696.63224
24,2,15,Theta,1012-sin-4Hz.avi,zero,sin-zero-4Hz-choir2.wav,0,choir,1,1.21451306343079,1705493702.63273
24,2,16,Theta,1034-sin-4Hz.avi,oneeighty,sin-oneeighty-4Hz-dar11.wav,180,dar,5,0.653196811676025,1705493708.28212
