respMat_ 1,respMat_ 2,respMat_ 3,respMat_ 4,respMat_ 5,respMat_ 6,respMat_ 7,respMat_ 8,respMat_ 9,respMat_10,respMat_11,respMat_12
19,5,1,Theta,1034-sin-4Hz.avi,zero,sin-zero-4Hz-acoustic32.wav,0,acoustic,2,0.384292840957642,1702565220.974
19,5,2,Theta,1049-sin-4Hz.avi,zero,sin-zero-4Hz-choir15.wav,0,choir,3,0.397856950759888,1702565226.03246
19,5,3,Theta,1026-sin-4Hz.avi,oneeighty,sin-oneeighty-4Hz-dar20.wav,180,dar,2,0.56442403793335,1702565231.86587
19,5,4,Theta,1033-sin-4Hz.avi,zero,sin-zero-4Hz-choir7.wav,0,choir,3,0.29873514175415,1702565237.50759
19,5,5,Theta,1044-sin-4Hz.avi,zero,sin-zero-4Hz-dar22.wav,0,dar,2,0.386209964752197,1702565243.91612
19,5,6,Theta,1022-sin-4Hz.avi,zero,sin-zero-4Hz-dar10.wav,0,dar,2,1.28056502342224,1702565248.95778
19,5,7,Theta,1037-sin-4Hz.avi,oneeighty,sin-oneeighty-4Hz-acoustic25.wav,180,acoustic,3,1.26234102249146,1702565256.01604
19,5,8,Theta,1002-sin-4Hz.avi,oneeighty,sin-oneeighty-4Hz-choir21.wav,180,choir,2,0.302447080612183,1702565263.00792
19,5,9,Theta,1023-sin-4Hz.avi,zero,sin-zero-4Hz-orch15.wav,0,orch,2,0.640578031539917,1702565268.94182
19,5,10,Theta,1015-sin-4Hz.avi,oneeighty,sin-oneeighty-4Hz-orch23.wav,180,orch,2,0.762325048446655,1702565274.70805
19,5,11,Theta,1052-sin-4Hz.avi,zero,sin-zero-4Hz-acoustic7.wav,0,acoustic,2,0.489248991012573,1702565280.93312
19,5,12,Theta,1010-sin-4Hz.avi,oneeighty,sin-oneeighty-4Hz-orch4.wav,180,orch,2,0.722450971603394,1702565287.09994
19,5,13,Theta,1029-sin-4Hz.avi,oneeighty,sin-oneeighty-4Hz-acoustic14.wav,180,acoustic,2,1.0180971622467,1702565293.9083
19,5,14,Theta,1025-sin-4Hz.avi,zero,sin-zero-4Hz-orch20.wav,0,orch,2,1.11223220825195,1702565300.55018
19,5,15,Theta,1051-sin-4Hz.avi,oneeighty,sin-oneeighty-4Hz-choir6.wav,180,choir,2,0.432108163833618,1702565306.75024
19,5,16,Theta,1048-sin-4Hz.avi,oneeighty,sin-oneeighty-4Hz-dar17.wav,180,dar,3,0.494066953659058,1702565312.20834
