respMat_ 1,respMat_ 2,respMat_ 3,respMat_ 4,respMat_ 5,respMat_ 6,respMat_ 7,respMat_ 8,respMat_ 9,respMat_10,respMat_11,respMat_12
24,5,1,Theta,1051-sin-4Hz.avi,zero,sin-zero-4Hz-orch22.wav,0,orch,4,2.32684707641602,1705493926.17578
24,5,2,Theta,1027-sin-4Hz.avi,oneeighty,sin-oneeighty-4Hz-choir7.wav,180,choir,1,0.425171136856079,1705493933.91736
24,5,3,Theta,1061-sin-4Hz.avi,oneeighty,sin-oneeighty-4Hz-choir23.wav,180,choir,4,1.90639805793762,1705493940.08417
24,5,4,Theta,1053-sin-4Hz.avi,oneeighty,sin-oneeighty-4Hz-acoustic32.wav,180,acoustic,5,0.48475980758667,1705493947.42573
24,5,5,Theta,1026-sin-4Hz.avi,zero,sin-zero-4Hz-acoustic34.wav,0,acoustic,4,0.965523958206177,1705493953.80907
24,5,6,Theta,1044-sin-4Hz.avi,oneeighty,sin-oneeighty-4Hz-dar10.wav,180,dar,2,0.739104986190796,1705493959.66743
24,5,7,Theta,1037-sin-4Hz.avi,zero,sin-zero-4Hz-choir21.wav,0,choir,4,0.358037233352661,1705493966.19247
24,5,8,Theta,1043-sin-4Hz.avi,zero,sin-zero-4Hz-acoustic14.wav,0,acoustic,3,0.2636878490448,1705493971.34274
24,5,9,Theta,1014-sin-4Hz.avi,zero,sin-zero-4Hz-orch24.wav,0,orch,2,0.272058010101318,1705493976.13434
24,5,10,Theta,1023-sin-4Hz.avi,oneeighty,sin-oneeighty-4Hz-dar22.wav,180,dar,1,0.310863018035889,1705493982.55956
24,5,11,Theta,1018-sin-4Hz.avi,zero,sin-zero-4Hz-choir6.wav,0,choir,5,0.396770000457764,1705493988.40966
24,5,12,Theta,1010-sin-4Hz.avi,zero,sin-zero-4Hz-dar17.wav,0,dar,4,1.22201609611511,1705493993.77641
24,5,13,Theta,1066-sin-4Hz.avi,oneeighty,sin-oneeighty-4Hz-orch15.wav,180,orch,3,0.500036001205444,1705494000.03439
24,5,14,Theta,1006-sin-4Hz.avi,zero,sin-zero-4Hz-dar13.wav,0,dar,1,0.304282903671265,1705494006.72611
24,5,15,Theta,1025-sin-4Hz.avi,oneeighty,sin-oneeighty-4Hz-orch20.wav,180,orch,3,0.583575010299683,1705494011.74281
24,5,16,Theta,1024-sin-4Hz.avi,oneeighty,sin-oneeighty-4Hz-acoustic1.wav,180,acoustic,5,0.265588045120239,1705494017.88473
