respMat_ 1,respMat_ 2,respMat_ 3,respMat_ 4,respMat_ 5,respMat_ 6,respMat_ 7,respMat_ 8,respMat_ 9,respMat_10,respMat_11,respMat_12
12,5,1,Theta,1066-sin-4Hz.avi,oneeighty,sin-oneeighty-4Hz-dar11.wav,180,dar,2,4.87339901924133,1702308611.10582
12,5,2,Theta,1051-sin-4Hz.avi,zero,sin-zero-4Hz-acoustic34.wav,0,acoustic,2,0.2686607837677,1702308620.62256
12,5,3,Theta,1024-sin-4Hz.avi,oneeighty,sin-oneeighty-4Hz-dar2.wav,180,dar,3,2.10232400894165,1702308625.38094
12,5,4,Theta,1053-sin-4Hz.avi,oneeighty,sin-oneeighty-4Hz-acoustic7.wav,180,acoustic,3,2.67112588882446,1702308633.35608
12,5,5,Theta,1016-sin-4Hz.avi,zero,sin-zero-4Hz-acoustic25.wav,0,acoustic,3,2.29649305343628,1702308641.52277
12,5,6,Theta,1044-sin-4Hz.avi,oneeighty,sin-oneeighty-4Hz-orch20.wav,180,orch,3,0.884943962097168,1702308650.00625
12,5,7,Theta,1006-sin-4Hz.avi,zero,sin-zero-4Hz-dar17.wav,0,dar,2,0.430235147476196,1702308655.77292
12,5,8,Theta,1026-sin-4Hz.avi,zero,sin-zero-4Hz-dar13.wav,0,dar,3,1.05338001251221,1702308660.98986
12,5,9,Theta,1034-sin-4Hz.avi,oneeighty,sin-oneeighty-4Hz-choir7.wav,180,choir,3,0.391508102416992,1702308667.93966
12,5,10,Theta,1004-sin-4Hz.avi,oneeighty,sin-oneeighty-4Hz-acoustic1.wav,180,acoustic,3,0.346287965774536,1702308673.07294
12,5,11,Theta,1049-sin-4Hz.avi,oneeighty,sin-oneeighty-4Hz-choir23.wav,180,choir,3,0.265319108963013,1702308679.28182
12,5,12,Theta,1015-sin-4Hz.avi,zero,sin-zero-4Hz-orch22.wav,0,orch,4,3.01837396621704,1702308684.06476
12,5,13,Theta,1012-sin-4Hz.avi,zero,sin-zero-4Hz-choir21.wav,0,choir,3,11.3912761211395,1702308692.53995
12,5,14,Theta,1018-sin-4Hz.avi,zero,sin-zero-4Hz-orch23.wav,0,orch,3,0.232768058776855,1702308708.89843
12,5,15,Theta,1025-sin-4Hz.avi,oneeighty,sin-oneeighty-4Hz-orch5.wav,180,orch,2,0.31569504737854,1702308714.22349
12,5,16,Theta,1002-sin-4Hz.avi,zero,sin-zero-4Hz-choir2.wav,0,choir,3,1.59222388267517,1702308720.30697
