respMat_ 1,respMat_ 2,respMat_ 3,respMat_ 4,respMat_ 5,respMat_ 6,respMat_ 7,respMat_ 8,respMat_ 9,respMat_10,respMat_11,respMat_12
14,4,1,Theta,1015-sin-4Hz.avi,zero,sin-zero-4Hz-acoustic25.wav,0,acoustic,5,2.17129707336426,1702390784.39171
14,4,2,Theta,1004-sin-4Hz.avi,oneeighty,sin-oneeighty-4Hz-dar22.wav,180,dar,5,1.53309512138367,1702390791.74993
14,4,3,Theta,1014-sin-4Hz.avi,zero,sin-zero-4Hz-dar13.wav,0,dar,4,7.88954019546509,1702390798.43347
14,4,4,Theta,1006-sin-4Hz.avi,zero,sin-zero-4Hz-acoustic14.wav,0,acoustic,1,1.59206199645996,1702390811.86696
14,4,5,Theta,1049-sin-4Hz.avi,oneeighty,sin-oneeighty-4Hz-dar2.wav,180,dar,1,1.60728001594543,1702390819.48376
14,4,6,Theta,1024-sin-4Hz.avi,oneeighty,sin-oneeighty-4Hz-choir7.wav,180,choir,2,3.01034092903137,1702390827.21667
14,4,7,Theta,1018-sin-4Hz.avi,zero,sin-zero-4Hz-orch24.wav,0,orch,4,2.45193290710449,1702390834.7671
14,4,8,Theta,1053-sin-4Hz.avi,oneeighty,sin-oneeighty-4Hz-choir14.wav,180,choir,3,2.183100938797,1702390842.68394
14,4,9,Theta,1025-sin-4Hz.avi,oneeighty,sin-oneeighty-4Hz-orch15.wav,180,orch,3,5.44154000282288,1702390849.82548
14,4,10,Theta,1030-sin-4Hz.avi,oneeighty,sin-oneeighty-4Hz-acoustic11.wav,180,acoustic,1,13.7748358249664,1702390859.89208
14,4,11,Theta,1048-sin-4Hz.avi,zero,sin-zero-4Hz-choir18.wav,0,choir,2,2.37881398200989,1702390878.18422
14,4,12,Theta,1029-sin-4Hz.avi,zero,sin-zero-4Hz-choir21.wav,0,choir,2,3.18602895736694,1702390886.00098
14,4,13,Theta,1022-sin-4Hz.avi,oneeighty,sin-oneeighty-4Hz-orch20.wav,180,orch,3,2.56701922416687,1702390895.46804
14,4,14,Theta,1026-sin-4Hz.avi,zero,sin-zero-4Hz-dar20.wav,0,dar,3,6.77024102210999,1702390903.79283
14,4,15,Theta,1061-sin-4Hz.avi,oneeighty,sin-oneeighty-4Hz-acoustic7.wav,180,acoustic,5,3.56687521934509,1702390915.87618
14,4,16,Theta,1012-sin-4Hz.avi,zero,sin-zero-4Hz-orch23.wav,0,orch,4,2.46820712089539,1702390925.1349
