respMat_ 1,respMat_ 2,respMat_ 3,respMat_ 4,respMat_ 5,respMat_ 6,respMat_ 7,respMat_ 8,respMat_ 9,respMat_10,respMat_11,respMat_12
23,3,1,Theta,1052-sin-4Hz.avi,zero,sin-zero-4Hz-choir15.wav,0,choir,3,0.278396129608154,1705330106.87573
23,3,2,Theta,1014-sin-4Hz.avi,oneeighty,sin-oneeighty-4Hz-dar20.wav,180,dar,3,0.317978858947754,1705330113.28416
23,3,3,Theta,1053-sin-4Hz.avi,zero,sin-zero-4Hz-acoustic1.wav,0,acoustic,5,0.305257081985474,1705330119.20087
23,3,4,Theta,1066-sin-4Hz.avi,zero,sin-zero-4Hz-dar2.wav,0,dar,2,0.23548412322998,1705330125.1426
23,3,5,Theta,1004-sin-4Hz.avi,zero,sin-zero-4Hz-acoustic11.wav,0,acoustic,4,0.601048946380615,1705330129.80097
23,3,6,Theta,1016-sin-4Hz.avi,oneeighty,sin-oneeighty-4Hz-dar12.wav,180,dar,5,0.336834907531738,1705330135.40925
23,3,7,Theta,1037-sin-4Hz.avi,oneeighty,sin-oneeighty-4Hz-orch22.wav,180,orch,2,2.98664903640747,1705330140.7594
23,3,8,Theta,1026-sin-4Hz.avi,oneeighty,sin-oneeighty-4Hz-choir6.wav,180,choir,2,0.440670013427734,1705330149.60938
23,3,9,Theta,1010-sin-4Hz.avi,oneeighty,sin-oneeighty-4Hz-choir2.wav,180,choir,4,0.371230840682983,1705330155.34283
23,3,10,Theta,1018-sin-4Hz.avi,oneeighty,sin-oneeighty-4Hz-acoustic34.wav,180,acoustic,4,0.435025930404663,1705330160.9429
23,3,11,Theta,1023-sin-4Hz.avi,zero,sin-zero-4Hz-choir7.wav,0,choir,5,0.643657922744751,1705330166.12627
23,3,12,Theta,1024-sin-4Hz.avi,zero,sin-zero-4Hz-orch3.wav,0,orch,4,1.00395488739014,1705330171.31798
23,3,13,Theta,1030-sin-4Hz.avi,zero,sin-zero-4Hz-orch5.wav,0,orch,3,0.398000001907349,1705330178.0679
23,3,14,Theta,1048-sin-4Hz.avi,oneeighty,sin-oneeighty-4Hz-orch4.wav,180,orch,2,0.327511787414551,1705330182.8264
23,3,15,Theta,1033-sin-4Hz.avi,zero,sin-zero-4Hz-dar11.wav,0,dar,5,0.297080039978027,1705330188.98478
23,3,16,Theta,1029-sin-4Hz.avi,oneeighty,sin-oneeighty-4Hz-acoustic23.wav,180,acoustic,4,0.327023983001709,1705330193.83484
