respMat_ 1,respMat_ 2,respMat_ 3,respMat_ 4,respMat_ 5,respMat_ 6,respMat_ 7,respMat_ 8,respMat_ 9,respMat_10,respMat_11,respMat_12
13,2,1,Theta,1052-sin-4Hz.avi,zero,sin-zero-4Hz-acoustic1.wav,0,acoustic,5,0.382098197937012,1702311630.63482
13,2,2,Theta,1066-sin-4Hz.avi,zero,sin-zero-4Hz-acoustic7.wav,0,acoustic,5,0.564456939697266,1702311636.08467
13,2,3,Theta,1048-sin-4Hz.avi,oneeighty,sin-oneeighty-4Hz-orch24.wav,180,orch,5,0.394556999206543,1702311641.72687
13,2,4,Theta,1030-sin-4Hz.avi,zero,sin-zero-4Hz-dar10.wav,0,dar,2,1.44434094429016,1702311647.49325
13,2,5,Theta,1034-sin-4Hz.avi,zero,sin-zero-4Hz-orch20.wav,0,orch,4,0.630563974380493,1702311653.61901
13,2,6,Theta,1002-sin-4Hz.avi,oneeighty,sin-oneeighty-4Hz-acoustic14.wav,180,acoustic,5,0.378948926925659,1702311658.92691
13,2,7,Theta,1043-sin-4Hz.avi,oneeighty,sin-oneeighty-4Hz-acoustic34.wav,180,acoustic,3,2.77779197692871,1702311663.74401
13,2,8,Theta,1017-sin-4Hz.avi,oneeighty,sin-oneeighty-4Hz-orch4.wav,180,orch,4,0.641351938247681,1702311672.74456
13,2,9,Theta,1022-sin-4Hz.avi,zero,sin-zero-4Hz-dar2.wav,0,dar,3,1.59341907501221,1702311679.15282
13,2,10,Theta,1033-sin-4Hz.avi,zero,sin-zero-4Hz-orch15.wav,0,orch,5,0.338507890701294,1702311685.51166
13,2,11,Theta,1016-sin-4Hz.avi,oneeighty,sin-oneeighty-4Hz-dar17.wav,180,dar,5,0.337395906448364,1702311691.54492
13,2,12,Theta,1044-sin-4Hz.avi,zero,sin-zero-4Hz-choir15.wav,0,choir,5,0.574388027191162,1702311696.41203
13,2,13,Theta,1014-sin-4Hz.avi,oneeighty,sin-oneeighty-4Hz-choir2.wav,180,choir,4,0.294969081878662,1702311701.79553
13,2,14,Theta,1006-sin-4Hz.avi,oneeighty,sin-oneeighty-4Hz-choir6.wav,180,choir,2,3.04157590866089,1702311707.94548
13,2,15,Theta,1004-sin-4Hz.avi,zero,sin-zero-4Hz-choir23.wav,0,choir,1,1.54521799087524,1702311716.75367
13,2,16,Theta,1003-sin-4Hz.avi,oneeighty,sin-oneeighty-4Hz-dar13.wav,180,dar,4,1.09746289253235,1702311723.93753
