respMat_ 1,respMat_ 2,respMat_ 3,respMat_ 4,respMat_ 5,respMat_ 6,respMat_ 7,respMat_ 8,respMat_ 9,respMat_10,respMat_11,respMat_12
11,2,1,Theta,1002-sin-4Hz.avi,oneeighty,sin-oneeighty-4Hz-acoustic14.wav,180,acoustic,4,2.04132890701294,1702289642.63914
11,2,2,Theta,1023-sin-4Hz.avi,zero,sin-zero-4Hz-acoustic32.wav,0,acoustic,3,1.31529498100281,1702289649.20527
11,2,3,Theta,1029-sin-4Hz.avi,oneeighty,sin-oneeighty-4Hz-orch23.wav,180,orch,2,0.527538061141968,1702289655.68884
11,2,4,Theta,1061-sin-4Hz.avi,zero,sin-zero-4Hz-dar22.wav,0,dar,4,2.03279995918274,1702289661.04763
11,2,5,Theta,1048-sin-4Hz.avi,oneeighty,sin-oneeighty-4Hz-choir21.wav,180,choir,2,1.36588907241821,1702289669.3145
11,2,6,Theta,1016-sin-4Hz.avi,oneeighty,sin-oneeighty-4Hz-acoustic25.wav,180,acoustic,1,1.53502297401428,1702289675.89757
11,2,7,Theta,1012-sin-4Hz.avi,oneeighty,sin-oneeighty-4Hz-choir2.wav,180,choir,2,0.600883007049561,1702289682.23951
11,2,8,Theta,1044-sin-4Hz.avi,zero,sin-zero-4Hz-orch3.wav,0,orch,1,0.867006063461304,1702289688.18142
11,2,9,Theta,1043-sin-4Hz.avi,oneeighty,sin-oneeighty-4Hz-dar13.wav,180,dar,4,0.520557165145874,1702289693.64803
11,2,10,Theta,1013-sin-4Hz.avi,zero,sin-zero-4Hz-orch20.wav,0,orch,2,0.44682502746582,1702289699.09759
11,2,11,Theta,1027-sin-4Hz.avi,zero,sin-zero-4Hz-acoustic11.wav,0,acoustic,5,0.430816173553467,1702289705.09766
11,2,12,Theta,1052-sin-4Hz.avi,zero,sin-zero-4Hz-choir7.wav,0,choir,3,1.35927391052246,1702289711.27312
11,2,13,Theta,1034-sin-4Hz.avi,zero,sin-zero-4Hz-choir15.wav,0,choir,4,0.331110954284668,1702289718.17333
11,2,14,Theta,1017-sin-4Hz.avi,oneeighty,sin-oneeighty-4Hz-orch22.wav,180,orch,3,0.519373893737793,1702289724.27306
11,2,15,Theta,1066-sin-4Hz.avi,zero,sin-zero-4Hz-dar11.wav,0,dar,4,0.714630126953125,1702289729.78979
11,2,16,Theta,1026-sin-4Hz.avi,oneeighty,sin-oneeighty-4Hz-dar20.wav,180,dar,2,1.97563600540161,1702289736.46481
