respMat_ 1,respMat_ 2,respMat_ 3,respMat_ 4,respMat_ 5,respMat_ 6,respMat_ 7,respMat_ 8,respMat_ 9,respMat_10,respMat_11,respMat_12
24,7,1,Theta,1053-sin-4Hz.avi,oneeighty,sin-oneeighty-4Hz-acoustic32.wav,180,acoustic,5,0.997406959533691,1705494125.16867
24,7,2,Theta,1066-sin-4Hz.avi,oneeighty,sin-oneeighty-4Hz-orch15.wav,180,orch,3,0.560801029205322,1705494132.06926
24,7,3,Theta,1018-sin-4Hz.avi,zero,sin-zero-4Hz-choir6.wav,0,choir,5,0.471558094024658,1705494137.31043
24,7,4,Theta,1025-sin-4Hz.avi,oneeighty,sin-oneeighty-4Hz-orch20.wav,180,orch,2,1.42771506309509,1705494143.20235
24,7,5,Theta,1010-sin-4Hz.avi,zero,sin-zero-4Hz-dar17.wav,0,dar,4,0.540263891220093,1705494149.9777
24,7,6,Theta,1044-sin-4Hz.avi,oneeighty,sin-oneeighty-4Hz-dar10.wav,180,dar,1,0.317960977554321,1705494156.32803
24,7,7,Theta,1061-sin-4Hz.avi,oneeighty,sin-oneeighty-4Hz-choir23.wav,180,choir,3,0.760298013687134,1705494161.67767
24,7,8,Theta,1014-sin-4Hz.avi,zero,sin-zero-4Hz-orch24.wav,0,orch,1,1.01296210289001,1705494167.96899
24,7,9,Theta,1024-sin-4Hz.avi,oneeighty,sin-oneeighty-4Hz-acoustic1.wav,180,acoustic,5,0.323443174362183,1705494173.79449
24,7,10,Theta,1027-sin-4Hz.avi,oneeighty,sin-oneeighty-4Hz-choir7.wav,180,choir,1,0.674654960632324,1705494179.21922
24,7,11,Theta,1051-sin-4Hz.avi,zero,sin-zero-4Hz-orch22.wav,0,orch,3,0.911416053771973,1705494185.4945
24,7,12,Theta,1026-sin-4Hz.avi,zero,sin-zero-4Hz-acoustic34.wav,0,acoustic,5,0.406266927719116,1705494191.72762
24,7,13,Theta,1043-sin-4Hz.avi,zero,sin-zero-4Hz-acoustic14.wav,0,acoustic,2,0.30165696144104,1705494197.94425
24,7,14,Theta,1037-sin-4Hz.avi,zero,sin-zero-4Hz-choir21.wav,0,choir,5,0.361342906951904,1705494203.85253
24,7,15,Theta,1006-sin-4Hz.avi,zero,sin-zero-4Hz-dar13.wav,0,dar,1,0.292421817779541,1705494208.76943
24,7,16,Theta,1023-sin-4Hz.avi,oneeighty,sin-oneeighty-4Hz-dar22.wav,180,dar,1,0.305304050445557,1705494213.84451
