respMat_ 1,respMat_ 2,respMat_ 3,respMat_ 4,respMat_ 5,respMat_ 6,respMat_ 7,respMat_ 8,respMat_ 9,respMat_10,respMat_11,respMat_12
20,8,1,Theta,1052-sin-4Hz.avi,oneeighty,sin-oneeighty-4Hz-orch20.wav,180,orch,2,0.273455142974854,1702572169.9033
20,8,2,Theta,1061-sin-4Hz.avi,oneeighty,sin-oneeighty-4Hz-choir7.wav,180,choir,1,1.28257298469543,1702572175.07015
20,8,3,Theta,1033-sin-4Hz.avi,oneeighty,sin-oneeighty-4Hz-dar11.wav,180,dar,3,1.11491298675537,1702572181.46179
20,8,4,Theta,1018-sin-4Hz.avi,zero,sin-zero-4Hz-acoustic23.wav,0,acoustic,5,3.39215111732483,1702572186.92861
20,8,5,Theta,1006-sin-4Hz.avi,zero,sin-zero-4Hz-choir2.wav,0,choir,1,0.52410101890564,1702572195.82855
20,8,6,Theta,1029-sin-4Hz.avi,zero,sin-zero-4Hz-choir21.wav,0,choir,1,2.3014121055603,1702572200.99526
20,8,7,Theta,1037-sin-4Hz.avi,zero,sin-zero-4Hz-dar13.wav,0,dar,3,1.6036810874939,1702572208.63699
20,8,8,Theta,1048-sin-4Hz.avi,zero,sin-zero-4Hz-dar20.wav,0,dar,3,1.16895008087158,1702572215.10368
20,8,9,Theta,1013-sin-4Hz.avi,oneeighty,sin-oneeighty-4Hz-acoustic1.wav,180,acoustic,4,0.664741039276123,1702572222.31207
20,8,10,Theta,1016-sin-4Hz.avi,zero,sin-zero-4Hz-orch22.wav,0,orch,1,0.3867027759552,1702572227.45391
20,8,11,Theta,1034-sin-4Hz.avi,oneeighty,sin-oneeighty-4Hz-dar10.wav,180,dar,1,0.362227916717529,1702572233.46234
20,8,12,Theta,1066-sin-4Hz.avi,oneeighty,sin-oneeighty-4Hz-acoustic32.wav,180,acoustic,1,0.459162950515747,1702572239.04541
20,8,13,Theta,1051-sin-4Hz.avi,zero,sin-zero-4Hz-orch4.wav,0,orch,1,0.361763954162598,1702572243.87881
20,8,14,Theta,1030-sin-4Hz.avi,oneeighty,sin-oneeighty-4Hz-orch15.wav,180,orch,1,0.46359395980835,1702572249.72894
20,8,15,Theta,1049-sin-4Hz.avi,oneeighty,sin-oneeighty-4Hz-choir23.wav,180,choir,1,0.328375101089478,1702572256.10412
20,8,16,Theta,1012-sin-4Hz.avi,zero,sin-zero-4Hz-acoustic34.wav,0,acoustic,3,0.396800994873047,1702572262.19571
