respMat_ 1,respMat_ 2,respMat_ 3,respMat_ 4,respMat_ 5,respMat_ 6,respMat_ 7,respMat_ 8,respMat_ 9,respMat_10,respMat_11,respMat_12
13,6,1,Theta,1027-sin-4Hz.avi,zero,sin-zero-4Hz-choir7.wav,0,choir,1,0.294554233551025,1702312032.32923
13,6,2,Theta,1023-sin-4Hz.avi,zero,sin-zero-4Hz-orch5.wav,0,orch,1,0.363292217254639,1702312038.8206
13,6,3,Theta,1029-sin-4Hz.avi,oneeighty,sin-oneeighty-4Hz-choir18.wav,180,choir,1,0.888350009918213,1702312045.4796
13,6,4,Theta,1010-sin-4Hz.avi,oneeighty,sin-oneeighty-4Hz-dar20.wav,180,dar,4,0.32262396812439,1702312051.02126
13,6,5,Theta,1013-sin-4Hz.avi,zero,sin-zero-4Hz-acoustic11.wav,0,acoustic,5,0.275747060775757,1702312057.00437
13,6,6,Theta,1024-sin-4Hz.avi,zero,sin-zero-4Hz-acoustic32.wav,0,acoustic,4,0.938966989517212,1702312062.21323
13,6,7,Theta,1015-sin-4Hz.avi,oneeighty,sin-oneeighty-4Hz-orch23.wav,180,orch,5,0.0908520221710205,1702312069.22134
13,6,8,Theta,1049-sin-4Hz.avi,zero,sin-zero-4Hz-orch3.wav,0,orch,3,3.02924108505249,1702312074.55517
13,6,9,Theta,1012-sin-4Hz.avi,oneeighty,sin-oneeighty-4Hz-acoustic25.wav,180,acoustic,5,0.32905912399292,1702312083.46339
13,6,10,Theta,1061-sin-4Hz.avi,zero,sin-zero-4Hz-dar11.wav,0,dar,5,0.310126781463623,1702312089.53046
13,6,11,Theta,1051-sin-4Hz.avi,oneeighty,sin-oneeighty-4Hz-acoustic23.wav,180,acoustic,1,0.791121006011963,1702312094.50545
13,6,12,Theta,1025-sin-4Hz.avi,zero,sin-zero-4Hz-choir14.wav,0,choir,2,0.312485933303833,1702312100.68015
13,6,13,Theta,1053-sin-4Hz.avi,zero,sin-zero-4Hz-dar22.wav,0,dar,5,0.349784851074219,1702312107.13891
13,6,14,Theta,1026-sin-4Hz.avi,oneeighty,sin-oneeighty-4Hz-orch22.wav,180,orch,4,1.92899107933044,1702312113.06377
13,6,15,Theta,1037-sin-4Hz.avi,oneeighty,sin-oneeighty-4Hz-dar12.wav,180,dar,5,0.31361985206604,1702312121.23923
13,6,16,Theta,1018-sin-4Hz.avi,oneeighty,sin-oneeighty-4Hz-choir21.wav,180,choir,5,0.467639207839966,1702312127.18128
