respMat_ 1,respMat_ 2,respMat_ 3,respMat_ 4,respMat_ 5,respMat_ 6,respMat_ 7,respMat_ 8,respMat_ 9,respMat_10,respMat_11,respMat_12
17,2,1,Theta,1002-sin-4Hz.avi,oneeighty,sin-oneeighty-4Hz-choir6.wav,180,choir,4,0.511353969573975,1702475143.03777
17,2,2,Theta,1022-sin-4Hz.avi,zero,sin-zero-4Hz-acoustic11.wav,0,acoustic,5,0.509509086608887,1702475148.47967
17,2,3,Theta,1027-sin-4Hz.avi,zero,sin-zero-4Hz-choir7.wav,0,choir,2,0.322274923324585,1702475154.15494
17,2,4,Theta,1024-sin-4Hz.avi,zero,sin-zero-4Hz-choir14.wav,0,choir,3,0.354382991790771,1702475159.14671
17,2,5,Theta,1026-sin-4Hz.avi,oneeighty,sin-oneeighty-4Hz-dar17.wav,180,dar,5,0.292262077331543,1702475165.51305
17,2,6,Theta,1003-sin-4Hz.avi,oneeighty,sin-oneeighty-4Hz-acoustic23.wav,180,acoustic,4,1.71126484870911,1702475172.02995
17,2,7,Theta,1053-sin-4Hz.avi,zero,sin-zero-4Hz-orch5.wav,0,orch,1,0.298976182937622,1702475178.54635
17,2,8,Theta,1013-sin-4Hz.avi,zero,sin-zero-4Hz-acoustic7.wav,0,acoustic,3,1.70611310005188,1702475184.547
17,2,9,Theta,1049-sin-4Hz.avi,zero,sin-zero-4Hz-dar2.wav,0,dar,5,1.05971693992615,1702475191.51359
17,2,10,Theta,1017-sin-4Hz.avi,oneeighty,sin-oneeighty-4Hz-dar13.wav,180,dar,1,2.13575601577759,1702475197.20543
17,2,11,Theta,1025-sin-4Hz.avi,zero,sin-zero-4Hz-orch3.wav,0,orch,1,1.21296000480652,1702475205.28021
17,2,12,Theta,1014-sin-4Hz.avi,oneeighty,sin-oneeighty-4Hz-acoustic34.wav,180,acoustic,1,0.665285110473633,1702475210.96388
17,2,13,Theta,1018-sin-4Hz.avi,oneeighty,sin-oneeighty-4Hz-orch23.wav,180,orch,1,1.4766628742218,1702475216.68052
17,2,14,Theta,1043-sin-4Hz.avi,oneeighty,sin-oneeighty-4Hz-choir21.wav,180,choir,3,0.721988916397095,1702475224.34723
17,2,15,Theta,1044-sin-4Hz.avi,zero,sin-zero-4Hz-dar22.wav,0,dar,1,0.630726099014282,1702475230.02246
17,2,16,Theta,1037-sin-4Hz.avi,oneeighty,sin-oneeighty-4Hz-orch22.wav,180,orch,3,1.82740998268127,1702475235.51386
