respMat_ 1,respMat_ 2,respMat_ 3,respMat_ 4,respMat_ 5,respMat_ 6,respMat_ 7,respMat_ 8,respMat_ 9,respMat_10,respMat_11,respMat_12
24,1,1,Theta,1024-sin-4Hz.avi,oneeighty,sin-oneeighty-4Hz-acoustic1.wav,180,acoustic,4,1.04801893234253,1705493520.25588
24,1,2,Theta,1051-sin-4Hz.avi,zero,sin-zero-4Hz-orch22.wav,0,orch,3,0.518380880355835,1705493526.68949
24,1,3,Theta,1066-sin-4Hz.avi,oneeighty,sin-oneeighty-4Hz-orch15.wav,180,orch,1,0.386000871658325,1705493532.38976
24,1,4,Theta,1023-sin-4Hz.avi,oneeighty,sin-oneeighty-4Hz-dar22.wav,180,dar,1,0.642127990722656,1705493537.38162
24,1,5,Theta,1010-sin-4Hz.avi,zero,sin-zero-4Hz-dar17.wav,0,dar,3,2.08250403404236,1705493542.98134
24,1,6,Theta,1044-sin-4Hz.avi,oneeighty,sin-oneeighty-4Hz-dar10.wav,180,dar,1,0.401757001876831,1705493551.20595
24,1,7,Theta,1027-sin-4Hz.avi,oneeighty,sin-oneeighty-4Hz-choir7.wav,180,choir,1,0.567477941513062,1705493556.44821
24,1,8,Theta,1014-sin-4Hz.avi,zero,sin-zero-4Hz-orch24.wav,0,orch,3,1.26815390586853,1705493563.12353
24,1,9,Theta,1037-sin-4Hz.avi,zero,sin-zero-4Hz-choir21.wav,0,choir,4,0.70606803894043,1705493570.18159
24,1,10,Theta,1061-sin-4Hz.avi,oneeighty,sin-oneeighty-4Hz-choir23.wav,180,choir,2,0.848360776901245,1705493576.63144
24,1,11,Theta,1043-sin-4Hz.avi,zero,sin-zero-4Hz-acoustic14.wav,0,acoustic,3,1.69309091567993,1705493582.29856
24,1,12,Theta,1053-sin-4Hz.avi,oneeighty,sin-oneeighty-4Hz-acoustic32.wav,180,acoustic,5,0.794533014297485,1705493589.77324
24,1,13,Theta,1006-sin-4Hz.avi,zero,sin-zero-4Hz-dar13.wav,0,dar,3,0.795264959335327,1705493595.14842
24,1,14,Theta,1025-sin-4Hz.avi,oneeighty,sin-oneeighty-4Hz-orch20.wav,180,orch,2,1.69292283058167,1705493601.11469
24,1,15,Theta,1026-sin-4Hz.avi,zero,sin-zero-4Hz-acoustic34.wav,0,acoustic,3,1.64583396911621,1705493607.68988
24,1,16,Theta,1018-sin-4Hz.avi,zero,sin-zero-4Hz-choir6.wav,0,choir,4,1.78947520256042,1705493614.49005
