respMat_ 1,respMat_ 2,respMat_ 3,respMat_ 4,respMat_ 5,respMat_ 6,respMat_ 7,respMat_ 8,respMat_ 9,respMat_10,respMat_11,respMat_12
24,4,1,Theta,1002-sin-4Hz.avi,zero,sin-zero-4Hz-orch23.wav,0,orch,3,1.1190710067749,1705493822.39183
24,4,2,Theta,1034-sin-4Hz.avi,oneeighty,sin-oneeighty-4Hz-dar11.wav,180,dar,4,0.437597990036011,1705493828.64132
24,4,3,Theta,1022-sin-4Hz.avi,oneeighty,sin-oneeighty-4Hz-orch3.wav,180,orch,5,1.14274120330811,1705493834.60815
24,4,4,Theta,1016-sin-4Hz.avi,zero,sin-zero-4Hz-dar20.wav,0,dar,2,0.452080011367798,1705493841.45878
24,4,5,Theta,1015-sin-4Hz.avi,zero,sin-zero-4Hz-orch4.wav,0,orch,2,0.381971836090088,1705493846.4249
24,4,6,Theta,1030-sin-4Hz.avi,oneeighty,sin-oneeighty-4Hz-acoustic7.wav,180,acoustic,1,0.341747999191284,1705493852.41708
24,4,7,Theta,1013-sin-4Hz.avi,oneeighty,sin-oneeighty-4Hz-acoustic11.wav,180,acoustic,2,1.29846811294556,1705493857.50835
24,4,8,Theta,1033-sin-4Hz.avi,oneeighty,sin-oneeighty-4Hz-choir14.wav,180,choir,4,1.62550497055054,1705493864.1253
24,4,9,Theta,1004-sin-4Hz.avi,oneeighty,sin-oneeighty-4Hz-orch5.wav,180,orch,3,1.20722389221191,1705493871.98355
24,4,10,Theta,1017-sin-4Hz.avi,zero,sin-zero-4Hz-acoustic25.wav,0,acoustic,3,1.31504511833191,1705493878.6757
24,4,11,Theta,1052-sin-4Hz.avi,oneeighty,sin-oneeighty-4Hz-choir15.wav,180,choir,2,1.5046648979187,1705493885.94209
24,4,12,Theta,1049-sin-4Hz.avi,oneeighty,sin-oneeighty-4Hz-dar2.wav,180,dar,1,0.493550062179565,1705493892.02528
24,4,13,Theta,1012-sin-4Hz.avi,zero,sin-zero-4Hz-choir2.wav,0,choir,1,1.35635900497437,1705493897.85035
24,4,14,Theta,1003-sin-4Hz.avi,zero,sin-zero-4Hz-choir18.wav,0,choir,2,1.82767581939697,1705493904.86701
24,4,15,Theta,1048-sin-4Hz.avi,zero,sin-zero-4Hz-dar12.wav,0,dar,1,0.267858028411865,1705493912.45881
24,4,16,Theta,1029-sin-4Hz.avi,zero,sin-zero-4Hz-acoustic23.wav,0,acoustic,2,0.24058198928833,1705493918.93404
