respMat_ 1,respMat_ 2,respMat_ 3,respMat_ 4,respMat_ 5,respMat_ 6,respMat_ 7,respMat_ 8,respMat_ 9,respMat_10,respMat_11,respMat_12
11,4,1,Theta,1022-sin-4Hz.avi,zero,sin-zero-4Hz-orch15.wav,0,orch,2,2.54400086402893,1702289847.01649
11,4,2,Theta,1018-sin-4Hz.avi,oneeighty,sin-oneeighty-4Hz-choir18.wav,180,choir,2,0.341049909591675,1702289854.49947
11,4,3,Theta,1004-sin-4Hz.avi,zero,sin-zero-4Hz-dar10.wav,0,dar,3,0.4459228515625,1702289859.46658
11,4,4,Theta,1053-sin-4Hz.avi,zero,sin-zero-4Hz-choir23.wav,0,choir,3,0.395106077194214,1702289865.14941
11,4,5,Theta,1030-sin-4Hz.avi,zero,sin-zero-4Hz-dar2.wav,0,dar,4,2.54010510444641,1702289870.90835
11,4,6,Theta,1024-sin-4Hz.avi,zero,sin-zero-4Hz-acoustic1.wav,0,acoustic,3,2.36315107345581,1702289877.93338
11,4,7,Theta,1015-sin-4Hz.avi,oneeighty,sin-oneeighty-4Hz-dar17.wav,180,dar,3,2.41814589500427,1702289885.55839
11,4,8,Theta,1010-sin-4Hz.avi,oneeighty,sin-oneeighty-4Hz-choir6.wav,180,choir,3,0.708145141601562,1702289892.30839
11,4,9,Theta,1033-sin-4Hz.avi,zero,sin-zero-4Hz-acoustic7.wav,0,acoustic,5,0.31231689453125,1702289899.20025
11,4,10,Theta,1051-sin-4Hz.avi,oneeighty,sin-oneeighty-4Hz-dar12.wav,180,dar,3,1.22520208358765,1702289905.37534
11,4,11,Theta,1006-sin-4Hz.avi,oneeighty,sin-oneeighty-4Hz-acoustic34.wav,180,acoustic,4,2.84612989425659,1702289911.85041
11,4,12,Theta,1014-sin-4Hz.avi,oneeighty,sin-oneeighty-4Hz-acoustic23.wav,180,acoustic,5,0.317883014678955,1702289920.26667
11,4,13,Theta,1003-sin-4Hz.avi,oneeighty,sin-oneeighty-4Hz-orch24.wav,180,orch,2,0.526149034500122,1702289925.25841
11,4,14,Theta,1025-sin-4Hz.avi,zero,sin-zero-4Hz-choir14.wav,0,choir,3,1.36702084541321,1702289931.02553
11,4,15,Theta,1049-sin-4Hz.avi,zero,sin-zero-4Hz-orch5.wav,0,orch,2,0.275895118713379,1702289938.10068
11,4,16,Theta,1037-sin-4Hz.avi,oneeighty,sin-oneeighty-4Hz-orch4.wav,180,orch,5,0.392253875732422,1702289943.2005
