respMat_ 1,respMat_ 2,respMat_ 3,respMat_ 4,respMat_ 5,respMat_ 6,respMat_ 7,respMat_ 8,respMat_ 9,respMat_10,respMat_11,respMat_12
14,3,1,Theta,1003-sin-4Hz.avi,zero,sin-zero-4Hz-choir2.wav,0,choir,3,7.25748705863953,1702390633.48149
14,3,2,Theta,1017-sin-4Hz.avi,zero,sin-zero-4Hz-choir6.wav,0,choir,4,7.54528880119324,1702390646.68168
14,3,3,Theta,1044-sin-4Hz.avi,oneeighty,sin-oneeighty-4Hz-choir15.wav,180,choir,3,0.409996032714844,1702390659.65696
14,3,4,Theta,1051-sin-4Hz.avi,zero,sin-zero-4Hz-orch4.wav,0,orch,4,4.02241802215576,1702390664.94055
14,3,5,Theta,1033-sin-4Hz.avi,oneeighty,sin-oneeighty-4Hz-choir23.wav,180,choir,1,4.63613295555115,1702390674.59887
14,3,6,Theta,1023-sin-4Hz.avi,oneeighty,sin-oneeighty-4Hz-orch3.wav,180,orch,1,1.2645161151886,1702390684.08245
14,3,7,Theta,1066-sin-4Hz.avi,oneeighty,sin-oneeighty-4Hz-dar10.wav,180,dar,1,0.662811994552612,1702390689.93218
14,3,8,Theta,1034-sin-4Hz.avi,oneeighty,sin-oneeighty-4Hz-dar11.wav,180,dar,2,3.87253594398499,1702390695.28243
14,3,9,Theta,1002-sin-4Hz.avi,zero,sin-zero-4Hz-acoustic34.wav,0,acoustic,2,11.7876999378204,1702390703.79928
14,3,10,Theta,1037-sin-4Hz.avi,zero,sin-zero-4Hz-dar12.wav,0,dar,1,0.596674919128418,1702390720.57432
14,3,11,Theta,1027-sin-4Hz.avi,oneeighty,sin-oneeighty-4Hz-acoustic1.wav,180,acoustic,2,7.59970808029175,1702390726.49928
14,3,12,Theta,1010-sin-4Hz.avi,zero,sin-zero-4Hz-orch22.wav,0,orch,2,6.53031992912292,1702390739.23267
14,3,13,Theta,1052-sin-4Hz.avi,oneeighty,sin-oneeighty-4Hz-orch5.wav,180,orch,3,0.931628227233887,1702390751.79135
14,3,14,Theta,1013-sin-4Hz.avi,oneeighty,sin-oneeighty-4Hz-acoustic32.wav,180,acoustic,5,3.43021202087402,1702390758.52481
14,3,15,Theta,1043-sin-4Hz.avi,zero,sin-zero-4Hz-acoustic23.wav,0,acoustic,3,1.86460900306702,1702390766.26639
14,3,16,Theta,1016-sin-4Hz.avi,zero,sin-zero-4Hz-dar17.wav,0,dar,3,2.30544304847717,1702390772.64157
