respMat_ 1,respMat_ 2,respMat_ 3,respMat_ 4,respMat_ 5,respMat_ 6,respMat_ 7,respMat_ 8,respMat_ 9,respMat_10,respMat_11,respMat_12
10,7,1,Theta,1006-sin-4Hz.avi,zero,sin-zero-4Hz-choir18.wav,0,choir,3,1.25898504257202,1701960851.9346
10,7,2,Theta,1030-sin-4Hz.avi,oneeighty,sin-oneeighty-4Hz-choir7.wav,180,choir,2,0.305931806564331,1701960858.35976
10,7,3,Theta,1017-sin-4Hz.avi,zero,sin-zero-4Hz-acoustic25.wav,0,acoustic,5,0.296463966369629,1701960864.40118
10,7,4,Theta,1004-sin-4Hz.avi,oneeighty,sin-oneeighty-4Hz-orch15.wav,180,orch,5,0.308074951171875,1701960869.50966
10,7,5,Theta,1048-sin-4Hz.avi,zero,sin-zero-4Hz-dar13.wav,0,dar,5,0.338788032531738,1701960875.33504
10,7,6,Theta,1024-sin-4Hz.avi,oneeighty,sin-oneeighty-4Hz-dar22.wav,180,dar,5,0.308620929718018,1701960881.09313
10,7,7,Theta,1053-sin-4Hz.avi,oneeighty,sin-oneeighty-4Hz-orch5.wav,180,orch,5,0.265219926834106,1701960887.16852
10,7,8,Theta,1016-sin-4Hz.avi,zero,sin-zero-4Hz-dar17.wav,0,dar,3,1.26207208633423,1701960893.24363
10,7,9,Theta,1010-sin-4Hz.avi,zero,sin-zero-4Hz-choir21.wav,0,choir,3,0.294891119003296,1701960900.4188
10,7,10,Theta,1014-sin-4Hz.avi,zero,sin-zero-4Hz-acoustic34.wav,0,acoustic,5,0.303050994873047,1701960906.61872
10,7,11,Theta,1034-sin-4Hz.avi,oneeighty,sin-oneeighty-4Hz-acoustic32.wav,180,acoustic,5,0.41097092628479,1701960911.32681
10,7,12,Theta,1066-sin-4Hz.avi,oneeighty,sin-oneeighty-4Hz-choir23.wav,180,choir,1,0.290697813034058,1701960916.93504
10,7,13,Theta,1027-sin-4Hz.avi,oneeighty,sin-oneeighty-4Hz-dar11.wav,180,dar,2,0.337882995605469,1701960923.14393
10,7,14,Theta,1002-sin-4Hz.avi,zero,sin-zero-4Hz-orch4.wav,0,orch,1,0.175212860107422,1701960928.01069
10,7,15,Theta,1025-sin-4Hz.avi,oneeighty,sin-oneeighty-4Hz-acoustic11.wav,180,acoustic,2,0.522640943527222,1701960933.11917
10,7,16,Theta,1029-sin-4Hz.avi,zero,sin-zero-4Hz-orch24.wav,0,orch,4,0.296202898025513,1701960939.18565
