respMat_ 1,respMat_ 2,respMat_ 3,respMat_ 4,respMat_ 5,respMat_ 6,respMat_ 7,respMat_ 8,respMat_ 9,respMat_10,respMat_11,respMat_12
19,practice,1,Theta,1440-sin-4Hz.avi,oneeighty,sin-oneeighty-4Hz-p3.wav,180,p,2,0.505364894866943,1702564723.87657
19,practice,2,Theta,1296-sin-4Hz.avi,zero,sin-zero-4Hz-p1.wav,0,p,2,0.263334035873413,1702564729.5104
19,practice,3,Theta,1388-sin-4Hz.avi,oneeighty,sin-oneeighty-4Hz-p4.wav,180,p,3,0.104482889175415,1702564734.48528
19,practice,4,Theta,1308-sin-4Hz.avi,zero,sin-zero-4Hz-p2.wav,0,p,3,0.449156045913696,1702564740.46053
