respMat_ 1,respMat_ 2,respMat_ 3,respMat_ 4,respMat_ 5,respMat_ 6,respMat_ 7,respMat_ 8,respMat_ 9,respMat_10,respMat_11,respMat_12
2,3,1,Theta,1024-sin-4Hz.avi,oneeighty,sin-oneeighty-4Hz-acoustic1.wav,180,acoustic,5,0.314026832580566,1701357175.73105
2,3,2,Theta,1013-sin-4Hz.avi,oneeighty,sin-oneeighty-4Hz-dar22.wav,180,dar,3,2.14801502227783,1701357181.88103
2,3,3,Theta,1051-sin-4Hz.avi,zero,sin-zero-4Hz-acoustic14.wav,0,acoustic,4,0.245360851287842,1701357189.23963
2,3,4,Theta,1025-sin-4Hz.avi,oneeighty,sin-oneeighty-4Hz-dar2.wav,180,dar,2,0.314789056777954,1701357195.50627
2,3,5,Theta,1033-sin-4Hz.avi,oneeighty,sin-oneeighty-4Hz-orch20.wav,180,orch,1,0.245437145233154,1701357200.83954
2,3,6,Theta,1048-sin-4Hz.avi,zero,sin-zero-4Hz-orch22.wav,0,orch,3,0.291944980621338,1701357206.68089
2,3,7,Theta,1023-sin-4Hz.avi,oneeighty,sin-oneeighty-4Hz-acoustic7.wav,180,acoustic,4,0.304419994354248,1701357211.35633
2,3,8,Theta,1034-sin-4Hz.avi,oneeighty,sin-oneeighty-4Hz-choir7.wav,180,choir,4,0.250747919082642,1701357217.106
2,3,9,Theta,1044-sin-4Hz.avi,oneeighty,sin-oneeighty-4Hz-choir14.wav,180,choir,3,0.322406053543091,1701357223.30626
2,3,10,Theta,1003-sin-4Hz.avi,zero,sin-zero-4Hz-choir6.wav,0,choir,2,0.333168983459473,1701357229.43952
2,3,11,Theta,1010-sin-4Hz.avi,zero,sin-zero-4Hz-dar17.wav,0,dar,3,2.99300217628479,1701357234.74756
2,3,12,Theta,1018-sin-4Hz.avi,zero,sin-zero-4Hz-orch23.wav,0,orch,4,0.230930089950562,1701357242.59761
2,3,13,Theta,1015-sin-4Hz.avi,zero,sin-zero-4Hz-dar20.wav,0,dar,2,0.223798036575317,1701357247.37266
2,3,14,Theta,1014-sin-4Hz.avi,zero,sin-zero-4Hz-acoustic23.wav,0,acoustic,5,0.624588966369629,1701357253.75584
2,3,15,Theta,1002-sin-4Hz.avi,zero,sin-zero-4Hz-choir2.wav,0,choir,4,0.321442842483521,1701357258.92296
2,3,16,Theta,1066-sin-4Hz.avi,oneeighty,sin-oneeighty-4Hz-orch15.wav,180,orch,2,0.780529975891113,1701357264.44797
