respMat_ 1,respMat_ 2,respMat_ 3,respMat_ 4,respMat_ 5,respMat_ 6,respMat_ 7,respMat_ 8,respMat_ 9,respMat_10,respMat_11,respMat_12
9,1,1,Theta,1030-sin-4Hz.avi,zero,sin-zero-4Hz-dar10.wav,0,dar,1,1.0361750125885,1701956338.19871
9,1,2,Theta,1049-sin-4Hz.avi,zero,sin-zero-4Hz-choir14.wav,0,choir,2,1.34312796592712,1701956344.13182
9,1,3,Theta,1014-sin-4Hz.avi,oneeighty,sin-oneeighty-4Hz-choir6.wav,180,choir,3,0.933976173400879,1701956351.75695
9,1,4,Theta,1015-sin-4Hz.avi,oneeighty,sin-oneeighty-4Hz-orch22.wav,180,orch,3,4.10401487350464,1701956358.90685
9,1,5,Theta,1012-sin-4Hz.avi,oneeighty,sin-oneeighty-4Hz-choir21.wav,180,choir,1,0.563914060592651,1701956367.40703
9,1,6,Theta,1018-sin-4Hz.avi,oneeighty,sin-oneeighty-4Hz-orch4.wav,180,orch,3,2.52919411659241,1701956373.87372
9,1,7,Theta,1016-sin-4Hz.avi,oneeighty,sin-oneeighty-4Hz-acoustic25.wav,180,acoustic,1,0.399825096130371,1701956382.70707
9,1,8,Theta,1025-sin-4Hz.avi,zero,sin-zero-4Hz-acoustic7.wav,0,acoustic,4,1.85518002510071,1701956388.72381
9,1,9,Theta,1023-sin-4Hz.avi,zero,sin-zero-4Hz-acoustic1.wav,0,acoustic,3,1.09168791770935,1701956396.60719
9,1,10,Theta,1052-sin-4Hz.avi,zero,sin-zero-4Hz-choir15.wav,0,choir,1,0.425554037094116,1701956402.05732
9,1,11,Theta,1029-sin-4Hz.avi,oneeighty,sin-oneeighty-4Hz-acoustic34.wav,180,acoustic,4,0.625442981719971,1701956407.45745
9,1,12,Theta,1033-sin-4Hz.avi,zero,sin-zero-4Hz-orch15.wav,0,orch,2,1.34812307357788,1701956413.39086
9,1,13,Theta,1037-sin-4Hz.avi,oneeighty,sin-oneeighty-4Hz-dar17.wav,180,dar,4,3.38026809692383,1701956419.37459
9,1,14,Theta,1006-sin-4Hz.avi,oneeighty,sin-oneeighty-4Hz-dar12.wav,180,dar,2,3.33016395568848,1701956428.03267
9,1,15,Theta,1022-sin-4Hz.avi,zero,sin-zero-4Hz-dar11.wav,0,dar,5,0.517610788345337,1701956437.34137
9,1,16,Theta,1044-sin-4Hz.avi,zero,sin-zero-4Hz-orch20.wav,0,orch,2,2.575110912323,1701956444.09981
