respMat_ 1,respMat_ 2,respMat_ 3,respMat_ 4,respMat_ 5,respMat_ 6,respMat_ 7,respMat_ 8,respMat_ 9,respMat_10,respMat_11,respMat_12
22,5,1,Theta,1012-sin-4Hz.avi,zero,sin-zero-4Hz-acoustic34.wav,0,acoustic,4,1.88232803344727,1705328651.73905
22,5,2,Theta,1026-sin-4Hz.avi,zero,sin-zero-4Hz-choir21.wav,0,choir,3,0.922147035598755,1705328658.93922
22,5,3,Theta,1025-sin-4Hz.avi,oneeighty,sin-oneeighty-4Hz-acoustic1.wav,180,acoustic,3,1.57973289489746,1705328665.09755
22,5,4,Theta,1003-sin-4Hz.avi,zero,sin-zero-4Hz-orch24.wav,0,orch,3,1.27489805221558,1705328671.91441
22,5,5,Theta,1052-sin-4Hz.avi,oneeighty,sin-oneeighty-4Hz-dar11.wav,180,dar,4,1.63059282302856,1705328678.82271
22,5,6,Theta,1004-sin-4Hz.avi,oneeighty,sin-oneeighty-4Hz-choir15.wav,180,choir,4,0.434643983840942,1705328685.12276
22,5,7,Theta,1002-sin-4Hz.avi,zero,sin-zero-4Hz-acoustic25.wav,0,acoustic,4,0.409093856811523,1705328691.35621
22,5,8,Theta,1051-sin-4Hz.avi,zero,sin-zero-4Hz-orch22.wav,0,orch,3,2.20545291900635,1705328697.84787
22,5,9,Theta,1034-sin-4Hz.avi,oneeighty,sin-oneeighty-4Hz-orch5.wav,180,orch,3,2.662358045578,1705328706.2229
22,5,10,Theta,1053-sin-4Hz.avi,oneeighty,sin-oneeighty-4Hz-dar10.wav,180,dar,1,0.38675594329834,1705328714.7065
22,5,11,Theta,1022-sin-4Hz.avi,oneeighty,sin-oneeighty-4Hz-acoustic7.wav,180,acoustic,4,0.362509965896606,1705328720.31471
22,5,12,Theta,1018-sin-4Hz.avi,zero,sin-zero-4Hz-choir2.wav,0,choir,3,0.343523025512695,1705328726.18977
22,5,13,Theta,1030-sin-4Hz.avi,oneeighty,sin-oneeighty-4Hz-choir7.wav,180,choir,3,1.75352096557617,1705328732.73159
22,5,14,Theta,1043-sin-4Hz.avi,zero,sin-zero-4Hz-dar17.wav,0,dar,3,0.795707941055298,1705328739.88138
22,5,15,Theta,1029-sin-4Hz.avi,zero,sin-zero-4Hz-dar13.wav,0,dar,3,0.488613843917847,1705328745.75658
22,5,16,Theta,1033-sin-4Hz.avi,oneeighty,sin-oneeighty-4Hz-orch20.wav,180,orch,2,0.57729697227478,1705328751.53985
