respMat_ 1,respMat_ 2,respMat_ 3,respMat_ 4,respMat_ 5,respMat_ 6,respMat_ 7,respMat_ 8,respMat_ 9,respMat_10,respMat_11,respMat_12
22,2,1,Theta,1015-sin-4Hz.avi,zero,sin-zero-4Hz-choir6.wav,0,choir,3,1.19488620758057,1705328303.21119
22,2,2,Theta,1013-sin-4Hz.avi,oneeighty,sin-oneeighty-4Hz-choir14.wav,180,choir,2,1.46712398529053,1705328309.80299
22,2,3,Theta,1027-sin-4Hz.avi,oneeighty,sin-oneeighty-4Hz-acoustic32.wav,180,acoustic,4,0.690935134887695,1705328315.60314
22,2,4,Theta,1010-sin-4Hz.avi,zero,sin-zero-4Hz-dar20.wav,0,dar,2,1.58448004722595,1705328321.26974
22,2,5,Theta,1024-sin-4Hz.avi,oneeighty,sin-oneeighty-4Hz-dar22.wav,180,dar,3,0.648674011230469,1705328328.06132
22,2,6,Theta,1066-sin-4Hz.avi,oneeighty,sin-oneeighty-4Hz-dar2.wav,180,dar,2,1.11383891105652,1705328334.8282
22,2,7,Theta,1023-sin-4Hz.avi,oneeighty,sin-oneeighty-4Hz-acoustic11.wav,180,acoustic,2,1.09772610664368,1705328342.02827
22,2,8,Theta,1049-sin-4Hz.avi,oneeighty,sin-oneeighty-4Hz-orch15.wav,180,orch,1,1.04806303977966,1705328348.26996
22,2,9,Theta,1017-sin-4Hz.avi,zero,sin-zero-4Hz-choir18.wav,0,choir,3,0.435421943664551,1705328354.9786
22,2,10,Theta,1016-sin-4Hz.avi,zero,sin-zero-4Hz-orch4.wav,0,orch,3,0.795159101486206,1705328361.38677
22,2,11,Theta,1037-sin-4Hz.avi,zero,sin-zero-4Hz-acoustic23.wav,0,acoustic,5,1.08358693122864,1705328368.37859
22,2,12,Theta,1014-sin-4Hz.avi,zero,sin-zero-4Hz-dar12.wav,0,dar,2,0.621726989746094,1705328374.52019
22,2,13,Theta,1048-sin-4Hz.avi,zero,sin-zero-4Hz-orch23.wav,0,orch,1,1.03621506690979,1705328381.35365
22,2,14,Theta,1006-sin-4Hz.avi,zero,sin-zero-4Hz-acoustic14.wav,0,acoustic,2,2.27592611312866,1705328388.16197
22,2,15,Theta,1061-sin-4Hz.avi,oneeighty,sin-oneeighty-4Hz-orch3.wav,180,orch,1,0.932215213775635,1705328395.95375
22,2,16,Theta,1044-sin-4Hz.avi,oneeighty,sin-oneeighty-4Hz-choir23.wav,180,choir,2,0.558446884155273,1705328401.89542
