respMat_ 1,respMat_ 2,respMat_ 3,respMat_ 4,respMat_ 5,respMat_ 6,respMat_ 7,respMat_ 8,respMat_ 9,respMat_10,respMat_11,respMat_12
11,3,1,Theta,1048-sin-4Hz.avi,oneeighty,sin-oneeighty-4Hz-choir21.wav,180,choir,3,0.465198040008545,1702289745.41525
11,3,2,Theta,1002-sin-4Hz.avi,oneeighty,sin-oneeighty-4Hz-acoustic14.wav,180,acoustic,4,0.572823047637939,1702289751.72361
11,3,3,Theta,1012-sin-4Hz.avi,oneeighty,sin-oneeighty-4Hz-choir2.wav,180,choir,3,0.834566116333008,1702289757.38187
11,3,4,Theta,1061-sin-4Hz.avi,zero,sin-zero-4Hz-dar22.wav,0,dar,3,0.842082977294922,1702289763.5983
11,3,5,Theta,1044-sin-4Hz.avi,zero,sin-zero-4Hz-orch3.wav,0,orch,1,0.425624847412109,1702289769.59883
11,3,6,Theta,1029-sin-4Hz.avi,oneeighty,sin-oneeighty-4Hz-orch23.wav,180,orch,2,0.942710876464844,1702289775.88176
11,3,7,Theta,1016-sin-4Hz.avi,oneeighty,sin-oneeighty-4Hz-acoustic25.wav,180,acoustic,2,0.640711069107056,1702289782.21577
11,3,8,Theta,1017-sin-4Hz.avi,oneeighty,sin-oneeighty-4Hz-orch22.wav,180,orch,2,0.366668939590454,1702289787.2738
11,3,9,Theta,1013-sin-4Hz.avi,zero,sin-zero-4Hz-orch20.wav,0,orch,2,0.255933046340942,1702289792.23254
11,3,10,Theta,1027-sin-4Hz.avi,zero,sin-zero-4Hz-acoustic11.wav,0,acoustic,5,0.541754007339478,1702289797.2908
11,3,11,Theta,1034-sin-4Hz.avi,zero,sin-zero-4Hz-choir15.wav,0,choir,3,0.300181865692139,1702289804.12429
11,3,12,Theta,1023-sin-4Hz.avi,zero,sin-zero-4Hz-acoustic32.wav,0,acoustic,4,2.69235801696777,1702289809.52413
11,3,13,Theta,1052-sin-4Hz.avi,zero,sin-zero-4Hz-choir7.wav,0,choir,4,0.511969089508057,1702289816.63252
11,3,14,Theta,1043-sin-4Hz.avi,oneeighty,sin-oneeighty-4Hz-dar13.wav,180,dar,4,1.66450500488281,1702289823.01597
11,3,15,Theta,1066-sin-4Hz.avi,zero,sin-zero-4Hz-dar11.wav,0,dar,2,0.29160213470459,1702289829.9409
11,3,16,Theta,1026-sin-4Hz.avi,oneeighty,sin-oneeighty-4Hz-dar20.wav,180,dar,2,1.19642186164856,1702289835.70809
