respMat_ 1,respMat_ 2,respMat_ 3,respMat_ 4,respMat_ 5,respMat_ 6,respMat_ 7,respMat_ 8,respMat_ 9,respMat_10,respMat_11,respMat_12
17,3,1,Theta,1023-sin-4Hz.avi,zero,sin-zero-4Hz-dar11.wav,0,dar,5,0.899977922439575,1702475245.28927
17,3,2,Theta,1034-sin-4Hz.avi,zero,sin-zero-4Hz-choir23.wav,0,choir,5,1.09487795829773,1702475251.01435
17,3,3,Theta,1048-sin-4Hz.avi,oneeighty,sin-oneeighty-4Hz-acoustic25.wav,180,acoustic,5,0.915205955505371,1702475257.11403
17,3,4,Theta,1006-sin-4Hz.avi,oneeighty,sin-oneeighty-4Hz-dar20.wav,180,dar,4,0.524822950363159,1702475262.67258
17,3,5,Theta,1030-sin-4Hz.avi,zero,sin-zero-4Hz-acoustic32.wav,0,acoustic,4,1.63673782348633,1702475268.26455
17,3,6,Theta,1061-sin-4Hz.avi,zero,sin-zero-4Hz-dar10.wav,0,dar,2,0.912895917892456,1702475275.16441
17,3,7,Theta,1015-sin-4Hz.avi,oneeighty,sin-oneeighty-4Hz-acoustic14.wav,180,acoustic,3,0.886166095733643,1702475280.42308
17,3,8,Theta,1029-sin-4Hz.avi,oneeighty,sin-oneeighty-4Hz-orch4.wav,180,orch,2,2.10024905204773,1702475286.47307
17,3,9,Theta,1010-sin-4Hz.avi,oneeighty,sin-oneeighty-4Hz-choir2.wav,180,choir,1,0.919662952423096,1702475293.98963
17,3,10,Theta,1004-sin-4Hz.avi,zero,sin-zero-4Hz-acoustic1.wav,0,acoustic,3,2.0636260509491,1702475299.38966
17,3,11,Theta,1016-sin-4Hz.avi,oneeighty,sin-oneeighty-4Hz-dar12.wav,180,dar,2,0.398128986358643,1702475307.23138
17,3,12,Theta,1052-sin-4Hz.avi,zero,sin-zero-4Hz-orch20.wav,0,orch,2,0.772059917449951,1702475312.87325
17,3,13,Theta,1033-sin-4Hz.avi,zero,sin-zero-4Hz-choir15.wav,0,choir,5,0.661026000976562,1702475318.45624
17,3,14,Theta,1051-sin-4Hz.avi,oneeighty,sin-oneeighty-4Hz-orch24.wav,180,orch,2,0.679989099502563,1702475324.56528
17,3,15,Theta,1012-sin-4Hz.avi,oneeighty,sin-oneeighty-4Hz-choir18.wav,180,choir,3,2.34972214698792,1702475330.22356
17,3,16,Theta,1066-sin-4Hz.avi,zero,sin-zero-4Hz-orch15.wav,0,orch,3,0.657232046127319,1702475337.13207
