respMat_ 1,respMat_ 2,respMat_ 3,respMat_ 4,respMat_ 5,respMat_ 6,respMat_ 7,respMat_ 8,respMat_ 9,respMat_10,respMat_11,respMat_12
15,2,1,Theta,1026-sin-4Hz.avi,oneeighty,sin-oneeighty-4Hz-choir6.wav,180,choir,2,4.25751614570618,1702467380.48116
15,2,2,Theta,1002-sin-4Hz.avi,oneeighty,sin-oneeighty-4Hz-acoustic34.wav,180,acoustic,2,5.41880106925964,1702467390.64786
15,2,3,Theta,1014-sin-4Hz.avi,oneeighty,sin-oneeighty-4Hz-orch24.wav,180,orch,3,0.673201084136963,1702467401.4894
15,2,4,Theta,1043-sin-4Hz.avi,oneeighty,sin-oneeighty-4Hz-choir2.wav,180,choir,1,1.47189497947693,1702467407.92288
15,2,5,Theta,1022-sin-4Hz.avi,zero,sin-zero-4Hz-dar2.wav,0,dar,2,1.17622590065002,1702467414.1064
15,2,6,Theta,1017-sin-4Hz.avi,oneeighty,sin-oneeighty-4Hz-acoustic23.wav,180,acoustic,3,3.52297902107239,1702467420.23961
15,2,7,Theta,1004-sin-4Hz.avi,zero,sin-zero-4Hz-acoustic7.wav,0,acoustic,4,3.57672810554504,1702467428.88992
15,2,8,Theta,1053-sin-4Hz.avi,zero,sin-zero-4Hz-orch20.wav,0,orch,2,1.62709093093872,1702467438.23147
15,2,9,Theta,1051-sin-4Hz.avi,oneeighty,sin-oneeighty-4Hz-orch23.wav,180,orch,2,6.56093788146973,1702467444.8816
15,2,10,Theta,1052-sin-4Hz.avi,zero,sin-zero-4Hz-orch15.wav,0,orch,3,2.43324208259583,1702467456.46529
15,2,11,Theta,1025-sin-4Hz.avi,zero,sin-zero-4Hz-choir15.wav,0,choir,1,0.908772945404053,1702467465.17375
15,2,12,Theta,1044-sin-4Hz.avi,zero,sin-zero-4Hz-choir14.wav,0,choir,4,3.12334799766541,1702467471.61521
15,2,13,Theta,1037-sin-4Hz.avi,oneeighty,sin-oneeighty-4Hz-dar12.wav,180,dar,3,2.40907502174377,1702467479.46543
15,2,14,Theta,1006-sin-4Hz.avi,oneeighty,sin-oneeighty-4Hz-dar13.wav,180,dar,2,3.95834684371948,1702467487.34013
15,2,15,Theta,1024-sin-4Hz.avi,zero,sin-zero-4Hz-acoustic1.wav,0,acoustic,3,4.70778584480286,1702467496.19068
15,2,16,Theta,1034-sin-4Hz.avi,zero,sin-zero-4Hz-dar11.wav,0,dar,2,2.09018087387085,1702467506.23227
