respMat_ 1,respMat_ 2,respMat_ 3,respMat_ 4,respMat_ 5,respMat_ 6,respMat_ 7,respMat_ 8,respMat_ 9,respMat_10,respMat_11,respMat_12
10,5,1,Theta,1004-sin-4Hz.avi,oneeighty,sin-oneeighty-4Hz-orch15.wav,180,orch,5,0.341712951660156,1701960664.11571
10,5,2,Theta,1006-sin-4Hz.avi,zero,sin-zero-4Hz-choir18.wav,0,choir,3,0.252059936523438,1701960669.14927
10,5,3,Theta,1002-sin-4Hz.avi,zero,sin-zero-4Hz-orch4.wav,0,orch,1,0.147834777832031,1701960675.15757
10,5,4,Theta,1010-sin-4Hz.avi,zero,sin-zero-4Hz-choir21.wav,0,choir,2,0.468926906585693,1701960680.5325
10,5,5,Theta,1017-sin-4Hz.avi,zero,sin-zero-4Hz-acoustic25.wav,0,acoustic,5,0.303340196609497,1701960685.86609
10,5,6,Theta,1025-sin-4Hz.avi,oneeighty,sin-oneeighty-4Hz-acoustic11.wav,180,acoustic,3,0.352046966552734,1701960690.84132
10,5,7,Theta,1014-sin-4Hz.avi,zero,sin-zero-4Hz-acoustic34.wav,0,acoustic,5,0.336043119430542,1701960695.6574
10,5,8,Theta,1016-sin-4Hz.avi,zero,sin-zero-4Hz-dar17.wav,0,dar,3,0.239794969558716,1701960701.65759
10,5,9,Theta,1066-sin-4Hz.avi,oneeighty,sin-oneeighty-4Hz-choir23.wav,180,choir,1,1.26102590560913,1701960706.92462
10,5,10,Theta,1030-sin-4Hz.avi,oneeighty,sin-oneeighty-4Hz-choir7.wav,180,choir,2,0.511038064956665,1701960713.06643
10,5,11,Theta,1053-sin-4Hz.avi,oneeighty,sin-oneeighty-4Hz-orch5.wav,180,orch,4,0.462789058685303,1701960718.66668
10,5,12,Theta,1027-sin-4Hz.avi,oneeighty,sin-oneeighty-4Hz-dar11.wav,180,dar,1,0.394273042678833,1701960723.79122
10,5,13,Theta,1048-sin-4Hz.avi,zero,sin-zero-4Hz-dar13.wav,0,dar,5,0.242240905761719,1701960729.99125
10,5,14,Theta,1029-sin-4Hz.avi,zero,sin-zero-4Hz-orch24.wav,0,orch,4,0.448677062988281,1701960734.61674
10,5,15,Theta,1034-sin-4Hz.avi,oneeighty,sin-oneeighty-4Hz-acoustic32.wav,180,acoustic,5,0.344791889190674,1701960741.2167
10,5,16,Theta,1024-sin-4Hz.avi,oneeighty,sin-oneeighty-4Hz-dar22.wav,180,dar,5,0.311923027038574,1701960746.24159
