respMat_ 1,respMat_ 2,respMat_ 3,respMat_ 4,respMat_ 5,respMat_ 6,respMat_ 7,respMat_ 8,respMat_ 9,respMat_10,respMat_11,respMat_12
16,2,1,Theta,1017-sin-4Hz.avi,zero,sin-zero-4Hz-dar12.wav,0,dar,4,0.602250099182129,1702473812.09739
16,2,2,Theta,1018-sin-4Hz.avi,zero,sin-zero-4Hz-dar20.wav,0,dar,2,0.982372045516968,1702473817.39728
16,2,3,Theta,1033-sin-4Hz.avi,oneeighty,sin-oneeighty-4Hz-choir23.wav,180,choir,1,0.40113091468811,1702473823.11458
16,2,4,Theta,1025-sin-4Hz.avi,oneeighty,sin-oneeighty-4Hz-orch5.wav,180,orch,1,0.474464178085327,1702473829.089
16,2,5,Theta,1010-sin-4Hz.avi,zero,sin-zero-4Hz-orch4.wav,0,orch,5,0.544398069381714,1702473834.52313
16,2,6,Theta,1034-sin-4Hz.avi,oneeighty,sin-oneeighty-4Hz-acoustic11.wav,180,acoustic,4,0.363662958145142,1702473840.44782
16,2,7,Theta,1016-sin-4Hz.avi,zero,sin-zero-4Hz-acoustic34.wav,0,acoustic,2,0.357807874679565,1702473845.9897
16,2,8,Theta,1061-sin-4Hz.avi,oneeighty,sin-oneeighty-4Hz-acoustic1.wav,180,acoustic,4,0.328216075897217,1702473852.53127
16,2,9,Theta,1002-sin-4Hz.avi,zero,sin-zero-4Hz-choir21.wav,0,choir,1,0.496951103210449,1702473857.5145
16,2,10,Theta,1003-sin-4Hz.avi,zero,sin-zero-4Hz-acoustic25.wav,0,acoustic,4,0.40435791015625,1702473863.03117
16,2,11,Theta,1013-sin-4Hz.avi,oneeighty,sin-oneeighty-4Hz-dar22.wav,180,dar,4,0.287631034851074,1702473869.53186
16,2,12,Theta,1027-sin-4Hz.avi,oneeighty,sin-oneeighty-4Hz-dar2.wav,180,dar,1,0.547581911087036,1702473875.03192
16,2,13,Theta,1024-sin-4Hz.avi,oneeighty,sin-oneeighty-4Hz-choir14.wav,180,choir,2,0.368819952011108,1702473880.10668
16,2,14,Theta,1066-sin-4Hz.avi,oneeighty,sin-oneeighty-4Hz-orch3.wav,180,orch,4,0.65585994720459,1702473885.93169
16,2,15,Theta,1051-sin-4Hz.avi,zero,sin-zero-4Hz-orch23.wav,0,orch,5,0.310941934585571,1702473891.76476
16,2,16,Theta,1043-sin-4Hz.avi,zero,sin-zero-4Hz-choir6.wav,0,choir,4,0.209043979644775,1702473898.29845
