respMat_ 1,respMat_ 2,respMat_ 3,respMat_ 4,respMat_ 5,respMat_ 6,respMat_ 7,respMat_ 8,respMat_ 9,respMat_10,respMat_11,respMat_12
8,8,1,Theta,1043-sin-4Hz.avi,zero,sin-zero-4Hz-dar20.wav,0,dar,2,0.257474899291992,1705496342.11217
8,8,2,Theta,1053-sin-4Hz.avi,oneeighty,sin-oneeighty-4Hz-choir15.wav,180,choir,1,0.272450923919678,1705496348.33718
8,8,3,Theta,1012-sin-4Hz.avi,zero,sin-zero-4Hz-choir21.wav,0,choir,5,0.848633050918579,1705496353.72898
8,8,4,Theta,1048-sin-4Hz.avi,zero,sin-zero-4Hz-acoustic34.wav,0,acoustic,5,0.385257959365845,1705496360.30439
8,8,5,Theta,1002-sin-4Hz.avi,zero,sin-zero-4Hz-dar17.wav,0,dar,5,1.44950294494629,1705496365.49611
8,8,6,Theta,1010-sin-4Hz.avi,zero,sin-zero-4Hz-orch24.wav,0,orch,3,3.14323687553406,1705496371.96237
8,8,7,Theta,1052-sin-4Hz.avi,oneeighty,sin-oneeighty-4Hz-dar10.wav,180,dar,5,3.67403388023376,1705496380.67953
8,8,8,Theta,1016-sin-4Hz.avi,zero,sin-zero-4Hz-choir6.wav,0,choir,3,0.265580892562866,1705496388.69597
8,8,9,Theta,1006-sin-4Hz.avi,zero,sin-zero-4Hz-orch22.wav,0,orch,2,0.297052145004272,1705496394.5046
8,8,10,Theta,1044-sin-4Hz.avi,oneeighty,sin-oneeighty-4Hz-acoustic32.wav,180,acoustic,2,0.517827987670898,1705496399.1797
8,8,11,Theta,1004-sin-4Hz.avi,oneeighty,sin-oneeighty-4Hz-dar22.wav,180,dar,3,0.363556861877441,1705496405.84598
8,8,12,Theta,1049-sin-4Hz.avi,oneeighty,sin-oneeighty-4Hz-orch15.wav,180,orch,4,0.894040822982788,1705496412.17949
8,8,13,Theta,1013-sin-4Hz.avi,oneeighty,sin-oneeighty-4Hz-choir23.wav,180,choir,2,0.334964036941528,1705496418.54652
8,8,14,Theta,1017-sin-4Hz.avi,zero,sin-zero-4Hz-acoustic25.wav,0,acoustic,4,0.000110149383544922,1705496424.6048
8,8,15,Theta,1033-sin-4Hz.avi,oneeighty,sin-oneeighty-4Hz-orch3.wav,180,orch,5,0.518714904785156,1705496430.55475
8,8,16,Theta,1027-sin-4Hz.avi,oneeighty,sin-oneeighty-4Hz-acoustic1.wav,180,acoustic,1,0.311792850494385,1705496437.12967
