respMat_ 1,respMat_ 2,respMat_ 3,respMat_ 4,respMat_ 5,respMat_ 6,respMat_ 7,respMat_ 8,respMat_ 9,respMat_10,respMat_11,respMat_12
4,2,1,Theta,1015-sin-4Hz.avi,zero,sin-zero-4Hz-acoustic23.wav,0,acoustic,5,4.26628303527832,1701180088.16082
4,2,2,Theta,1003-sin-4Hz.avi,zero,sin-zero-4Hz-dar20.wav,0,dar,4,1.39469599723816,1701180097.73634
4,2,3,Theta,1010-sin-4Hz.avi,zero,sin-zero-4Hz-choir6.wav,0,choir,3,2.24430894851685,1701180103.68671
4,2,4,Theta,1049-sin-4Hz.avi,oneeighty,sin-oneeighty-4Hz-orch5.wav,180,orch,4,1.24720907211304,1701180111.01986
4,2,5,Theta,1018-sin-4Hz.avi,zero,sin-zero-4Hz-choir21.wav,0,choir,5,0.709881067276001,1701180117.65285
4,2,6,Theta,1044-sin-4Hz.avi,oneeighty,sin-oneeighty-4Hz-acoustic32.wav,180,acoustic,4,5.18619704246521,1701180123.75261
4,2,7,Theta,1051-sin-4Hz.avi,zero,sin-zero-4Hz-acoustic25.wav,0,acoustic,5,1.20654797554016,1701180133.82822
4,2,8,Theta,1023-sin-4Hz.avi,oneeighty,sin-oneeighty-4Hz-acoustic7.wav,180,acoustic,4,2.21467018127441,1701180139.62003
4,2,9,Theta,1024-sin-4Hz.avi,oneeighty,sin-oneeighty-4Hz-choir7.wav,180,choir,4,1.14824485778809,1701180147.48651
4,2,10,Theta,1004-sin-4Hz.avi,oneeighty,sin-oneeighty-4Hz-dar22.wav,180,dar,5,1.40799307823181,1701180154.18674
4,2,11,Theta,1002-sin-4Hz.avi,zero,sin-zero-4Hz-orch22.wav,0,orch,3,6.03972291946411,1701180161.60301
4,2,12,Theta,1053-sin-4Hz.avi,oneeighty,sin-oneeighty-4Hz-choir23.wav,180,choir,3,3.79137182235718,1701180173.19531
4,2,13,Theta,1025-sin-4Hz.avi,oneeighty,sin-oneeighty-4Hz-orch15.wav,180,orch,3,4.45645689964294,1701180181.57018
4,2,14,Theta,1016-sin-4Hz.avi,zero,sin-zero-4Hz-dar13.wav,0,dar,4,0.447548866271973,1701180191.38714
4,2,15,Theta,1022-sin-4Hz.avi,oneeighty,sin-oneeighty-4Hz-dar2.wav,180,dar,5,2.68828701972961,1701180196.57039
4,2,16,Theta,1012-sin-4Hz.avi,zero,sin-zero-4Hz-orch4.wav,0,orch,4,2.20830512046814,1701180205.16229
