respMat_ 1,respMat_ 2,respMat_ 3,respMat_ 4,respMat_ 5,respMat_ 6,respMat_ 7,respMat_ 8,respMat_ 9,respMat_10,respMat_11,respMat_12
5,2,1,Theta,1003-sin-4Hz.avi,oneeighty,sin-oneeighty-4Hz-choir21.wav,180,choir,1,0.337767124176025,1701696103.40363
5,2,2,Theta,1026-sin-4Hz.avi,oneeighty,sin-oneeighty-4Hz-orch23.wav,180,orch,4,0.352345943450928,1701696108.63702
5,2,3,Theta,1027-sin-4Hz.avi,zero,sin-zero-4Hz-acoustic1.wav,0,acoustic,5,0.354558944702148,1701696114.97065
5,2,4,Theta,1006-sin-4Hz.avi,oneeighty,sin-oneeighty-4Hz-dar12.wav,180,dar,1,0.345201015472412,1701696119.81237
5,2,5,Theta,1017-sin-4Hz.avi,oneeighty,sin-oneeighty-4Hz-acoustic34.wav,180,acoustic,3,0.325093984603882,1701696124.90413
5,2,6,Theta,1029-sin-4Hz.avi,oneeighty,sin-oneeighty-4Hz-choir6.wav,180,choir,1,0.281199932098389,1701696131.20405
5,2,7,Theta,1066-sin-4Hz.avi,zero,sin-zero-4Hz-acoustic7.wav,0,acoustic,3,0.7569739818573,1701696137.32031
5,2,8,Theta,1053-sin-4Hz.avi,zero,sin-zero-4Hz-orch3.wav,0,orch,1,0.316504955291748,1701696143.12076
5,2,9,Theta,1015-sin-4Hz.avi,oneeighty,sin-oneeighty-4Hz-acoustic23.wav,180,acoustic,2,0.560335874557495,1701696149.42108
5,2,10,Theta,1004-sin-4Hz.avi,zero,sin-zero-4Hz-choir7.wav,0,choir,1,0.356081008911133,1701696155.3212
5,2,11,Theta,1023-sin-4Hz.avi,zero,sin-zero-4Hz-orch15.wav,0,orch,1,1.68304300308228,1701696160.36227
5,2,12,Theta,1044-sin-4Hz.avi,zero,sin-zero-4Hz-dar11.wav,0,dar,1,0.304018020629883,1701696167.02132
5,2,13,Theta,1051-sin-4Hz.avi,oneeighty,sin-oneeighty-4Hz-dar20.wav,180,dar,1,0.364309072494507,1701696173.12099
5,2,14,Theta,1049-sin-4Hz.avi,zero,sin-zero-4Hz-choir15.wav,0,choir,3,0.233992099761963,1701696179.7636
5,2,15,Theta,1010-sin-4Hz.avi,oneeighty,sin-oneeighty-4Hz-orch22.wav,180,orch,3,0.860406160354614,1701696185.71298
5,2,16,Theta,1052-sin-4Hz.avi,zero,sin-zero-4Hz-dar2.wav,0,dar,1,0.271871089935303,1701696192.42951
