respMat_ 1,respMat_ 2,respMat_ 3,respMat_ 4,respMat_ 5,respMat_ 6,respMat_ 7,respMat_ 8,respMat_ 9,respMat_10,respMat_11,respMat_12
2,7,1,Theta,1034-sin-4Hz.avi,oneeighty,sin-oneeighty-4Hz-choir7.wav,180,choir,5,0.313562154769897,1701357591.2489
2,7,2,Theta,1018-sin-4Hz.avi,zero,sin-zero-4Hz-orch23.wav,0,orch,3,0.242901086807251,1701357597.39946
2,7,3,Theta,1048-sin-4Hz.avi,zero,sin-zero-4Hz-orch22.wav,0,orch,2,0.266119003295898,1701357602.0162
2,7,4,Theta,1066-sin-4Hz.avi,oneeighty,sin-oneeighty-4Hz-orch15.wav,180,orch,4,0.246201038360596,1701357606.91625
2,7,5,Theta,1023-sin-4Hz.avi,oneeighty,sin-oneeighty-4Hz-acoustic7.wav,180,acoustic,4,0.265046119689941,1701357612.84933
2,7,6,Theta,1025-sin-4Hz.avi,oneeighty,sin-oneeighty-4Hz-dar2.wav,180,dar,1,0.277438879013062,1701357618.93286
2,7,7,Theta,1010-sin-4Hz.avi,zero,sin-zero-4Hz-dar17.wav,0,dar,4,0.259166955947876,1701357624.18303
2,7,8,Theta,1015-sin-4Hz.avi,zero,sin-zero-4Hz-dar20.wav,0,dar,2,0.241990089416504,1701357629.4162
2,7,9,Theta,1024-sin-4Hz.avi,oneeighty,sin-oneeighty-4Hz-acoustic1.wav,180,acoustic,5,0.288594961166382,1701357635.25774
2,7,10,Theta,1033-sin-4Hz.avi,oneeighty,sin-oneeighty-4Hz-orch20.wav,180,orch,1,0.712754964828491,1701357640.25755
2,7,11,Theta,1044-sin-4Hz.avi,oneeighty,sin-oneeighty-4Hz-choir14.wav,180,choir,4,0.342700004577637,1701357646.89958
2,7,12,Theta,1051-sin-4Hz.avi,zero,sin-zero-4Hz-acoustic14.wav,0,acoustic,4,0.36088490486145,1701357652.0493
2,7,13,Theta,1014-sin-4Hz.avi,zero,sin-zero-4Hz-acoustic23.wav,0,acoustic,4,0.249751091003418,1701357657.61646
2,7,14,Theta,1013-sin-4Hz.avi,oneeighty,sin-oneeighty-4Hz-dar22.wav,180,dar,2,0.971249103546143,1701357662.57492
2,7,15,Theta,1003-sin-4Hz.avi,zero,sin-zero-4Hz-choir6.wav,0,choir,2,0.730885982513428,1701357667.98326
2,7,16,Theta,1002-sin-4Hz.avi,zero,sin-zero-4Hz-choir2.wav,0,choir,4,1.89846611022949,1701357674.19168
