respMat_ 1,respMat_ 2,respMat_ 3,respMat_ 4,respMat_ 5,respMat_ 6,respMat_ 7,respMat_ 8,respMat_ 9,respMat_10,respMat_11,respMat_12
15,1,1,Theta,1018-sin-4Hz.avi,oneeighty,sin-oneeighty-4Hz-choir21.wav,180,choir,1,3.07885813713074,1702467224.18817
15,1,2,Theta,1029-sin-4Hz.avi,oneeighty,sin-oneeighty-4Hz-orch22.wav,180,orch,3,2.17320799827576,1702467232.82181
15,1,3,Theta,1003-sin-4Hz.avi,oneeighty,sin-oneeighty-4Hz-dar17.wav,180,dar,3,5.1742959022522,1702467241.19659
15,1,4,Theta,1010-sin-4Hz.avi,oneeighty,sin-oneeighty-4Hz-acoustic25.wav,180,acoustic,3,3.10690879821777,1702467252.27198
15,1,5,Theta,1023-sin-4Hz.avi,zero,sin-zero-4Hz-orch3.wav,0,orch,2,0.595046997070312,1702467260.27195
15,1,6,Theta,1049-sin-4Hz.avi,zero,sin-zero-4Hz-dar22.wav,0,dar,3,3.6401629447937,1702467266.53877
15,1,7,Theta,1013-sin-4Hz.avi,zero,sin-zero-4Hz-choir23.wav,0,choir,2,4.75130701065063,1702467275.5556
15,1,8,Theta,1016-sin-4Hz.avi,oneeighty,sin-oneeighty-4Hz-dar20.wav,180,dar,2,2.14806485176086,1702467286.04685
15,1,9,Theta,1048-sin-4Hz.avi,oneeighty,sin-oneeighty-4Hz-orch4.wav,180,orch,1,0.329220771789551,1702467292.50563
15,1,10,Theta,1061-sin-4Hz.avi,zero,sin-zero-4Hz-dar10.wav,0,dar,1,2.08643317222595,1702467297.58048
15,1,11,Theta,1027-sin-4Hz.avi,zero,sin-zero-4Hz-choir7.wav,0,choir,1,2.66540694236755,1702467304.90545
15,1,12,Theta,1033-sin-4Hz.avi,zero,sin-zero-4Hz-acoustic32.wav,0,acoustic,2,2.86467480659485,1702467311.92217
15,1,13,Theta,1015-sin-4Hz.avi,oneeighty,sin-oneeighty-4Hz-choir18.wav,180,choir,3,2.81520700454712,1702467320.75577
15,1,14,Theta,1012-sin-4Hz.avi,oneeighty,sin-oneeighty-4Hz-acoustic14.wav,180,acoustic,4,0.632781028747559,1702467329.11416
15,1,15,Theta,1066-sin-4Hz.avi,zero,sin-zero-4Hz-orch5.wav,0,orch,2,0.957548141479492,1702467335.18937
15,1,16,Theta,1030-sin-4Hz.avi,zero,sin-zero-4Hz-acoustic11.wav,0,acoustic,3,3.82790493965149,1702467342.43107
