respMat_ 1,respMat_ 2,respMat_ 3,respMat_ 4,respMat_ 5,respMat_ 6,respMat_ 7,respMat_ 8,respMat_ 9,respMat_10,respMat_11,respMat_12
21,7,1,Theta,1037-sin-4Hz.avi,oneeighty,sin-oneeighty-4Hz-dar17.wav,180,dar,5,0.844728946685791,1705326224.66761
21,7,2,Theta,1023-sin-4Hz.avi,zero,sin-zero-4Hz-orch15.wav,0,orch,5,0.484193086624146,1705326230.88417
21,7,3,Theta,1053-sin-4Hz.avi,zero,sin-zero-4Hz-choir23.wav,0,choir,5,0.333657026290894,1705326236.44266
21,7,4,Theta,1025-sin-4Hz.avi,zero,sin-zero-4Hz-dar2.wav,0,dar,3,1.05394005775452,1705326241.43438
21,7,5,Theta,1034-sin-4Hz.avi,zero,sin-zero-4Hz-acoustic7.wav,0,acoustic,3,1.86843013763428,1705326247.86778
21,7,6,Theta,1027-sin-4Hz.avi,zero,sin-zero-4Hz-orch20.wav,0,orch,1,0.709136009216309,1705326254.85113
21,7,7,Theta,1012-sin-4Hz.avi,oneeighty,sin-oneeighty-4Hz-choir6.wav,180,choir,5,1.01893997192383,1705326260.90926
21,7,8,Theta,1004-sin-4Hz.avi,zero,sin-zero-4Hz-choir14.wav,0,choir,5,1.29690504074097,1705326266.55135
21,7,9,Theta,1052-sin-4Hz.avi,zero,sin-zero-4Hz-dar22.wav,0,dar,5,0.410633087158203,1705326274.1096
21,7,10,Theta,1014-sin-4Hz.avi,oneeighty,sin-oneeighty-4Hz-acoustic23.wav,180,acoustic,5,0.545663118362427,1705326279.94254
21,7,11,Theta,1048-sin-4Hz.avi,oneeighty,sin-oneeighty-4Hz-orch4.wav,180,orch,1,0.315342903137207,1705326285.88481
21,7,12,Theta,1002-sin-4Hz.avi,oneeighty,sin-oneeighty-4Hz-acoustic25.wav,180,acoustic,5,0.399628877639771,1705326291.19253
21,7,13,Theta,1017-sin-4Hz.avi,oneeighty,sin-oneeighty-4Hz-dar20.wav,180,dar,1,1.08725500106812,1705326295.99285
21,7,14,Theta,1018-sin-4Hz.avi,oneeighty,sin-oneeighty-4Hz-choir21.wav,180,choir,3,0.473455905914307,1705326302.33457
21,7,15,Theta,1043-sin-4Hz.avi,oneeighty,sin-oneeighty-4Hz-orch23.wav,180,orch,1,0.367856979370117,1705326307.57614
21,7,16,Theta,1022-sin-4Hz.avi,zero,sin-zero-4Hz-acoustic11.wav,0,acoustic,5,0.333384990692139,1705326313.22658
