respMat_ 1,respMat_ 2,respMat_ 3,respMat_ 4,respMat_ 5,respMat_ 6,respMat_ 7,respMat_ 8,respMat_ 9,respMat_10,respMat_11,respMat_12
18,3,1,Theta,1022-sin-4Hz.avi,oneeighty,sin-oneeighty-4Hz-orch5.wav,180,orch,3,1.48485612869263,1702480551.86141
18,3,2,Theta,1061-sin-4Hz.avi,oneeighty,sin-oneeighty-4Hz-acoustic7.wav,180,acoustic,3,1.9759349822998,1702480558.58631
18,3,3,Theta,1003-sin-4Hz.avi,zero,sin-zero-4Hz-acoustic34.wav,0,acoustic,3,0.276743173599243,1702480565.66155
18,3,4,Theta,1012-sin-4Hz.avi,zero,sin-zero-4Hz-acoustic25.wav,0,acoustic,1,0.259355068206787,1702480570.49497
18,3,5,Theta,1052-sin-4Hz.avi,oneeighty,sin-oneeighty-4Hz-choir15.wav,180,choir,2,1.13949084281921,1702480576.70276
18,3,6,Theta,1053-sin-4Hz.avi,oneeighty,sin-oneeighty-4Hz-choir7.wav,180,choir,2,0.890002012252808,1702480582.7283
18,3,7,Theta,1048-sin-4Hz.avi,zero,sin-zero-4Hz-dar20.wav,0,dar,3,0.904335975646973,1702480588.56992
18,3,8,Theta,1017-sin-4Hz.avi,zero,sin-zero-4Hz-orch4.wav,0,orch,1,0.332787036895752,1702480594.85354
18,3,9,Theta,1029-sin-4Hz.avi,zero,sin-zero-4Hz-choir18.wav,0,choir,2,0.896985054016113,1702480599.5533
18,3,10,Theta,1033-sin-4Hz.avi,oneeighty,sin-oneeighty-4Hz-dar22.wav,180,dar,4,1.41816306114197,1702480606.32828
18,3,11,Theta,1034-sin-4Hz.avi,oneeighty,sin-oneeighty-4Hz-dar11.wav,180,dar,4,2.27360415458679,1702480612.92864
18,3,12,Theta,1030-sin-4Hz.avi,oneeighty,sin-oneeighty-4Hz-orch15.wav,180,orch,3,1.04995894432068,1702480619.72034
18,3,13,Theta,1013-sin-4Hz.avi,oneeighty,sin-oneeighty-4Hz-acoustic32.wav,180,acoustic,4,5.04757618904114,1702480625.57863
18,3,14,Theta,1018-sin-4Hz.avi,zero,sin-zero-4Hz-orch22.wav,0,orch,1,0.324851989746094,1702480635.6456
18,3,15,Theta,1037-sin-4Hz.avi,zero,sin-zero-4Hz-dar13.wav,0,dar,3,2.03960394859314,1702480640.57068
18,3,16,Theta,1043-sin-4Hz.avi,zero,sin-zero-4Hz-choir2.wav,0,choir,1,0.658782958984375,1702480648.09554
