respMat_ 1,respMat_ 2,respMat_ 3,respMat_ 4,respMat_ 5,respMat_ 6,respMat_ 7,respMat_ 8,respMat_ 9,respMat_10,respMat_11,respMat_12
19,7,1,Theta,1006-sin-4Hz.avi,oneeighty,sin-oneeighty-4Hz-acoustic34.wav,180,acoustic,2,0.244481801986694,1702565421.81809
19,7,2,Theta,1053-sin-4Hz.avi,zero,sin-zero-4Hz-orch5.wav,0,orch,2,0.307013034820557,1702565427.05158
19,7,3,Theta,1024-sin-4Hz.avi,zero,sin-zero-4Hz-dar2.wav,0,dar,2,0.499313831329346,1702565433.64329
19,7,4,Theta,1017-sin-4Hz.avi,oneeighty,sin-oneeighty-4Hz-dar12.wav,180,dar,2,0.564341068267822,1702565439.41829
19,7,5,Theta,1027-sin-4Hz.avi,zero,sin-zero-4Hz-acoustic11.wav,0,acoustic,2,2.0079231262207,1702565445.5267
19,7,6,Theta,1030-sin-4Hz.avi,zero,sin-zero-4Hz-orch3.wav,0,orch,2,0.339196920394897,1702565452.84344
19,7,7,Theta,1013-sin-4Hz.avi,zero,sin-zero-4Hz-choir14.wav,0,choir,2,0.197436094284058,1702565457.78519
19,7,8,Theta,1012-sin-4Hz.avi,oneeighty,sin-oneeighty-4Hz-choir18.wav,180,choir,3,0.28242301940918,1702565463.86024
19,7,9,Theta,1043-sin-4Hz.avi,oneeighty,sin-oneeighty-4Hz-orch22.wav,180,orch,2,1.81260585784912,1702565469.78608
19,7,10,Theta,1016-sin-4Hz.avi,oneeighty,sin-oneeighty-4Hz-acoustic23.wav,180,acoustic,2,0.812098979949951,1702565477.81058
19,7,11,Theta,1003-sin-4Hz.avi,oneeighty,sin-oneeighty-4Hz-orch24.wav,180,orch,2,0.691871881484985,1702565484.61882
19,7,12,Theta,1066-sin-4Hz.avi,zero,sin-zero-4Hz-dar11.wav,0,dar,2,0.702210187911987,1702565490.56048
19,7,13,Theta,1018-sin-4Hz.avi,oneeighty,sin-oneeighty-4Hz-dar13.wav,180,dar,2,0.73599100112915,1702565497.31072
19,7,14,Theta,1014-sin-4Hz.avi,oneeighty,sin-oneeighty-4Hz-choir2.wav,180,choir,2,1.42501306533813,1702565503.08568
19,7,15,Theta,1061-sin-4Hz.avi,zero,sin-zero-4Hz-choir23.wav,0,choir,2,0.912923097610474,1702565509.08578
19,7,16,Theta,1004-sin-4Hz.avi,zero,sin-zero-4Hz-acoustic1.wav,0,acoustic,2,1.09217286109924,1702565516.20258
