respMat_ 1,respMat_ 2,respMat_ 3,respMat_ 4,respMat_ 5,respMat_ 6,respMat_ 7,respMat_ 8,respMat_ 9,respMat_10,respMat_11,respMat_12
10,6,1,Theta,1044-sin-4Hz.avi,oneeighty,sin-oneeighty-4Hz-choir15.wav,180,choir,3,0.310340166091919,1701960754.86708
10,6,2,Theta,1033-sin-4Hz.avi,oneeighty,sin-oneeighty-4Hz-orch3.wav,180,orch,5,0.312036037445068,1701960761.23341
10,6,3,Theta,1043-sin-4Hz.avi,zero,sin-zero-4Hz-dar12.wav,0,dar,2,0.311066865921021,1701960766.45046
10,6,4,Theta,1012-sin-4Hz.avi,zero,sin-zero-4Hz-choir2.wav,0,choir,5,0.283006906509399,1701960771.9505
10,6,5,Theta,1018-sin-4Hz.avi,zero,sin-zero-4Hz-orch22.wav,0,orch,5,0.846305131912231,1701960777.86725
10,6,6,Theta,1023-sin-4Hz.avi,oneeighty,sin-oneeighty-4Hz-dar2.wav,180,dar,2,0.313585996627808,1701960784.78395
10,6,7,Theta,1061-sin-4Hz.avi,oneeighty,sin-oneeighty-4Hz-acoustic1.wav,180,acoustic,5,0.296791076660156,1701960791.21682
10,6,8,Theta,1026-sin-4Hz.avi,zero,sin-zero-4Hz-dar20.wav,0,dar,5,0.311852931976318,1701960796.03375
10,6,9,Theta,1049-sin-4Hz.avi,oneeighty,sin-oneeighty-4Hz-acoustic7.wav,180,acoustic,5,0.334403038024902,1701960802.26729
10,6,10,Theta,1015-sin-4Hz.avi,zero,sin-zero-4Hz-acoustic14.wav,0,acoustic,5,0.653398990631104,1701960807.88423
10,6,11,Theta,1003-sin-4Hz.avi,zero,sin-zero-4Hz-orch23.wav,0,orch,2,0.381850957870483,1701960812.87575
10,6,12,Theta,1051-sin-4Hz.avi,zero,sin-zero-4Hz-choir6.wav,0,choir,1,0.241831064224243,1701960818.3758
10,6,13,Theta,1022-sin-4Hz.avi,oneeighty,sin-oneeighty-4Hz-choir14.wav,180,choir,4,0.152139902114868,1701960823.2175
10,6,14,Theta,1037-sin-4Hz.avi,zero,sin-zero-4Hz-acoustic23.wav,0,acoustic,5,0.878049850463867,1701960828.07561
10,6,15,Theta,1013-sin-4Hz.avi,oneeighty,sin-oneeighty-4Hz-orch20.wav,180,orch,3,0.302947998046875,1701960835.24273
10,6,16,Theta,1052-sin-4Hz.avi,oneeighty,sin-oneeighty-4Hz-dar10.wav,180,dar,5,0.598752975463867,1701960841.44297
