respMat_ 1,respMat_ 2,respMat_ 3,respMat_ 4,respMat_ 5,respMat_ 6,respMat_ 7,respMat_ 8,respMat_ 9,respMat_10,respMat_11,respMat_12
3,6,1,Theta,1015-sin-4Hz.avi,oneeighty,sin-oneeighty-4Hz-dar12.wav,180,dar,1,0.3957200050354,1701694123.62941
3,6,2,Theta,1017-sin-4Hz.avi,oneeighty,sin-oneeighty-4Hz-orch22.wav,180,orch,3,0.280133008956909,1701694129.12102
3,6,3,Theta,1013-sin-4Hz.avi,zero,sin-zero-4Hz-dar10.wav,0,dar,1,0.338519096374512,1701694134.8546
3,6,4,Theta,1066-sin-4Hz.avi,zero,sin-zero-4Hz-orch15.wav,0,orch,4,0.236035108566284,1701694139.82099
3,6,5,Theta,1049-sin-4Hz.avi,zero,sin-zero-4Hz-choir23.wav,0,choir,2,0.252140998840332,1701694145.21288
3,6,6,Theta,1004-sin-4Hz.avi,zero,sin-zero-4Hz-acoustic32.wav,0,acoustic,4,0.352120876312256,1701694149.9129
3,6,7,Theta,1016-sin-4Hz.avi,oneeighty,sin-oneeighty-4Hz-choir21.wav,180,choir,1,0.432399988174438,1701694155.30464
3,6,8,Theta,1033-sin-4Hz.avi,zero,sin-zero-4Hz-orch3.wav,0,orch,4,1.67621302604675,1701694161.61293
3,6,9,Theta,1010-sin-4Hz.avi,oneeighty,sin-oneeighty-4Hz-orch23.wav,180,orch,3,0.201408863067627,1701694168.4799
3,6,10,Theta,1037-sin-4Hz.avi,oneeighty,sin-oneeighty-4Hz-acoustic23.wav,180,acoustic,4,0.30867600440979,1701694174.78822
3,6,11,Theta,1018-sin-4Hz.avi,oneeighty,sin-oneeighty-4Hz-choir6.wav,180,choir,3,0.611824035644531,1701694179.41325
3,6,12,Theta,1030-sin-4Hz.avi,zero,sin-zero-4Hz-choir7.wav,0,choir,2,0.175318956375122,1701694185.52974
3,6,13,Theta,1053-sin-4Hz.avi,zero,sin-zero-4Hz-dar11.wav,0,dar,2,0.157243013381958,1701694190.97179
3,6,14,Theta,1003-sin-4Hz.avi,oneeighty,sin-oneeighty-4Hz-dar17.wav,180,dar,4,0.497754096984863,1701694197.06342
3,6,15,Theta,1048-sin-4Hz.avi,oneeighty,sin-oneeighty-4Hz-acoustic34.wav,180,acoustic,4,0.263329029083252,1701694203.3136
3,6,16,Theta,1024-sin-4Hz.avi,zero,sin-zero-4Hz-acoustic1.wav,0,acoustic,4,0.246732950210571,1701694208.93021
