respMat_ 1,respMat_ 2,respMat_ 3,respMat_ 4,respMat_ 5,respMat_ 6,respMat_ 7,respMat_ 8,respMat_ 9,respMat_10,respMat_11,respMat_12
8,6,1,Theta,1027-sin-4Hz.avi,oneeighty,sin-oneeighty-4Hz-acoustic1.wav,180,acoustic,1,1.54159998893738,1705496149.05252
8,6,2,Theta,1002-sin-4Hz.avi,zero,sin-zero-4Hz-dar17.wav,0,dar,5,1.07221102714539,1705496156.38584
8,6,3,Theta,1006-sin-4Hz.avi,zero,sin-zero-4Hz-orch22.wav,0,orch,4,1.16912603378296,1705496162.96094
8,6,4,Theta,1044-sin-4Hz.avi,oneeighty,sin-oneeighty-4Hz-acoustic32.wav,180,acoustic,3,0.967153072357178,1705496169.00288
8,6,5,Theta,1017-sin-4Hz.avi,zero,sin-zero-4Hz-acoustic25.wav,0,acoustic,4,0.31844687461853,1705496174.41959
8,6,6,Theta,1013-sin-4Hz.avi,oneeighty,sin-oneeighty-4Hz-choir23.wav,180,choir,1,1.84411692619324,1705496180.07788
8,6,7,Theta,1049-sin-4Hz.avi,oneeighty,sin-oneeighty-4Hz-orch15.wav,180,orch,4,0.317321062088013,1705496186.85269
8,6,8,Theta,1048-sin-4Hz.avi,zero,sin-zero-4Hz-acoustic34.wav,0,acoustic,5,0.399646997451782,1705496191.58635
8,6,9,Theta,1043-sin-4Hz.avi,zero,sin-zero-4Hz-dar20.wav,0,dar,1,0.298219919204712,1705496196.72775
8,6,10,Theta,1052-sin-4Hz.avi,oneeighty,sin-oneeighty-4Hz-dar10.wav,180,dar,5,1.13500618934631,1705496201.60296
8,6,11,Theta,1004-sin-4Hz.avi,oneeighty,sin-oneeighty-4Hz-dar22.wav,180,dar,4,1.18664693832397,1705496208.31932
8,6,12,Theta,1033-sin-4Hz.avi,oneeighty,sin-oneeighty-4Hz-orch3.wav,180,orch,4,2.51311802864075,1705496215.15282
8,6,13,Theta,1012-sin-4Hz.avi,zero,sin-zero-4Hz-choir21.wav,0,choir,5,0.38897180557251,1705496223.24494
8,6,14,Theta,1016-sin-4Hz.avi,zero,sin-zero-4Hz-choir6.wav,0,choir,3,0.975042104721069,1705496229.60289
8,6,15,Theta,1010-sin-4Hz.avi,zero,sin-zero-4Hz-orch24.wav,0,orch,3,1.66657590866089,1705496236.11133
8,6,16,Theta,1053-sin-4Hz.avi,oneeighty,sin-oneeighty-4Hz-choir15.wav,180,choir,1,0.388123035430908,1705496242.66981
