﻿Participant,Quantity,Quality,Delay
1,7,Very good,long
2,9,Very good,long
3,7,Fairly good,long
4,8,Fairly bad,long
5,7,Fairly good,long
6,5,Fairly good,long
7,7,Fairly good,long
8,5,Fairly good,long
9,7,Fairly good,long
10,8,Very good,long
11,8,Very good,long
12,6,Fairly good,long
13,6,Fairly good,long
14,9,Fairly good,long
15,7,Very good,long
16,4,Fairly good,long
17,5,Fairly bad,long
18,8,Fairly good,long
19,5,Fairly good,long
20,7,Very good,long
21,3,Very bad,long
22,8,Very good,long
23,11,Very good,long
24,8,Fairly good,long