﻿Participant,Quantity,Quality,Delay
1,4,Fairly good,short
2,7,Fairly good,short
3,8,Fairly good,short
4,8,Fairly good,short
5,9,Very good,short
6,7,Fairly good,short
7,8,Fairly good,short
8,7,Fairly good,short
9,6,Fairly good,short
10,7,Fairly good,short
11,8,Fairly good,short
12,8,Very good,short
13,5,Fairly bad,short
14,3,Fairly good,short
15,6,Fairly good,short
16,6,Fairly good,short
17,8,Very good,short
18,6,Fairly good,short
19,8,Fairly good,short
20,7,Fairly good,short
21,8,Fairly good,short
22,8,Fairly bad,short
23,6,Fairly good,short
24,7,Fairly good,short